fixture_id,strategy,repeat,step_idx,chosen,expected,correct,confidence,probabilities_json,goal_noul,state_tokens,input_tokens,latency_ms,model
kill whatever's on port 3000,truncated,0,0,port_listeners,port_listeners,1,0.99,"{""git_log"": 0.0, ""find_files"": 0.0, ""read_file"": 0.0, ""git_status"": 0.0, ""kill_process"": 0.0, ""list_files"": 0.0, ""port_listeners"": 1.0, ""done"": 0.0, ""disk_usage"": 0.0, ""tail_log"": 0.0, ""search_content"": 0.0, ""cannot_proceed"": 0.0, ""process_list"": 0.0}",0.07,14,1459,943.5,jev-1.13.0
kill whatever's on port 3000,truncated,0,1,kill_process,kill_process,1,1.0,"{""done"": 0.0, ""disk_usage"": 0.0, ""read_file"": 0.0, ""list_files"": 0.0, ""search_content"": 0.0, ""process_list"": 0.0, ""git_status"": 0.0, ""kill_process"": 1.0, ""port_listeners"": 0.0, ""git_log"": 0.0, ""cannot_proceed"": 0.0, ""tail_log"": 0.0, ""find_files"": 0.0}",0.03,59,1547,320.3,jev-1.13.0
kill whatever's on port 3000,truncated,0,2,kill_process,done,0,0.45,"{""read_file"": 0.0, ""process_list"": 0.01, ""done"": 0.2, ""find_files"": 0.0, ""cannot_proceed"": 0.05, ""tail_log"": 0.0, ""kill_process"": 0.51, ""git_log"": 0.0, ""git_status"": 0.0, ""search_content"": 0.0, ""disk_usage"": 0.0, ""list_files"": 0.0, ""port_listeners"": 0.23}",0.39,75,1574,362.8,jev-1.13.0
kill whatever's on port 3000,truncated,0,3,kill_process,done,0,0.53,"{""list_files"": 0.0, ""port_listeners"": 0.34, ""kill_process"": 0.57, ""disk_usage"": 0.0, ""read_file"": 0.0, ""git_log"": 0.0, ""done"": 0.05, ""process_list"": 0.01, ""find_files"": 0.0, ""git_status"": 0.0, ""search_content"": 0.0, ""cannot_proceed"": 0.03, ""tail_log"": 0.0}",0.26,91,1601,224.7,jev-1.13.0
kill whatever's on port 3000,truncated,0,4,kill_process,done,0,0.53,"{""disk_usage"": 0.0, ""process_list"": 0.01, ""git_status"": 0.0, ""list_files"": 0.0, ""search_content"": 0.0, ""done"": 0.04, ""read_file"": 0.0, ""git_log"": 0.0, ""port_listeners"": 0.35, ""kill_process"": 0.57, ""find_files"": 0.0, ""tail_log"": 0.0, ""cannot_proceed"": 0.03}",0.24,107,1628,276.2,jev-1.13.0
kill whatever's on port 3000,truncated,0,5,kill_process,done,0,0.42,"{""port_listeners"": 0.47000000000000003, ""list_files"": 0.0, ""disk_usage"": 0.0, ""tail_log"": 0.0, ""git_log"": 0.0, ""done"": 0.03, ""read_file"": 0.0, ""search_content"": 0.0, ""process_list"": 0.01, ""cannot_proceed"": 0.03, ""kill_process"": 0.46, ""git_status"": 0.0, ""find_files"": 0.0}",0.21,122,1655,270.8,jev-1.13.0
kill the process eating the most CPU,truncated,0,0,process_list,process_list,1,1.0,"{""find_files"": 0.0, ""git_log"": 0.0, ""process_list"": 1.0, ""git_status"": 0.0, ""disk_usage"": 0.0, ""kill_process"": 0.0, ""cannot_proceed"": 0.0, ""list_files"": 0.0, ""read_file"": 0.0, ""search_content"": 0.0, ""done"": 0.0, ""port_listeners"": 0.0, ""tail_log"": 0.0}",0.03,16,1456,311.2,jev-1.13.0
kill the process eating the most CPU,truncated,0,1,kill_process,kill_process,1,1.0,"{""tail_log"": 0.0, ""git_log"": 0.0, ""read_file"": 0.0, ""cannot_proceed"": 0.0, ""done"": 0.0, ""kill_process"": 1.0, ""list_files"": 0.0, ""process_list"": 0.0, ""disk_usage"": 0.0, ""git_status"": 0.0, ""find_files"": 0.0, ""search_content"": 0.0, ""port_listeners"": 0.0}",0.04,55,1533,316.5,jev-1.13.0
kill the process eating the most CPU,truncated,0,2,kill_process,done,0,0.55,"{""git_status"": 0.0, ""search_content"": 0.0, ""port_listeners"": 0.0, ""read_file"": 0.0, ""process_list"": 0.05, ""disk_usage"": 0.0, ""tail_log"": 0.0, ""kill_process"": 0.58, ""git_log"": 0.0, ""done"": 0.32, ""find_files"": 0.0, ""cannot_proceed"": 0.05, ""list_files"": 0.0}",0.3,70,1560,224.6,jev-1.13.0
kill the process eating the most CPU,truncated,0,3,kill_process,done,0,0.72,"{""search_content"": 0.0, ""git_status"": 0.0, ""cannot_proceed"": 0.03, ""process_list"": 0.17, ""done"": 0.06, ""find_files"": 0.0, ""list_files"": 0.0, ""tail_log"": 0.0, ""disk_usage"": 0.0, ""kill_process"": 0.74, ""git_log"": 0.0, ""read_file"": 0.0, ""port_listeners"": 0.0}",0.22,86,1587,301.2,jev-1.13.0
kill the process eating the most CPU,truncated,0,4,kill_process,done,0,0.56,"{""kill_process"": 0.6, ""find_files"": 0.0, ""git_log"": 0.0, ""tail_log"": 0.0, ""read_file"": 0.0, ""process_list"": 0.31, ""port_listeners"": 0.0, ""done"": 0.05, ""disk_usage"": 0.0, ""git_status"": 0.0, ""cannot_proceed"": 0.04, ""search_content"": 0.0, ""list_files"": 0.0}",0.21,102,1614,273.4,jev-1.13.0
kill the process eating the most CPU,truncated,0,5,kill_process,done,0,0.47,"{""done"": 0.04, ""git_log"": 0.0, ""git_status"": 0.0, ""list_files"": 0.0, ""search_content"": 0.0, ""process_list"": 0.39, ""read_file"": 0.0, ""kill_process"": 0.52, ""port_listeners"": 0.0, ""tail_log"": 0.0, ""cannot_proceed"": 0.05, ""disk_usage"": 0.0, ""find_files"": 0.0}",0.18,118,1641,317.2,jev-1.13.0
tail the log that changed most recently,truncated,0,0,find_files,find_files,1,0.98,"{""git_status"": 0.0, ""search_content"": 0.0, ""port_listeners"": 0.0, ""read_file"": 0.0, ""process_list"": 0.0, ""disk_usage"": 0.0, ""tail_log"": 0.0, ""kill_process"": 0.0, ""git_log"": 0.0, ""done"": 0.0, ""find_files"": 0.99, ""cannot_proceed"": 0.0, ""list_files"": 0.01}",0.04,16,1456,235.9,jev-1.13.0
tail the log that changed most recently,truncated,0,1,tail_log,tail_log,1,1.0,"{""kill_process"": 0.0, ""disk_usage"": 0.0, ""list_files"": 0.0, ""tail_log"": 1.0, ""read_file"": 0.0, ""git_status"": 0.0, ""search_content"": 0.0, ""find_files"": 0.0, ""done"": 0.0, ""cannot_proceed"": 0.0, ""port_listeners"": 0.0, ""git_log"": 0.0, ""process_list"": 0.0}",0.07,59,1553,262.3,jev-1.13.0
tail the log that changed most recently,truncated,0,2,done,done,1,0.99,"{""cannot_proceed"": 0.0, ""tail_log"": 0.01, ""git_log"": 0.0, ""list_files"": 0.0, ""find_files"": 0.0, ""port_listeners"": 0.0, ""search_content"": 0.0, ""read_file"": 0.0, ""kill_process"": 0.0, ""disk_usage"": 0.0, ""process_list"": 0.0, ""done"": 0.99, ""git_status"": 0.0}",0.94,90,1608,253.7,jev-1.13.0
what's using the most disk space here,truncated,0,0,disk_usage,disk_usage,1,1.0,"{""git_log"": 0.0, ""tail_log"": 0.0, ""disk_usage"": 1.0, ""git_status"": 0.0, ""process_list"": 0.0, ""port_listeners"": 0.0, ""find_files"": 0.0, ""search_content"": 0.0, ""cannot_proceed"": 0.0, ""list_files"": 0.0, ""read_file"": 0.0, ""kill_process"": 0.0, ""done"": 0.0}",0.03,16,1457,238.8,jev-1.13.0
what's using the most disk space here,truncated,0,1,done,done,1,0.72,"{""kill_process"": 0.0, ""read_file"": 0.0, ""cannot_proceed"": 0.0, ""disk_usage"": 0.08, ""list_files"": 0.13, ""git_log"": 0.0, ""tail_log"": 0.0, ""search_content"": 0.0, ""find_files"": 0.05, ""process_list"": 0.0, ""git_status"": 0.0, ""port_listeners"": 0.0, ""done"": 0.74}",0.87,40,1505,250.2,jev-1.13.0
restart the database,truncated,0,0,cannot_proceed,cannot_proceed,1,0.76,"{""git_status"": 0.0, ""process_list"": 0.14, ""read_file"": 0.0, ""port_listeners"": 0.01, ""tail_log"": 0.01, ""done"": 0.0, ""find_files"": 0.01, ""disk_usage"": 0.0, ""kill_process"": 0.04, ""search_content"": 0.01, ""cannot_proceed"": 0.78, ""list_files"": 0.0, ""git_log"": 0.0}",0.06,12,1452,258.9,jev-1.13.0
which files have uncommitted changes,truncated,0,0,git_status,git_status,1,0.49,"{""git_status"": 0.53, ""read_file"": 0.0, ""cannot_proceed"": 0.0, ""port_listeners"": 0.0, ""done"": 0.47, ""find_files"": 0.0, ""search_content"": 0.0, ""process_list"": 0.0, ""list_files"": 0.0, ""tail_log"": 0.0, ""git_log"": 0.0, ""kill_process"": 0.0, ""disk_usage"": 0.0}",0.64,16,1456,244.8,jev-1.13.0
which files have uncommitted changes,truncated,0,1,done,done,1,0.98,"{""list_files"": 0.0, ""port_listeners"": 0.0, ""disk_usage"": 0.0, ""kill_process"": 0.0, ""read_file"": 0.01, ""git_log"": 0.0, ""done"": 0.98, ""process_list"": 0.0, ""find_files"": 0.0, ""git_status"": 0.01, ""search_content"": 0.0, ""cannot_proceed"": 0.0, ""tail_log"": 0.0}",0.94,44,1498,278.4,jev-1.13.0
show me the commit history for this repo,truncated,0,0,git_log,git_log,1,1.0,"{""read_file"": 0.0, ""process_list"": 0.0, ""git_status"": 0.0, ""cannot_proceed"": 0.0, ""find_files"": 0.0, ""tail_log"": 0.0, ""kill_process"": 0.0, ""disk_usage"": 0.0, ""search_content"": 0.0, ""git_log"": 1.0, ""done"": 0.0, ""list_files"": 0.0, ""port_listeners"": 0.0}",0.03,17,1457,258.0,jev-1.13.0
show me the commit history for this repo,truncated,0,1,done,done,1,0.99,"{""list_files"": 0.0, ""process_list"": 0.0, ""cannot_proceed"": 0.0, ""kill_process"": 0.0, ""git_status"": 0.0, ""disk_usage"": 0.0, ""find_files"": 0.0, ""git_log"": 0.0, ""done"": 1.0, ""port_listeners"": 0.0, ""read_file"": 0.0, ""search_content"": 0.0, ""tail_log"": 0.0}",0.95,64,1536,266.7,jev-1.13.0
what files are in the internal directory of the glow project,truncated,0,0,list_files,list_files,1,0.95,"{""tail_log"": 0.0, ""git_log"": 0.0, ""read_file"": 0.0, ""done"": 0.0, ""cannot_proceed"": 0.0, ""kill_process"": 0.0, ""list_files"": 0.96, ""process_list"": 0.0, ""port_listeners"": 0.0, ""search_content"": 0.0, ""find_files"": 0.04, ""git_status"": 0.0, ""disk_usage"": 0.0}",0.03,22,1460,306.3,jev-1.13.0
what files are in the internal directory of the glow project,truncated,0,1,done,done,1,0.89,"{""disk_usage"": 0.0, ""tail_log"": 0.0, ""search_content"": 0.0, ""find_files"": 0.0, ""git_status"": 0.0, ""cannot_proceed"": 0.0, ""done"": 0.9, ""port_listeners"": 0.0, ""list_files"": 0.09, ""read_file"": 0.01, ""kill_process"": 0.0, ""process_list"": 0.0, ""git_log"": 0.0}",0.78,41,1496,286.6,jev-1.13.0
show me the contents of the go module file,truncated,0,0,read_file,read_file,1,0.98,"{""cannot_proceed"": 0.0, ""list_files"": 0.01, ""git_status"": 0.0, ""git_log"": 0.0, ""find_files"": 0.01, ""disk_usage"": 0.0, ""kill_process"": 0.0, ""tail_log"": 0.0, ""read_file"": 0.98, ""search_content"": 0.0, ""process_list"": 0.0, ""port_listeners"": 0.0, ""done"": 0.0}",0.03,17,1458,248.9,jev-1.13.0
show me the contents of the go module file,truncated,0,1,read_file,done,0,0.64,"{""process_list"": 0.0, ""done"": 0.32, ""disk_usage"": 0.0, ""port_listeners"": 0.0, ""list_files"": 0.0, ""cannot_proceed"": 0.0, ""search_content"": 0.0, ""tail_log"": 0.0, ""kill_process"": 0.0, ""git_status"": 0.0, ""find_files"": 0.0, ""git_log"": 0.0, ""read_file"": 0.68}",0.13,43,1502,281.6,jev-1.13.0
show me the contents of the go module file,truncated,0,2,read_file,done,0,0.63,"{""process_list"": 0.0, ""done"": 0.33, ""disk_usage"": 0.0, ""port_listeners"": 0.0, ""list_files"": 0.0, ""cannot_proceed"": 0.0, ""search_content"": 0.0, ""tail_log"": 0.0, ""kill_process"": 0.0, ""git_status"": 0.0, ""find_files"": 0.0, ""git_log"": 0.0, ""read_file"": 0.67}",0.18,69,1547,318.0,jev-1.13.0
show me the contents of the go module file,truncated,0,3,read_file,done,0,0.66,"{""kill_process"": 0.0, ""tail_log"": 0.0, ""cannot_proceed"": 0.0, ""git_log"": 0.0, ""search_content"": 0.0, ""read_file"": 0.7, ""port_listeners"": 0.0, ""process_list"": 0.0, ""list_files"": 0.0, ""git_status"": 0.0, ""disk_usage"": 0.0, ""done"": 0.3, ""find_files"": 0.0}",0.14,95,1592,274.8,jev-1.13.0
show me the contents of the go module file,truncated,0,4,read_file,done,0,0.55,"{""tail_log"": 0.0, ""done"": 0.4, ""port_listeners"": 0.0, ""process_list"": 0.0, ""find_files"": 0.0, ""list_files"": 0.0, ""disk_usage"": 0.0, ""read_file"": 0.6, ""search_content"": 0.0, ""git_log"": 0.0, ""git_status"": 0.0, ""cannot_proceed"": 0.0, ""kill_process"": 0.0}",0.18,122,1637,279.9,jev-1.13.0
show me the contents of the go module file,truncated,0,5,read_file,done,0,0.66,"{""read_file"": 0.6900000000000001, ""find_files"": 0.0, ""git_log"": 0.0, ""search_content"": 0.0, ""done"": 0.3, ""list_files"": 0.0, ""port_listeners"": 0.0, ""cannot_proceed"": 0.01, ""disk_usage"": 0.0, ""tail_log"": 0.0, ""kill_process"": 0.0, ""git_status"": 0.0, ""process_list"": 0.0}",0.14,148,1682,357.6,jev-1.13.0
is anything listening on port 9999,truncated,0,0,port_listeners,port_listeners,1,0.61,"{""read_file"": 0.0, ""git_log"": 0.0, ""done"": 0.32, ""find_files"": 0.0, ""cannot_proceed"": 0.03, ""tail_log"": 0.0, ""kill_process"": 0.0, ""disk_usage"": 0.0, ""search_content"": 0.0, ""git_status"": 0.0, ""process_list"": 0.0, ""list_files"": 0.0, ""port_listeners"": 0.65}",0.72,15,1459,271.9,jev-1.13.0
is anything listening on port 9999,truncated,0,1,done,done,1,0.62,"{""cannot_proceed"": 0.01, ""list_files"": 0.0, ""git_status"": 0.0, ""git_log"": 0.0, ""kill_process"": 0.0, ""disk_usage"": 0.0, ""find_files"": 0.0, ""tail_log"": 0.0, ""read_file"": 0.0, ""search_content"": 0.0, ""process_list"": 0.02, ""port_listeners"": 0.32, ""done"": 0.65}",0.84,31,1487,245.8,jev-1.13.0
kill whichever process is using the most memory,truncated,0,0,process_list,process_list,1,1.0,"{""read_file"": 0.0, ""process_list"": 1.0, ""git_status"": 0.0, ""search_content"": 0.0, ""disk_usage"": 0.0, ""tail_log"": 0.0, ""kill_process"": 0.0, ""git_log"": 0.0, ""cannot_proceed"": 0.0, ""done"": 0.0, ""find_files"": 0.0, ""list_files"": 0.0, ""port_listeners"": 0.0}",0.03,18,1457,289.9,jev-1.13.0
kill whichever process is using the most memory,truncated,0,1,kill_process,kill_process,1,0.98,"{""port_listeners"": 0.0, ""find_files"": 0.0, ""list_files"": 0.0, ""kill_process"": 0.99, ""read_file"": 0.0, ""git_status"": 0.0, ""search_content"": 0.0, ""process_list"": 0.01, ""tail_log"": 0.0, ""disk_usage"": 0.0, ""done"": 0.0, ""cannot_proceed"": 0.0, ""git_log"": 0.0}",0.05,92,1596,297.9,jev-1.13.0
kill whichever process is using the most memory,truncated,0,2,kill_process,done,0,0.49,"{""kill_process"": 0.54, ""tail_log"": 0.0, ""cannot_proceed"": 0.05, ""git_log"": 0.0, ""search_content"": 0.0, ""read_file"": 0.0, ""list_files"": 0.0, ""process_list"": 0.03, ""port_listeners"": 0.0, ""disk_usage"": 0.0, ""git_status"": 0.0, ""done"": 0.38, ""find_files"": 0.0}",0.31,108,1623,278.3,jev-1.13.0
kill whichever process is using the most memory,truncated,0,3,kill_process,done,0,0.58,"{""kill_process"": 0.61, ""find_files"": 0.0, ""git_log"": 0.0, ""tail_log"": 0.0, ""read_file"": 0.0, ""search_content"": 0.0, ""port_listeners"": 0.0, ""cannot_proceed"": 0.03, ""disk_usage"": 0.0, ""git_status"": 0.0, ""process_list"": 0.18, ""done"": 0.18, ""list_files"": 0.0}",0.28,124,1650,232.3,jev-1.13.0
kill whichever process is using the most memory,truncated,0,4,kill_process,done,0,0.58,"{""cannot_proceed"": 0.04, ""port_listeners"": 0.0, ""disk_usage"": 0.0, ""done"": 0.13, ""list_files"": 0.0, ""process_list"": 0.21, ""git_status"": 0.0, ""tail_log"": 0.0, ""kill_process"": 0.62, ""search_content"": 0.0, ""find_files"": 0.0, ""git_log"": 0.0, ""read_file"": 0.0}",0.26,139,1677,250.0,jev-1.13.0
kill whichever process is using the most memory,truncated,0,5,kill_process,done,0,0.45,"{""done"": 0.11, ""port_listeners"": 0.0, ""git_log"": 0.0, ""git_status"": 0.0, ""list_files"": 0.0, ""kill_process"": 0.5, ""cannot_proceed"": 0.05, ""read_file"": 0.0, ""find_files"": 0.0, ""process_list"": 0.34, ""search_content"": 0.0, ""tail_log"": 0.0, ""disk_usage"": 0.0}",0.23,155,1704,367.5,jev-1.13.0
show me the file that uses the jpeg encoder library,truncated,0,0,search_content,search_content,1,0.98,"{""git_log"": 0.0, ""find_files"": 0.02, ""read_file"": 0.0, ""git_status"": 0.0, ""done"": 0.0, ""cannot_proceed"": 0.0, ""port_listeners"": 0.0, ""list_files"": 0.0, ""disk_usage"": 0.0, ""tail_log"": 0.0, ""search_content"": 0.98, ""kill_process"": 0.0, ""process_list"": 0.0}",0.03,19,1459,260.1,jev-1.13.0
show me the file that uses the jpeg encoder library,truncated,0,1,read_file,read_file,1,0.58,"{""find_files"": 0.0, ""port_listeners"": 0.0, ""git_status"": 0.0, ""list_files"": 0.0, ""search_content"": 0.0, ""done"": 0.38, ""read_file"": 0.62, ""git_log"": 0.0, ""process_list"": 0.0, ""kill_process"": 0.0, ""cannot_proceed"": 0.0, ""tail_log"": 0.0, ""disk_usage"": 0.0}",0.73,89,1560,388.0,jev-1.13.0
show me the file that uses the jpeg encoder library,truncated,0,2,read_file,done,0,0.53,"{""git_status"": 0.0, ""process_list"": 0.0, ""read_file"": 0.58, ""port_listeners"": 0.0, ""tail_log"": 0.0, ""git_log"": 0.0, ""find_files"": 0.0, ""disk_usage"": 0.0, ""list_files"": 0.0, ""search_content"": 0.0, ""cannot_proceed"": 0.0, ""kill_process"": 0.0, ""done"": 0.42}",0.72,133,1610,249.2,jev-1.13.0
show me the file that uses the jpeg encoder library,truncated,0,3,read_file,done,0,0.45,"{""read_file"": 0.51, ""process_list"": 0.0, ""git_status"": 0.0, ""find_files"": 0.0, ""done"": 0.49, ""tail_log"": 0.0, ""kill_process"": 0.0, ""git_log"": 0.0, ""search_content"": 0.0, ""disk_usage"": 0.0, ""cannot_proceed"": 0.0, ""list_files"": 0.0, ""port_listeners"": 0.0}",0.71,178,1660,298.0,jev-1.13.0
show me the file that uses the jpeg encoder library,truncated,0,4,done,done,1,0.47,"{""cannot_proceed"": 0.0, ""read_file"": 0.48, ""git_status"": 0.0, ""port_listeners"": 0.0, ""kill_process"": 0.0, ""process_list"": 0.0, ""tail_log"": 0.0, ""search_content"": 0.0, ""list_files"": 0.0, ""find_files"": 0.0, ""git_log"": 0.0, ""disk_usage"": 0.0, ""done"": 0.52}",0.71,222,1710,275.2,jev-1.13.0
find recently modified go files and show the most recent one,truncated,0,0,find_files,find_files,1,0.98,"{""cannot_proceed"": 0.0, ""port_listeners"": 0.0, ""disk_usage"": 0.0, ""done"": 0.01, ""list_files"": 0.0, ""process_list"": 0.0, ""search_content"": 0.0, ""tail_log"": 0.0, ""kill_process"": 0.0, ""git_status"": 0.0, ""find_files"": 0.99, ""git_log"": 0.0, ""read_file"": 0.0}",0.04,22,1460,223.6,jev-1.13.0
find recently modified go files and show the most recent one,truncated,0,1,find_files,read_file,0,0.43,"{""cannot_proceed"": 0.08, ""tail_log"": 0.0, ""find_files"": 0.48, ""git_log"": 0.02, ""list_files"": 0.06, ""port_listeners"": 0.0, ""search_content"": 0.0, ""read_file"": 0.24000000000000002, ""kill_process"": 0.0, ""disk_usage"": 0.0, ""process_list"": 0.0, ""done"": 0.08, ""git_status"": 0.04}",0.09,59,1516,335.2,jev-1.13.0
find recently modified go files and show the most recent one,truncated,0,2,find_files,done,0,0.45,"{""git_log"": 0.01, ""find_files"": 0.5, ""read_file"": 0.28, ""search_content"": 0.0, ""kill_process"": 0.0, ""cannot_proceed"": 0.06, ""port_listeners"": 0.0, ""done"": 0.07, ""disk_usage"": 0.0, ""tail_log"": 0.0, ""git_status"": 0.03, ""list_files"": 0.05, ""process_list"": 0.0}",0.08,97,1573,221.1,jev-1.13.0
find recently modified go files and show the most recent one,truncated,0,3,find_files,done,0,0.49,"{""port_listeners"": 0.0, ""tail_log"": 0.0, ""search_content"": 0.0, ""process_list"": 0.0, ""list_files"": 0.06, ""find_files"": 0.52, ""done"": 0.06, ""read_file"": 0.22, ""disk_usage"": 0.0, ""kill_process"": 0.0, ""cannot_proceed"": 0.09, ""git_log"": 0.01, ""git_status"": 0.04}",0.05,135,1630,261.8,jev-1.13.0
find recently modified go files and show the most recent one,truncated,0,4,find_files,done,0,0.5,"{""git_log"": 0.01, ""find_files"": 0.54, ""read_file"": 0.23, ""search_content"": 0.0, ""done"": 0.04, ""list_files"": 0.05, ""port_listeners"": 0.0, ""git_status"": 0.03, ""disk_usage"": 0.0, ""tail_log"": 0.0, ""cannot_proceed"": 0.1, ""kill_process"": 0.0, ""process_list"": 0.0}",0.04,173,1687,295.6,jev-1.13.0
find recently modified go files and show the most recent one,truncated,0,5,find_files,done,0,0.5,"{""git_log"": 0.01, ""git_status"": 0.04, ""find_files"": 0.54, ""disk_usage"": 0.0, ""process_list"": 0.0, ""cannot_proceed"": 0.09, ""kill_process"": 0.0, ""list_files"": 0.08, ""search_content"": 0.0, ""read_file"": 0.19, ""tail_log"": 0.0, ""port_listeners"": 0.0, ""done"": 0.05}",0.04,211,1744,259.4,jev-1.13.0
read whichever readme is in the skills project,truncated,0,0,find_files,list_files,0,0.88,"{""process_list"": 0.0, ""disk_usage"": 0.0, ""list_files"": 0.1, ""tail_log"": 0.0, ""read_file"": 0.01, ""git_status"": 0.0, ""search_content"": 0.0, ""find_files"": 0.89, ""done"": 0.0, ""cannot_proceed"": 0.0, ""port_listeners"": 0.0, ""git_log"": 0.0, ""kill_process"": 0.0}",0.04,18,1458,250.0,jev-1.13.0
read whichever readme is in the skills project,truncated,0,1,find_files,read_file,0,0.56,"{""cannot_proceed"": 0.0, ""read_file"": 0.07, ""done"": 0.0, ""port_listeners"": 0.0, ""kill_process"": 0.0, ""tail_log"": 0.0, ""process_list"": 0.0, ""search_content"": 0.01, ""list_files"": 0.32, ""find_files"": 0.6, ""git_log"": 0.0, ""disk_usage"": 0.0, ""git_status"": 0.0}",0.04,49,1502,309.8,jev-1.13.0
read whichever readme is in the skills project,truncated,0,2,find_files,done,0,0.57,"{""tail_log"": 0.0, ""port_listeners"": 0.0, ""kill_process"": 0.0, ""disk_usage"": 0.0, ""read_file"": 0.07, ""git_log"": 0.0, ""done"": 0.0, ""process_list"": 0.0, ""find_files"": 0.61, ""git_status"": 0.0, ""search_content"": 0.02, ""cannot_proceed"": 0.01, ""list_files"": 0.29}",0.04,80,1547,296.0,jev-1.13.0
read whichever readme is in the skills project,truncated,0,3,find_files,done,0,0.54,"{""git_status"": 0.0, ""process_list"": 0.0, ""read_file"": 0.1, ""port_listeners"": 0.0, ""tail_log"": 0.0, ""done"": 0.0, ""find_files"": 0.58, ""disk_usage"": 0.0, ""kill_process"": 0.0, ""git_log"": 0.0, ""cannot_proceed"": 0.01, ""search_content"": 0.01, ""list_files"": 0.3}",0.03,111,1592,287.5,jev-1.13.0
read whichever readme is in the skills project,truncated,0,4,find_files,done,0,0.47,"{""read_file"": 0.12, ""git_status"": 0.0, ""cannot_proceed"": 0.01, ""process_list"": 0.0, ""kill_process"": 0.0, ""search_content"": 0.01, ""disk_usage"": 0.0, ""list_files"": 0.34, ""git_log"": 0.0, ""find_files"": 0.52, ""port_listeners"": 0.0, ""tail_log"": 0.0, ""done"": 0.0}",0.03,143,1637,281.1,jev-1.13.0
read whichever readme is in the skills project,truncated,0,5,find_files,done,0,0.49,"{""port_listeners"": 0.0, ""list_files"": 0.3, ""git_status"": 0.0, ""git_log"": 0.0, ""kill_process"": 0.0, ""disk_usage"": 0.0, ""find_files"": 0.54, ""cannot_proceed"": 0.02, ""read_file"": 0.12, ""tail_log"": 0.0, ""process_list"": 0.0, ""search_content"": 0.02, ""done"": 0.0}",0.02,174,1682,346.8,jev-1.13.0
tail whichever npm log has the most content in it,truncated,0,0,find_files,find_files,1,0.85,"{""tail_log"": 0.01, ""port_listeners"": 0.0, ""disk_usage"": 0.02, ""kill_process"": 0.0, ""read_file"": 0.0, ""git_log"": 0.0, ""done"": 0.0, ""process_list"": 0.0, ""find_files"": 0.86, ""git_status"": 0.0, ""search_content"": 0.0, ""cannot_proceed"": 0.02, ""list_files"": 0.09}",0.03,19,1459,278.9,jev-1.13.0
tail whichever npm log has the most content in it,truncated,0,1,tail_log,tail_log,1,1.0,"{""git_status"": 0.0, ""done"": 0.0, ""read_file"": 0.0, ""git_log"": 0.0, ""kill_process"": 0.0, ""disk_usage"": 0.0, ""list_files"": 0.0, ""process_list"": 0.0, ""search_content"": 0.0, ""tail_log"": 1.0, ""find_files"": 0.0, ""port_listeners"": 0.0, ""cannot_proceed"": 0.0}",0.11,87,1654,294.5,jev-1.13.0
tail whichever npm log has the most content in it,truncated,0,2,tail_log,done,0,0.62,"{""tail_log"": 0.66, ""git_log"": 0.0, ""read_file"": 0.0, ""done"": 0.34, ""cannot_proceed"": 0.0, ""port_listeners"": 0.0, ""list_files"": 0.0, ""process_list"": 0.0, ""kill_process"": 0.0, ""search_content"": 0.0, ""find_files"": 0.0, ""disk_usage"": 0.0, ""git_status"": 0.0}",0.5,129,1721,266.5,jev-1.13.0
tail whichever npm log has the most content in it,truncated,0,3,tail_log,done,0,0.62,"{""git_log"": 0.0, ""find_files"": 0.0, ""read_file"": 0.0, ""git_status"": 0.0, ""kill_process"": 0.0, ""cannot_proceed"": 0.01, ""port_listeners"": 0.0, ""done"": 0.33, ""disk_usage"": 0.0, ""tail_log"": 0.66, ""list_files"": 0.0, ""search_content"": 0.0, ""process_list"": 0.0}",0.39,172,1788,223.6,jev-1.13.0
tail whichever npm log has the most content in it,truncated,0,4,tail_log,done,0,0.81,"{""find_files"": 0.01, ""git_status"": 0.0, ""process_list"": 0.0, ""git_log"": 0.0, ""read_file"": 0.01, ""done"": 0.13, ""cannot_proceed"": 0.03, ""list_files"": 0.0, ""disk_usage"": 0.0, ""search_content"": 0.0, ""kill_process"": 0.0, ""port_listeners"": 0.0, ""tail_log"": 0.82}",0.22,215,1855,317.0,jev-1.13.0
tail whichever npm log has the most content in it,truncated,0,5,tail_log,done,0,0.86,"{""read_file"": 0.01, ""find_files"": 0.01, ""git_log"": 0.0, ""git_status"": 0.0, ""done"": 0.07, ""list_files"": 0.0, ""port_listeners"": 0.0, ""cannot_proceed"": 0.03, ""disk_usage"": 0.0, ""tail_log"": 0.88, ""kill_process"": 0.0, ""search_content"": 0.0, ""process_list"": 0.0}",0.14,258,1922,243.7,jev-1.13.0
show the most recently changed file in the skills repo,truncated,0,0,find_files,find_files,1,0.79,"{""cannot_proceed"": 0.0, ""tail_log"": 0.0, ""find_files"": 0.81, ""list_files"": 0.03, ""git_log"": 0.08, ""port_listeners"": 0.0, ""search_content"": 0.0, ""read_file"": 0.0, ""kill_process"": 0.0, ""done"": 0.0, ""process_list"": 0.0, ""disk_usage"": 0.0, ""git_status"": 0.07}",0.03,20,1459,280.3,jev-1.13.0
show the most recently changed file in the skills repo,truncated,0,1,find_files,read_file,0,0.32,"{""find_files"": 0.38, ""git_log"": 0.11, ""process_list"": 0.0, ""git_status"": 0.16, ""disk_usage"": 0.0, ""kill_process"": 0.0, ""cannot_proceed"": 0.01, ""list_files"": 0.07, ""search_content"": 0.0, ""read_file"": 0.04, ""done"": 0.23, ""port_listeners"": 0.0, ""tail_log"": 0.0}",0.2,36,1487,267.4,jev-1.13.0
show the most recently changed file in the skills repo,truncated,0,2,find_files,done,0,0.51,"{""done"": 0.1, ""disk_usage"": 0.0, ""kill_process"": 0.0, ""tail_log"": 0.0, ""search_content"": 0.0, ""process_list"": 0.0, ""read_file"": 0.04, ""git_status"": 0.11, ""port_listeners"": 0.0, ""list_files"": 0.06, ""cannot_proceed"": 0.02, ""git_log"": 0.12, ""find_files"": 0.55}",0.1,53,1516,444.8,jev-1.13.0
show the most recently changed file in the skills repo,truncated,0,3,find_files,done,0,0.5,"{""port_listeners"": 0.0, ""list_files"": 0.05, ""disk_usage"": 0.0, ""kill_process"": 0.0, ""read_file"": 0.05, ""search_content"": 0.0, ""git_status"": 0.14, ""cannot_proceed"": 0.02, ""tail_log"": 0.0, ""find_files"": 0.54, ""done"": 0.07, ""process_list"": 0.0, ""git_log"": 0.12}",0.07,70,1545,259.1,jev-1.13.0
show the most recently changed file in the skills repo,truncated,0,4,find_files,done,0,0.46,"{""cannot_proceed"": 0.03, ""done"": 0.07, ""disk_usage"": 0.0, ""process_list"": 0.0, ""list_files"": 0.05, ""port_listeners"": 0.0, ""search_content"": 0.0, ""tail_log"": 0.0, ""kill_process"": 0.0, ""git_status"": 0.15, ""find_files"": 0.5, ""git_log"": 0.14, ""read_file"": 0.06}",0.07,87,1574,263.9,jev-1.13.0
show the most recently changed file in the skills repo,truncated,0,5,find_files,done,0,0.4,"{""cannot_proceed"": 0.03, ""tail_log"": 0.0, ""find_files"": 0.44, ""list_files"": 0.05, ""git_log"": 0.19, ""port_listeners"": 0.0, ""search_content"": 0.0, ""read_file"": 0.08, ""kill_process"": 0.0, ""done"": 0.11, ""process_list"": 0.0, ""disk_usage"": 0.0, ""git_status"": 0.1}",0.08,103,1603,312.2,jev-1.13.0
tail whichever npm log is newest,truncated,0,0,find_files,find_files,1,0.97,"{""tail_log"": 0.01, ""disk_usage"": 0.0, ""cannot_proceed"": 0.0, ""find_files"": 0.98, ""git_status"": 0.0, ""port_listeners"": 0.0, ""done"": 0.0, ""search_content"": 0.0, ""kill_process"": 0.0, ""read_file"": 0.0, ""list_files"": 0.01, ""process_list"": 0.0, ""git_log"": 0.0}",0.04,15,1455,225.2,jev-1.13.0
tail whichever npm log is newest,truncated,0,1,tail_log,tail_log,1,0.96,"{""git_log"": 0.0, ""tail_log"": 0.97, ""disk_usage"": 0.0, ""git_status"": 0.0, ""process_list"": 0.0, ""port_listeners"": 0.0, ""find_files"": 0.03, ""search_content"": 0.0, ""cannot_proceed"": 0.0, ""list_files"": 0.0, ""read_file"": 0.0, ""kill_process"": 0.0, ""done"": 0.0}",0.07,74,1622,265.9,jev-1.13.0
tail whichever npm log is newest,truncated,0,2,done,done,1,0.78,"{""git_log"": 0.0, ""git_status"": 0.0, ""read_file"": 0.0, ""process_list"": 0.0, ""disk_usage"": 0.0, ""cannot_proceed"": 0.01, ""find_files"": 0.02, ""list_files"": 0.0, ""kill_process"": 0.0, ""search_content"": 0.0, ""port_listeners"": 0.0, ""tail_log"": 0.17, ""done"": 0.8}",0.78,139,1711,244.0,jev-1.13.0
deploy the app to production,truncated,0,0,cannot_proceed,cannot_proceed,1,0.47,"{""process_list"": 0.0, ""port_listeners"": 0.0, ""disk_usage"": 0.0, ""done"": 0.0, ""list_files"": 0.05, ""cannot_proceed"": 0.52, ""search_content"": 0.01, ""tail_log"": 0.0, ""kill_process"": 0.0, ""git_status"": 0.25, ""find_files"": 0.14, ""git_log"": 0.02, ""read_file"": 0.01}",0.05,14,1454,260.9,jev-1.13.0
send a message to the team on slack,truncated,0,0,cannot_proceed,cannot_proceed,1,1.0,"{""kill_process"": 0.0, ""read_file"": 0.0, ""cannot_proceed"": 1.0, ""port_listeners"": 0.0, ""done"": 0.0, ""find_files"": 0.0, ""search_content"": 0.0, ""list_files"": 0.0, ""process_list"": 0.0, ""tail_log"": 0.0, ""git_log"": 0.0, ""git_status"": 0.0, ""disk_usage"": 0.0}",0.04,15,1457,262.4,jev-1.13.0
rename this file to something else,truncated,0,0,find_files,cannot_proceed,0,0.47,"{""search_content"": 0.0, ""git_status"": 0.01, ""cannot_proceed"": 0.38, ""process_list"": 0.0, ""list_files"": 0.08, ""done"": 0.0, ""find_files"": 0.52, ""tail_log"": 0.0, ""git_log"": 0.0, ""read_file"": 0.01, ""port_listeners"": 0.0, ""disk_usage"": 0.0, ""kill_process"": 0.0}",0.04,15,1455,252.3,jev-1.13.0
rename this file to something else,truncated,0,1,cannot_proceed,done,0,0.53,"{""find_files"": 0.17, ""git_log"": 0.0, ""port_listeners"": 0.0, ""tail_log"": 0.0, ""list_files"": 0.19, ""git_status"": 0.03, ""read_file"": 0.02, ""kill_process"": 0.0, ""process_list"": 0.0, ""search_content"": 0.01, ""done"": 0.0, ""cannot_proceed"": 0.58, ""disk_usage"": 0.0}",0.04,46,1499,289.8,jev-1.13.0
install the missing npm dependency,truncated,0,0,cannot_proceed,cannot_proceed,1,0.3,"{""port_listeners"": 0.0, ""find_files"": 0.16, ""done"": 0.0, ""process_list"": 0.0, ""kill_process"": 0.0, ""list_files"": 0.27, ""read_file"": 0.13, ""cannot_proceed"": 0.36, ""git_status"": 0.01, ""disk_usage"": 0.0, ""search_content"": 0.05, ""tail_log"": 0.02, ""git_log"": 0.0}",0.05,15,1454,228.3,jev-1.13.0
what's the most recent commit in driftmark,truncated,0,0,git_log,git_log,1,0.97,"{""process_list"": 0.0, ""disk_usage"": 0.0, ""tail_log"": 0.0, ""list_files"": 0.01, ""done"": 0.0, ""git_status"": 0.0, ""search_content"": 0.0, ""find_files"": 0.02, ""read_file"": 0.0, ""git_log"": 0.97, ""port_listeners"": 0.0, ""cannot_proceed"": 0.0, ""kill_process"": 0.0}",0.02,17,1459,277.6,jev-1.13.0
what's the most recent commit in driftmark,truncated,0,1,done,done,1,0.99,"{""cannot_proceed"": 0.0, ""tail_log"": 0.0, ""find_files"": 0.0, ""git_log"": 0.01, ""list_files"": 0.0, ""port_listeners"": 0.0, ""search_content"": 0.0, ""read_file"": 0.0, ""kill_process"": 0.0, ""done"": 0.99, ""process_list"": 0.0, ""disk_usage"": 0.0, ""git_status"": 0.0}",0.87,46,1515,229.4,jev-1.13.0
what does the go module for glow require,truncated,0,0,read_file,read_file,1,0.94,"{""git_status"": 0.0, ""process_list"": 0.0, ""read_file"": 0.95, ""port_listeners"": 0.0, ""tail_log"": 0.0, ""git_log"": 0.0, ""find_files"": 0.04, ""disk_usage"": 0.0, ""list_files"": 0.01, ""kill_process"": 0.0, ""cannot_proceed"": 0.0, ""search_content"": 0.0, ""done"": 0.0}",0.03,17,1457,309.4,jev-1.13.0
what does the go module for glow require,truncated,0,1,read_file,done,0,0.88,"{""find_files"": 0.0, ""git_log"": 0.0, ""process_list"": 0.0, ""git_status"": 0.0, ""read_file"": 0.9, ""done"": 0.1, ""cannot_proceed"": 0.0, ""list_files"": 0.0, ""search_content"": 0.0, ""kill_process"": 0.0, ""disk_usage"": 0.0, ""port_listeners"": 0.0, ""tail_log"": 0.0}",0.09,42,1501,296.3,jev-1.13.0
what does the go module for glow require,truncated,0,2,read_file,done,0,0.96,"{""port_listeners"": 0.0, ""disk_usage"": 0.0, ""git_log"": 0.0, ""kill_process"": 0.0, ""read_file"": 0.98, ""git_status"": 0.0, ""search_content"": 0.0, ""cannot_proceed"": 0.0, ""tail_log"": 0.0, ""find_files"": 0.0, ""done"": 0.02, ""process_list"": 0.0, ""list_files"": 0.0}",0.06,69,1546,253.6,jev-1.13.0
what does the go module for glow require,truncated,0,3,read_file,done,0,0.95,"{""git_status"": 0.0, ""process_list"": 0.0, ""read_file"": 0.96, ""port_listeners"": 0.0, ""tail_log"": 0.0, ""done"": 0.03, ""find_files"": 0.0, ""disk_usage"": 0.0, ""list_files"": 0.0, ""search_content"": 0.0, ""cannot_proceed"": 0.01, ""git_log"": 0.0, ""kill_process"": 0.0}",0.05,95,1591,270.4,jev-1.13.0
what does the go module for glow require,truncated,0,4,read_file,done,0,0.96,"{""kill_process"": 0.0, ""read_file"": 0.97, ""cannot_proceed"": 0.01, ""port_listeners"": 0.0, ""process_list"": 0.0, ""find_files"": 0.0, ""search_content"": 0.0, ""tail_log"": 0.0, ""list_files"": 0.0, ""done"": 0.02, ""git_log"": 0.0, ""git_status"": 0.0, ""disk_usage"": 0.0}",0.05,121,1636,256.8,jev-1.13.0
what does the go module for glow require,truncated,0,5,read_file,done,0,0.94,"{""cannot_proceed"": 0.01, ""git_log"": 0.0, ""tail_log"": 0.0, ""done"": 0.03, ""read_file"": 0.96, ""kill_process"": 0.0, ""disk_usage"": 0.0, ""process_list"": 0.0, ""port_listeners"": 0.0, ""search_content"": 0.0, ""find_files"": 0.0, ""git_status"": 0.0, ""list_files"": 0.0}",0.04,147,1681,258.0,jev-1.13.0
are there uncommitted changes in the hermes project,truncated,0,0,git_status,git_status,1,0.9,"{""find_files"": 0.0, ""git_status"": 0.91, ""process_list"": 0.0, ""git_log"": 0.0, ""disk_usage"": 0.0, ""done"": 0.09, ""search_content"": 0.0, ""list_files"": 0.0, ""cannot_proceed"": 0.0, ""read_file"": 0.0, ""kill_process"": 0.0, ""port_listeners"": 0.0, ""tail_log"": 0.0}",0.45,19,1460,266.1,jev-1.13.0
are there uncommitted changes in the hermes project,truncated,0,1,done,done,1,0.91,"{""git_status"": 0.06, ""disk_usage"": 0.0, ""cannot_proceed"": 0.0, ""git_log"": 0.0, ""kill_process"": 0.0, ""port_listeners"": 0.0, ""list_files"": 0.01, ""process_list"": 0.0, ""search_content"": 0.0, ""tail_log"": 0.0, ""find_files"": 0.0, ""read_file"": 0.01, ""done"": 0.92}",0.89,37,1490,261.1,jev-1.13.0
which skill docs were modified,truncated,0,0,git_status,git_status,1,0.87,"{""cannot_proceed"": 0.0, ""read_file"": 0.0, ""kill_process"": 0.0, ""port_listeners"": 0.0, ""done"": 0.01, ""process_list"": 0.0, ""tail_log"": 0.0, ""search_content"": 0.0, ""list_files"": 0.0, ""find_files"": 0.1, ""git_log"": 0.01, ""disk_usage"": 0.0, ""git_status"": 0.88}",0.07,14,1454,269.5,jev-1.13.0
which skill docs were modified,truncated,0,1,done,done,1,0.9,"{""find_files"": 0.0, ""list_files"": 0.0, ""port_listeners"": 0.0, ""tail_log"": 0.0, ""disk_usage"": 0.0, ""git_status"": 0.01, ""read_file"": 0.05, ""kill_process"": 0.0, ""process_list"": 0.0, ""search_content"": 0.0, ""done"": 0.92, ""cannot_proceed"": 0.0, ""git_log"": 0.02}",0.85,32,1484,323.0,jev-1.13.0
kill whatever's on port 3000,truncated,1,0,port_listeners,port_listeners,1,0.99,"{""cannot_proceed"": 0.0, ""done"": 0.0, ""disk_usage"": 0.0, ""port_listeners"": 1.0, ""list_files"": 0.0, ""process_list"": 0.0, ""search_content"": 0.0, ""tail_log"": 0.0, ""kill_process"": 0.0, ""git_status"": 0.0, ""find_files"": 0.0, ""git_log"": 0.0, ""read_file"": 0.0}",0.07,14,1459,233.3,jev-1.13.0
kill whatever's on port 3000,truncated,1,1,kill_process,kill_process,1,1.0,"{""git_status"": 0.0, ""done"": 0.0, ""disk_usage"": 0.0, ""git_log"": 0.0, ""kill_process"": 1.0, ""port_listeners"": 0.0, ""list_files"": 0.0, ""process_list"": 0.0, ""search_content"": 0.0, ""tail_log"": 0.0, ""find_files"": 0.0, ""read_file"": 0.0, ""cannot_proceed"": 0.0}",0.03,59,1547,245.0,jev-1.13.0
kill whatever's on port 3000,truncated,1,2,kill_process,done,0,0.36,"{""done"": 0.28, ""git_log"": 0.0, ""read_file"": 0.0, ""cannot_proceed"": 0.05, ""tail_log"": 0.0, ""port_listeners"": 0.25, ""disk_usage"": 0.0, ""process_list"": 0.01, ""list_files"": 0.0, ""git_status"": 0.0, ""find_files"": 0.0, ""search_content"": 0.0, ""kill_process"": 0.41}",0.42,75,1574,270.1,jev-1.13.0
kill whatever's on port 3000,truncated,1,3,kill_process,done,0,0.51,"{""read_file"": 0.0, ""port_listeners"": 0.34, ""process_list"": 0.01, ""tail_log"": 0.0, ""git_log"": 0.0, ""search_content"": 0.0, ""find_files"": 0.0, ""git_status"": 0.0, ""kill_process"": 0.55, ""done"": 0.06, ""list_files"": 0.0, ""cannot_proceed"": 0.03, ""disk_usage"": 0.0}",0.25,91,1601,236.7,jev-1.13.0
kill whatever's on port 3000,truncated,1,4,kill_process,done,0,0.49,"{""read_file"": 0.0, ""disk_usage"": 0.0, ""git_status"": 0.0, ""find_files"": 0.0, ""search_content"": 0.0, ""tail_log"": 0.0, ""kill_process"": 0.54, ""done"": 0.04, ""git_log"": 0.0, ""process_list"": 0.01, ""cannot_proceed"": 0.03, ""list_files"": 0.0, ""port_listeners"": 0.38}",0.22,107,1628,295.8,jev-1.13.0
kill whatever's on port 3000,truncated,1,5,port_listeners,done,0,0.46,"{""read_file"": 0.0, ""git_log"": 0.0, ""tail_log"": 0.0, ""done"": 0.03, ""cannot_proceed"": 0.02, ""port_listeners"": 0.51, ""disk_usage"": 0.0, ""process_list"": 0.01, ""kill_process"": 0.43, ""search_content"": 0.0, ""find_files"": 0.0, ""git_status"": 0.0, ""list_files"": 0.0}",0.21,122,1655,261.0,jev-1.13.0
kill the process eating the most CPU,truncated,1,0,process_list,process_list,1,1.0,"{""process_list"": 1.0, ""disk_usage"": 0.0, ""tail_log"": 0.0, ""list_files"": 0.0, ""read_file"": 0.0, ""git_status"": 0.0, ""search_content"": 0.0, ""find_files"": 0.0, ""done"": 0.0, ""cannot_proceed"": 0.0, ""port_listeners"": 0.0, ""git_log"": 0.0, ""kill_process"": 0.0}",0.03,16,1456,268.7,jev-1.13.0
kill the process eating the most CPU,truncated,1,1,kill_process,kill_process,1,1.0,"{""port_listeners"": 0.0, ""list_files"": 0.0, ""git_status"": 0.0, ""git_log"": 0.0, ""tail_log"": 0.0, ""disk_usage"": 0.0, ""kill_process"": 1.0, ""search_content"": 0.0, ""read_file"": 0.0, ""find_files"": 0.0, ""process_list"": 0.0, ""cannot_proceed"": 0.0, ""done"": 0.0}",0.04,55,1533,261.7,jev-1.13.0
kill the process eating the most CPU,truncated,1,2,kill_process,done,0,0.55,"{""process_list"": 0.05, ""disk_usage"": 0.0, ""list_files"": 0.0, ""tail_log"": 0.0, ""done"": 0.3, ""git_status"": 0.0, ""search_content"": 0.0, ""find_files"": 0.0, ""read_file"": 0.0, ""git_log"": 0.0, ""port_listeners"": 0.0, ""cannot_proceed"": 0.06, ""kill_process"": 0.59}",0.31,70,1560,266.2,jev-1.13.0
kill the process eating the most CPU,truncated,1,3,kill_process,done,0,0.61,"{""done"": 0.1, ""disk_usage"": 0.0, ""read_file"": 0.0, ""tail_log"": 0.0, ""search_content"": 0.0, ""process_list"": 0.21, ""kill_process"": 0.65, ""git_status"": 0.0, ""list_files"": 0.0, ""port_listeners"": 0.0, ""cannot_proceed"": 0.04, ""git_log"": 0.0, ""find_files"": 0.0}",0.26,86,1587,300.1,jev-1.13.0
kill the process eating the most CPU,truncated,1,4,kill_process,done,0,0.62,"{""port_listeners"": 0.0, ""list_files"": 0.0, ""find_files"": 0.0, ""process_list"": 0.26, ""tail_log"": 0.0, ""disk_usage"": 0.0, ""git_log"": 0.0, ""cannot_proceed"": 0.05, ""read_file"": 0.0, ""done"": 0.04, ""kill_process"": 0.65, ""search_content"": 0.0, ""git_status"": 0.0}",0.2,102,1614,232.4,jev-1.13.0
kill the process eating the most CPU,truncated,1,5,kill_process,done,0,0.44,"{""kill_process"": 0.49, ""find_files"": 0.0, ""git_log"": 0.0, ""tail_log"": 0.0, ""read_file"": 0.0, ""cannot_proceed"": 0.04, ""port_listeners"": 0.0, ""done"": 0.03, ""disk_usage"": 0.0, ""git_status"": 0.0, ""process_list"": 0.44, ""search_content"": 0.0, ""list_files"": 0.0}",0.18,118,1641,222.4,jev-1.13.0
tail the log that changed most recently,truncated,1,0,find_files,find_files,1,0.98,"{""cannot_proceed"": 0.0, ""port_listeners"": 0.0, ""disk_usage"": 0.0, ""done"": 0.0, ""list_files"": 0.01, ""process_list"": 0.0, ""git_status"": 0.0, ""tail_log"": 0.0, ""kill_process"": 0.0, ""search_content"": 0.0, ""find_files"": 0.99, ""git_log"": 0.0, ""read_file"": 0.0}",0.04,16,1456,233.6,jev-1.13.0
tail the log that changed most recently,truncated,1,1,tail_log,tail_log,1,1.0,"{""done"": 0.0, ""disk_usage"": 0.0, ""git_status"": 0.0, ""list_files"": 0.0, ""search_content"": 0.0, ""process_list"": 0.0, ""kill_process"": 0.0, ""git_log"": 0.0, ""tail_log"": 1.0, ""read_file"": 0.0, ""cannot_proceed"": 0.0, ""port_listeners"": 0.0, ""find_files"": 0.0}",0.07,59,1553,338.3,jev-1.13.0
tail the log that changed most recently,truncated,1,2,done,done,1,0.98,"{""port_listeners"": 0.0, ""search_content"": 0.0, ""process_list"": 0.0, ""done"": 0.99, ""list_files"": 0.0, ""cannot_proceed"": 0.0, ""git_log"": 0.0, ""read_file"": 0.0, ""kill_process"": 0.0, ""tail_log"": 0.01, ""disk_usage"": 0.0, ""find_files"": 0.0, ""git_status"": 0.0}",0.94,90,1608,230.0,jev-1.13.0
what's using the most disk space here,truncated,1,0,disk_usage,disk_usage,1,1.0,"{""port_listeners"": 0.0, ""list_files"": 0.0, ""disk_usage"": 1.0, ""tail_log"": 0.0, ""done"": 0.0, ""find_files"": 0.0, ""cannot_proceed"": 0.0, ""search_content"": 0.0, ""process_list"": 0.0, ""read_file"": 0.0, ""kill_process"": 0.0, ""git_status"": 0.0, ""git_log"": 0.0}",0.03,16,1457,254.5,jev-1.13.0
what's using the most disk space here,truncated,1,1,done,done,1,0.71,"{""process_list"": 0.0, ""disk_usage"": 0.09, ""list_files"": 0.1, ""tail_log"": 0.0, ""done"": 0.74, ""git_status"": 0.0, ""search_content"": 0.0, ""find_files"": 0.07, ""read_file"": 0.0, ""git_log"": 0.0, ""port_listeners"": 0.0, ""cannot_proceed"": 0.0, ""kill_process"": 0.0}",0.88,40,1505,254.7,jev-1.13.0
restart the database,truncated,1,0,cannot_proceed,cannot_proceed,1,0.76,"{""cannot_proceed"": 0.78, ""read_file"": 0.0, ""done"": 0.0, ""port_listeners"": 0.02, ""kill_process"": 0.03, ""process_list"": 0.15, ""tail_log"": 0.0, ""search_content"": 0.01, ""list_files"": 0.0, ""git_log"": 0.0, ""find_files"": 0.01, ""disk_usage"": 0.0, ""git_status"": 0.0}",0.06,12,1452,280.4,jev-1.13.0
which files have uncommitted changes,truncated,1,0,git_status,git_status,1,0.61,"{""port_listeners"": 0.0, ""find_files"": 0.0, ""list_files"": 0.0, ""kill_process"": 0.0, ""read_file"": 0.0, ""search_content"": 0.0, ""git_status"": 0.64, ""disk_usage"": 0.0, ""tail_log"": 0.0, ""cannot_proceed"": 0.0, ""done"": 0.36, ""process_list"": 0.0, ""git_log"": 0.0}",0.62,16,1456,283.5,jev-1.13.0
which files have uncommitted changes,truncated,1,1,done,done,1,0.98,"{""git_log"": 0.0, ""read_file"": 0.01, ""kill_process"": 0.0, ""disk_usage"": 0.0, ""list_files"": 0.0, ""cannot_proceed"": 0.0, ""tail_log"": 0.0, ""find_files"": 0.0, ""process_list"": 0.0, ""search_content"": 0.0, ""done"": 0.98, ""port_listeners"": 0.0, ""git_status"": 0.01}",0.94,44,1498,241.6,jev-1.13.0
show me the commit history for this repo,truncated,1,0,git_log,git_log,1,1.0,"{""git_log"": 1.0, ""disk_usage"": 0.0, ""cannot_proceed"": 0.0, ""kill_process"": 0.0, ""list_files"": 0.0, ""read_file"": 0.0, ""tail_log"": 0.0, ""process_list"": 0.0, ""search_content"": 0.0, ""find_files"": 0.0, ""done"": 0.0, ""port_listeners"": 0.0, ""git_status"": 0.0}",0.03,17,1457,258.0,jev-1.13.0
show me the commit history for this repo,truncated,1,1,done,done,1,1.0,"{""git_log"": 0.0, ""find_files"": 0.0, ""done"": 1.0, ""read_file"": 0.0, ""kill_process"": 0.0, ""list_files"": 0.0, ""process_list"": 0.0, ""git_status"": 0.0, ""cannot_proceed"": 0.0, ""disk_usage"": 0.0, ""search_content"": 0.0, ""tail_log"": 0.0, ""port_listeners"": 0.0}",0.95,64,1536,240.0,jev-1.13.0
what files are in the internal directory of the glow project,truncated,1,0,list_files,list_files,1,0.9,"{""port_listeners"": 0.0, ""list_files"": 0.91, ""find_files"": 0.08, ""process_list"": 0.0, ""tail_log"": 0.0, ""disk_usage"": 0.0, ""git_log"": 0.0, ""cannot_proceed"": 0.01, ""read_file"": 0.0, ""done"": 0.0, ""kill_process"": 0.0, ""search_content"": 0.0, ""git_status"": 0.0}",0.03,22,1460,294.6,jev-1.13.0
what files are in the internal directory of the glow project,truncated,1,1,done,done,1,0.88,"{""done"": 0.88, ""list_files"": 0.1, ""disk_usage"": 0.0, ""tail_log"": 0.0, ""git_log"": 0.0, ""port_listeners"": 0.0, ""cannot_proceed"": 0.0, ""git_status"": 0.0, ""process_list"": 0.0, ""read_file"": 0.01, ""kill_process"": 0.0, ""search_content"": 0.0, ""find_files"": 0.01}",0.76,41,1496,260.7,jev-1.13.0
show me the contents of the go module file,truncated,1,0,read_file,read_file,1,0.97,"{""git_status"": 0.0, ""disk_usage"": 0.0, ""find_files"": 0.02, ""done"": 0.0, ""tail_log"": 0.0, ""list_files"": 0.01, ""read_file"": 0.97, ""port_listeners"": 0.0, ""search_content"": 0.0, ""kill_process"": 0.0, ""cannot_proceed"": 0.0, ""git_log"": 0.0, ""process_list"": 0.0}",0.02,17,1458,270.5,jev-1.13.0
show me the contents of the go module file,truncated,1,1,read_file,done,0,0.62,"{""port_listeners"": 0.0, ""list_files"": 0.0, ""find_files"": 0.0, ""cannot_proceed"": 0.0, ""tail_log"": 0.0, ""disk_usage"": 0.0, ""git_log"": 0.0, ""process_list"": 0.0, ""read_file"": 0.66, ""done"": 0.34, ""kill_process"": 0.0, ""search_content"": 0.0, ""git_status"": 0.0}",0.13,43,1502,233.4,jev-1.13.0
show me the contents of the go module file,truncated,1,2,read_file,done,0,0.55,"{""port_listeners"": 0.0, ""git_log"": 0.0, ""find_files"": 0.0, ""kill_process"": 0.0, ""read_file"": 0.6, ""git_status"": 0.0, ""search_content"": 0.0, ""disk_usage"": 0.0, ""tail_log"": 0.0, ""cannot_proceed"": 0.0, ""done"": 0.4, ""process_list"": 0.0, ""list_files"": 0.0}",0.16,69,1547,257.7,jev-1.13.0
show me the contents of the go module file,truncated,1,3,read_file,done,0,0.62,"{""git_status"": 0.0, ""list_files"": 0.0, ""port_listeners"": 0.0, ""read_file"": 0.66, ""process_list"": 0.0, ""disk_usage"": 0.0, ""tail_log"": 0.0, ""kill_process"": 0.0, ""git_log"": 0.0, ""done"": 0.34, ""find_files"": 0.0, ""cannot_proceed"": 0.0, ""search_content"": 0.0}",0.17,95,1592,230.9,jev-1.13.0
show me the contents of the go module file,truncated,1,4,read_file,done,0,0.7,"{""tail_log"": 0.0, ""git_log"": 0.0, ""done"": 0.26, ""cannot_proceed"": 0.0, ""read_file"": 0.74, ""kill_process"": 0.0, ""disk_usage"": 0.0, ""process_list"": 0.0, ""port_listeners"": 0.0, ""git_status"": 0.0, ""find_files"": 0.0, ""search_content"": 0.0, ""list_files"": 0.0}",0.13,122,1637,281.2,jev-1.13.0
show me the contents of the go module file,truncated,1,5,read_file,done,0,0.6,"{""cannot_proceed"": 0.0, ""tail_log"": 0.0, ""git_log"": 0.0, ""list_files"": 0.0, ""find_files"": 0.0, ""port_listeners"": 0.0, ""search_content"": 0.0, ""read_file"": 0.64, ""kill_process"": 0.0, ""done"": 0.36, ""process_list"": 0.0, ""disk_usage"": 0.0, ""git_status"": 0.0}",0.14,148,1682,249.7,jev-1.13.0
is anything listening on port 9999,truncated,1,0,port_listeners,port_listeners,1,0.56,"{""git_status"": 0.0, ""process_list"": 0.0, ""read_file"": 0.0, ""port_listeners"": 0.6, ""tail_log"": 0.0, ""git_log"": 0.0, ""find_files"": 0.0, ""disk_usage"": 0.0, ""search_content"": 0.0, ""kill_process"": 0.0, ""cannot_proceed"": 0.03, ""done"": 0.37, ""list_files"": 0.0}",0.72,15,1459,267.9,jev-1.13.0
is anything listening on port 9999,truncated,1,1,done,done,1,0.59,"{""kill_process"": 0.0, ""tail_log"": 0.0, ""cannot_proceed"": 0.01, ""git_log"": 0.0, ""search_content"": 0.0, ""read_file"": 0.0, ""port_listeners"": 0.34, ""list_files"": 0.0, ""process_list"": 0.02, ""git_status"": 0.0, ""disk_usage"": 0.0, ""done"": 0.63, ""find_files"": 0.0}",0.84,31,1487,295.9,jev-1.13.0
kill whichever process is using the most memory,truncated,1,0,process_list,process_list,1,1.0,"{""list_files"": 0.0, ""process_list"": 1.0, ""cannot_proceed"": 0.0, ""find_files"": 0.0, ""git_status"": 0.0, ""kill_process"": 0.0, ""disk_usage"": 0.0, ""git_log"": 0.0, ""done"": 0.0, ""port_listeners"": 0.0, ""read_file"": 0.0, ""search_content"": 0.0, ""tail_log"": 0.0}",0.03,18,1457,267.8,jev-1.13.0
kill whichever process is using the most memory,truncated,1,1,kill_process,kill_process,1,0.99,"{""git_status"": 0.0, ""disk_usage"": 0.0, ""find_files"": 0.0, ""done"": 0.0, ""kill_process"": 0.99, ""list_files"": 0.0, ""read_file"": 0.0, ""port_listeners"": 0.0, ""search_content"": 0.0, ""tail_log"": 0.0, ""process_list"": 0.01, ""git_log"": 0.0, ""cannot_proceed"": 0.0}",0.05,92,1596,288.7,jev-1.13.0
kill whichever process is using the most memory,truncated,1,2,kill_process,done,0,0.5,"{""port_listeners"": 0.0, ""list_files"": 0.0, ""disk_usage"": 0.0, ""process_list"": 0.04, ""tail_log"": 0.0, ""find_files"": 0.0, ""git_log"": 0.0, ""cannot_proceed"": 0.05, ""read_file"": 0.0, ""done"": 0.36, ""kill_process"": 0.55, ""search_content"": 0.0, ""git_status"": 0.0}",0.32,108,1623,315.0,jev-1.13.0
kill whichever process is using the most memory,truncated,1,3,kill_process,done,0,0.65,"{""done"": 0.13, ""list_files"": 0.0, ""disk_usage"": 0.0, ""tail_log"": 0.0, ""git_log"": 0.0, ""port_listeners"": 0.0, ""cannot_proceed"": 0.04, ""search_content"": 0.0, ""process_list"": 0.15, ""read_file"": 0.0, ""kill_process"": 0.68, ""git_status"": 0.0, ""find_files"": 0.0}",0.25,124,1650,244.4,jev-1.13.0
kill whichever process is using the most memory,truncated,1,4,kill_process,done,0,0.58,"{""tail_log"": 0.0, ""port_listeners"": 0.0, ""kill_process"": 0.62, ""disk_usage"": 0.0, ""read_file"": 0.0, ""git_log"": 0.0, ""process_list"": 0.21, ""done"": 0.14, ""find_files"": 0.0, ""git_status"": 0.0, ""search_content"": 0.0, ""cannot_proceed"": 0.03, ""list_files"": 0.0}",0.22,139,1677,253.4,jev-1.13.0
kill whichever process is using the most memory,truncated,1,5,kill_process,done,0,0.48,"{""cannot_proceed"": 0.05, ""read_file"": 0.0, ""done"": 0.1, ""port_listeners"": 0.0, ""git_status"": 0.0, ""process_list"": 0.33, ""tail_log"": 0.0, ""search_content"": 0.0, ""list_files"": 0.0, ""git_log"": 0.0, ""find_files"": 0.0, ""disk_usage"": 0.0, ""kill_process"": 0.52}",0.2,155,1704,263.6,jev-1.13.0
show me the file that uses the jpeg encoder library,truncated,1,0,search_content,search_content,1,0.98,"{""git_log"": 0.0, ""tail_log"": 0.0, ""disk_usage"": 0.0, ""git_status"": 0.0, ""process_list"": 0.0, ""port_listeners"": 0.0, ""list_files"": 0.0, ""kill_process"": 0.0, ""cannot_proceed"": 0.0, ""search_content"": 0.99, ""read_file"": 0.0, ""find_files"": 0.01, ""done"": 0.0}",0.03,19,1459,273.8,jev-1.13.0
show me the file that uses the jpeg encoder library,truncated,1,1,read_file,read_file,1,0.62,"{""kill_process"": 0.0, ""disk_usage"": 0.0, ""tail_log"": 0.0, ""list_files"": 0.0, ""done"": 0.34, ""git_status"": 0.0, ""search_content"": 0.0, ""find_files"": 0.0, ""read_file"": 0.66, ""git_log"": 0.0, ""port_listeners"": 0.0, ""cannot_proceed"": 0.0, ""process_list"": 0.0}",0.72,89,1560,236.8,jev-1.13.0
show me the file that uses the jpeg encoder library,truncated,1,2,read_file,done,0,0.59,"{""find_files"": 0.0, ""list_files"": 0.0, ""port_listeners"": 0.0, ""tail_log"": 0.0, ""git_log"": 0.0, ""git_status"": 0.0, ""read_file"": 0.63, ""kill_process"": 0.0, ""process_list"": 0.0, ""search_content"": 0.0, ""done"": 0.37, ""cannot_proceed"": 0.0, ""disk_usage"": 0.0}",0.72,133,1610,292.0,jev-1.13.0
show me the file that uses the jpeg encoder library,truncated,1,3,read_file,done,0,0.55,"{""tail_log"": 0.0, ""port_listeners"": 0.0, ""process_list"": 0.0, ""list_files"": 0.0, ""git_log"": 0.0, ""search_content"": 0.0, ""find_files"": 0.0, ""git_status"": 0.0, ""kill_process"": 0.0, ""done"": 0.41, ""read_file"": 0.59, ""cannot_proceed"": 0.0, ""disk_usage"": 0.0}",0.72,178,1660,355.7,jev-1.13.0
show me the file that uses the jpeg encoder library,truncated,1,4,read_file,done,0,0.49,"{""cannot_proceed"": 0.0, ""list_files"": 0.0, ""git_status"": 0.0, ""search_content"": 0.0, ""tail_log"": 0.0, ""disk_usage"": 0.0, ""find_files"": 0.0, ""git_log"": 0.0, ""read_file"": 0.53, ""kill_process"": 0.0, ""process_list"": 0.0, ""port_listeners"": 0.0, ""done"": 0.47000000000000003}",0.65,222,1710,273.9,jev-1.13.0
show me the file that uses the jpeg encoder library,truncated,1,5,read_file,done,0,0.48,"{""cannot_proceed"": 0.0, ""git_log"": 0.0, ""done"": 0.47, ""tail_log"": 0.0, ""read_file"": 0.53, ""port_listeners"": 0.0, ""disk_usage"": 0.0, ""process_list"": 0.0, ""list_files"": 0.0, ""git_status"": 0.0, ""find_files"": 0.0, ""search_content"": 0.0, ""kill_process"": 0.0}",0.66,267,1760,303.7,jev-1.13.0
find recently modified go files and show the most recent one,truncated,1,0,find_files,find_files,1,0.98,"{""kill_process"": 0.0, ""read_file"": 0.0, ""cannot_proceed"": 0.0, ""port_listeners"": 0.0, ""tail_log"": 0.0, ""find_files"": 0.99, ""list_files"": 0.0, ""done"": 0.01, ""search_content"": 0.0, ""process_list"": 0.0, ""git_log"": 0.0, ""git_status"": 0.0, ""disk_usage"": 0.0}",0.05,22,1460,279.8,jev-1.13.0
find recently modified go files and show the most recent one,truncated,1,1,find_files,read_file,0,0.35,"{""tail_log"": 0.0, ""git_log"": 0.02, ""cannot_proceed"": 0.1, ""read_file"": 0.25, ""done"": 0.1, ""port_listeners"": 0.0, ""list_files"": 0.09, ""process_list"": 0.0, ""kill_process"": 0.0, ""git_status"": 0.04, ""find_files"": 0.4, ""search_content"": 0.0, ""disk_usage"": 0.0}",0.09,59,1516,268.4,jev-1.13.0
find recently modified go files and show the most recent one,truncated,1,2,find_files,done,0,0.52,"{""git_status"": 0.03, ""search_content"": 0.0, ""port_listeners"": 0.0, ""read_file"": 0.2, ""find_files"": 0.56, ""disk_usage"": 0.0, ""tail_log"": 0.0, ""kill_process"": 0.0, ""git_log"": 0.01, ""done"": 0.07, ""process_list"": 0.0, ""cannot_proceed"": 0.07, ""list_files"": 0.05}",0.08,97,1573,283.0,jev-1.13.0
find recently modified go files and show the most recent one,truncated,1,3,find_files,done,0,0.55,"{""git_status"": 0.04, ""disk_usage"": 0.0, ""find_files"": 0.59, ""done"": 0.06, ""kill_process"": 0.0, ""list_files"": 0.07, ""read_file"": 0.16, ""port_listeners"": 0.0, ""search_content"": 0.0, ""tail_log"": 0.0, ""process_list"": 0.0, ""git_log"": 0.01, ""cannot_proceed"": 0.07}",0.05,135,1630,248.5,jev-1.13.0
find recently modified go files and show the most recent one,truncated,1,4,find_files,done,0,0.47,"{""git_status"": 0.04, ""process_list"": 0.0, ""read_file"": 0.21000000000000002, ""port_listeners"": 0.0, ""tail_log"": 0.0, ""git_log"": 0.01, ""find_files"": 0.52, ""disk_usage"": 0.0, ""search_content"": 0.0, ""done"": 0.04, ""cannot_proceed"": 0.1, ""kill_process"": 0.0, ""list_files"": 0.08}",0.05,173,1687,301.5,jev-1.13.0
find recently modified go files and show the most recent one,truncated,1,5,find_files,done,0,0.45,"{""cannot_proceed"": 0.1, ""read_file"": 0.22, ""done"": 0.05, ""port_listeners"": 0.0, ""kill_process"": 0.0, ""process_list"": 0.0, ""tail_log"": 0.0, ""search_content"": 0.0, ""list_files"": 0.07, ""git_log"": 0.02, ""find_files"": 0.5, ""disk_usage"": 0.0, ""git_status"": 0.04}",0.05,211,1744,263.4,jev-1.13.0
read whichever readme is in the skills project,truncated,1,0,find_files,list_files,0,0.87,"{""port_listeners"": 0.0, ""list_files"": 0.11, ""git_status"": 0.0, ""git_log"": 0.0, ""find_files"": 0.88, ""disk_usage"": 0.0, ""kill_process"": 0.0, ""tail_log"": 0.0, ""read_file"": 0.01, ""search_content"": 0.0, ""process_list"": 0.0, ""cannot_proceed"": 0.0, ""done"": 0.0}",0.04,18,1458,259.7,jev-1.13.0
read whichever readme is in the skills project,truncated,1,1,find_files,read_file,0,0.56,"{""process_list"": 0.0, ""done"": 0.0, ""disk_usage"": 0.0, ""port_listeners"": 0.0, ""list_files"": 0.32, ""cannot_proceed"": 0.0, ""git_status"": 0.0, ""tail_log"": 0.0, ""kill_process"": 0.0, ""search_content"": 0.01, ""find_files"": 0.6, ""git_log"": 0.0, ""read_file"": 0.07}",0.04,49,1502,271.7,jev-1.13.0
read whichever readme is in the skills project,truncated,1,2,find_files,done,0,0.56,"{""read_file"": 0.09, ""git_log"": 0.0, ""done"": 0.0, ""cannot_proceed"": 0.01, ""tail_log"": 0.0, ""port_listeners"": 0.0, ""list_files"": 0.29000000000000004, ""process_list"": 0.0, ""kill_process"": 0.0, ""git_status"": 0.0, ""find_files"": 0.6, ""search_content"": 0.01, ""disk_usage"": 0.0}",0.04,80,1547,256.3,jev-1.13.0
read whichever readme is in the skills project,truncated,1,3,find_files,done,0,0.54,"{""cannot_proceed"": 0.02, ""port_listeners"": 0.0, ""disk_usage"": 0.0, ""process_list"": 0.0, ""list_files"": 0.28, ""done"": 0.01, ""git_status"": 0.0, ""tail_log"": 0.0, ""kill_process"": 0.0, ""search_content"": 0.02, ""find_files"": 0.58, ""git_log"": 0.0, ""read_file"": 0.09}",0.04,111,1592,250.4,jev-1.13.0
read whichever readme is in the skills project,truncated,1,4,find_files,done,0,0.49,"{""cannot_proceed"": 0.02, ""list_files"": 0.31, ""git_log"": 0.0, ""find_files"": 0.54, ""tail_log"": 0.0, ""port_listeners"": 0.0, ""search_content"": 0.01, ""read_file"": 0.12, ""kill_process"": 0.0, ""done"": 0.0, ""process_list"": 0.0, ""disk_usage"": 0.0, ""git_status"": 0.0}",0.03,143,1637,252.6,jev-1.13.0
read whichever readme is in the skills project,truncated,1,5,find_files,done,0,0.55,"{""git_log"": 0.0, ""disk_usage"": 0.0, ""cannot_proceed"": 0.02, ""kill_process"": 0.0, ""list_files"": 0.25, ""read_file"": 0.12, ""tail_log"": 0.0, ""find_files"": 0.59, ""process_list"": 0.0, ""search_content"": 0.02, ""git_status"": 0.0, ""port_listeners"": 0.0, ""done"": 0.0}",0.03,174,1682,362.6,jev-1.13.0
tail whichever npm log has the most content in it,truncated,1,0,find_files,find_files,1,0.84,"{""find_files"": 0.85, ""git_status"": 0.0, ""cannot_proceed"": 0.01, ""disk_usage"": 0.02, ""kill_process"": 0.0, ""git_log"": 0.0, ""process_list"": 0.0, ""list_files"": 0.11, ""search_content"": 0.0, ""read_file"": 0.0, ""port_listeners"": 0.0, ""tail_log"": 0.01, ""done"": 0.0}",0.03,19,1459,323.5,jev-1.13.0
tail whichever npm log has the most content in it,truncated,1,1,tail_log,tail_log,1,1.0,"{""tail_log"": 1.0, ""git_log"": 0.0, ""done"": 0.0, ""read_file"": 0.0, ""cannot_proceed"": 0.0, ""port_listeners"": 0.0, ""list_files"": 0.0, ""process_list"": 0.0, ""kill_process"": 0.0, ""search_content"": 0.0, ""find_files"": 0.0, ""git_status"": 0.0, ""disk_usage"": 0.0}",0.1,87,1654,258.5,jev-1.13.0
tail whichever npm log has the most content in it,truncated,1,2,tail_log,done,0,0.51,"{""disk_usage"": 0.0, ""tail_log"": 0.55, ""cannot_proceed"": 0.01, ""find_files"": 0.0, ""git_status"": 0.0, ""port_listeners"": 0.0, ""done"": 0.44, ""search_content"": 0.0, ""kill_process"": 0.0, ""read_file"": 0.0, ""list_files"": 0.0, ""process_list"": 0.0, ""git_log"": 0.0}",0.59,129,1721,288.8,jev-1.13.0
tail whichever npm log has the most content in it,truncated,1,3,tail_log,done,0,0.76,"{""port_listeners"": 0.0, ""git_log"": 0.0, ""find_files"": 0.0, ""kill_process"": 0.0, ""read_file"": 0.0, ""search_content"": 0.0, ""git_status"": 0.0, ""process_list"": 0.0, ""tail_log"": 0.78, ""cannot_proceed"": 0.01, ""done"": 0.21000000000000002, ""disk_usage"": 0.0, ""list_files"": 0.0}",0.38,172,1788,359.2,jev-1.13.0
tail whichever npm log has the most content in it,truncated,1,4,tail_log,done,0,0.81,"{""git_status"": 0.0, ""process_list"": 0.0, ""read_file"": 0.0, ""port_listeners"": 0.0, ""tail_log"": 0.83, ""git_log"": 0.0, ""find_files"": 0.01, ""disk_usage"": 0.0, ""list_files"": 0.0, ""search_content"": 0.0, ""cannot_proceed"": 0.02, ""kill_process"": 0.0, ""done"": 0.14}",0.23,215,1855,242.7,jev-1.13.0
tail whichever npm log has the most content in it,truncated,1,5,tail_log,done,0,0.76,"{""git_status"": 0.0, ""disk_usage"": 0.0, ""find_files"": 0.01, ""done"": 0.17, ""kill_process"": 0.0, ""list_files"": 0.0, ""read_file"": 0.01, ""port_listeners"": 0.0, ""search_content"": 0.0, ""tail_log"": 0.77, ""process_list"": 0.0, ""git_log"": 0.0, ""cannot_proceed"": 0.04}",0.19,258,1922,281.9,jev-1.13.0
show the most recently changed file in the skills repo,truncated,1,0,find_files,find_files,1,0.82,"{""kill_process"": 0.0, ""find_files"": 0.85, ""git_log"": 0.07, ""tail_log"": 0.0, ""read_file"": 0.0, ""done"": 0.0, ""port_listeners"": 0.0, ""cannot_proceed"": 0.0, ""disk_usage"": 0.0, ""git_status"": 0.05, ""search_content"": 0.0, ""process_list"": 0.0, ""list_files"": 0.03}",0.02,20,1459,268.8,jev-1.13.0
show the most recently changed file in the skills repo,truncated,1,1,find_files,read_file,0,0.37,"{""process_list"": 0.0, ""find_files"": 0.43, ""list_files"": 0.07, ""git_status"": 0.15, ""search_content"": 0.0, ""done"": 0.2, ""read_file"": 0.05, ""git_log"": 0.09, ""port_listeners"": 0.0, ""kill_process"": 0.0, ""cannot_proceed"": 0.01, ""tail_log"": 0.0, ""disk_usage"": 0.0}",0.17,36,1487,275.1,jev-1.13.0
show the most recently changed file in the skills repo,truncated,1,2,find_files,done,0,0.48,"{""read_file"": 0.05, ""find_files"": 0.51, ""git_log"": 0.12, ""git_status"": 0.14, ""kill_process"": 0.0, ""list_files"": 0.06, ""port_listeners"": 0.0, ""search_content"": 0.0, ""disk_usage"": 0.0, ""tail_log"": 0.0, ""done"": 0.1, ""cannot_proceed"": 0.02, ""process_list"": 0.0}",0.1,53,1516,252.6,jev-1.13.0
show the most recently changed file in the skills repo,truncated,1,3,find_files,done,0,0.49,"{""cannot_proceed"": 0.03, ""read_file"": 0.05, ""kill_process"": 0.0, ""port_listeners"": 0.0, ""git_status"": 0.13, ""tail_log"": 0.0, ""process_list"": 0.0, ""search_content"": 0.0, ""list_files"": 0.06, ""git_log"": 0.13, ""find_files"": 0.53, ""disk_usage"": 0.0, ""done"": 0.07}",0.07,70,1545,379.7,jev-1.13.0
show the most recently changed file in the skills repo,truncated,1,4,find_files,done,0,0.52,"{""find_files"": 0.5700000000000001, ""git_log"": 0.15, ""process_list"": 0.0, ""git_status"": 0.12, ""read_file"": 0.04, ""done"": 0.06, ""cannot_proceed"": 0.02, ""list_files"": 0.04, ""disk_usage"": 0.0, ""search_content"": 0.0, ""kill_process"": 0.0, ""port_listeners"": 0.0, ""tail_log"": 0.0}",0.07,87,1574,241.8,jev-1.13.0
show the most recently changed file in the skills repo,truncated,1,5,find_files,done,0,0.45,"{""kill_process"": 0.0, ""find_files"": 0.49, ""git_log"": 0.14, ""tail_log"": 0.0, ""read_file"": 0.06, ""done"": 0.08, ""port_listeners"": 0.0, ""process_list"": 0.0, ""disk_usage"": 0.0, ""git_status"": 0.14, ""search_content"": 0.0, ""cannot_proceed"": 0.03, ""list_files"": 0.06}",0.06,103,1603,282.1,jev-1.13.0
tail whichever npm log is newest,truncated,1,0,find_files,find_files,1,0.98,"{""find_files"": 0.99, ""git_log"": 0.0, ""port_listeners"": 0.0, ""disk_usage"": 0.0, ""tail_log"": 0.0, ""git_status"": 0.0, ""read_file"": 0.0, ""kill_process"": 0.0, ""process_list"": 0.0, ""search_content"": 0.0, ""done"": 0.0, ""cannot_proceed"": 0.0, ""list_files"": 0.01}",0.04,15,1455,263.9,jev-1.13.0
tail whichever npm log is newest,truncated,1,1,tail_log,tail_log,1,0.96,"{""find_files"": 0.03, ""git_status"": 0.0, ""read_file"": 0.0, ""process_list"": 0.0, ""cannot_proceed"": 0.0, ""search_content"": 0.0, ""git_log"": 0.0, ""list_files"": 0.0, ""disk_usage"": 0.0, ""kill_process"": 0.0, ""port_listeners"": 0.0, ""tail_log"": 0.97, ""done"": 0.0}",0.08,74,1622,258.8,jev-1.13.0
tail whichever npm log is newest,truncated,1,2,done,done,1,0.75,"{""tail_log"": 0.18, ""disk_usage"": 0.0, ""search_content"": 0.0, ""find_files"": 0.03, ""git_status"": 0.0, ""cannot_proceed"": 0.01, ""done"": 0.78, ""port_listeners"": 0.0, ""list_files"": 0.0, ""read_file"": 0.0, ""kill_process"": 0.0, ""process_list"": 0.0, ""git_log"": 0.0}",0.73,139,1711,263.0,jev-1.13.0
deploy the app to production,truncated,1,0,cannot_proceed,cannot_proceed,1,0.49,"{""kill_process"": 0.0, ""disk_usage"": 0.0, ""tail_log"": 0.0, ""list_files"": 0.05, ""done"": 0.0, ""git_status"": 0.23, ""search_content"": 0.01, ""find_files"": 0.15, ""read_file"": 0.01, ""git_log"": 0.02, ""port_listeners"": 0.0, ""cannot_proceed"": 0.53, ""process_list"": 0.0}",0.05,14,1454,261.5,jev-1.13.0
send a message to the team on slack,truncated,1,0,cannot_proceed,cannot_proceed,1,1.0,"{""find_files"": 0.0, ""git_log"": 0.0, ""process_list"": 0.0, ""git_status"": 0.0, ""read_file"": 0.0, ""kill_process"": 0.0, ""cannot_proceed"": 1.0, ""list_files"": 0.0, ""done"": 0.0, ""disk_usage"": 0.0, ""search_content"": 0.0, ""port_listeners"": 0.0, ""tail_log"": 0.0}",0.04,15,1457,241.0,jev-1.13.0
rename this file to something else,truncated,1,0,find_files,cannot_proceed,0,0.46,"{""git_status"": 0.01, ""cannot_proceed"": 0.41, ""read_file"": 0.01, ""git_log"": 0.0, ""kill_process"": 0.0, ""done"": 0.0, ""list_files"": 0.07, ""process_list"": 0.0, ""search_content"": 0.0, ""tail_log"": 0.0, ""find_files"": 0.5, ""port_listeners"": 0.0, ""disk_usage"": 0.0}",0.05,15,1455,285.5,jev-1.13.0
rename this file to something else,truncated,1,1,cannot_proceed,done,0,0.5,"{""done"": 0.0, ""disk_usage"": 0.0, ""read_file"": 0.03, ""list_files"": 0.19, ""search_content"": 0.01, ""process_list"": 0.0, ""git_log"": 0.0, ""port_listeners"": 0.0, ""kill_process"": 0.0, ""git_status"": 0.04, ""cannot_proceed"": 0.55, ""tail_log"": 0.0, ""find_files"": 0.18}",0.04,46,1499,239.5,jev-1.13.0
install the missing npm dependency,truncated,1,0,cannot_proceed,cannot_proceed,1,0.27,"{""disk_usage"": 0.0, ""tail_log"": 0.02, ""port_listeners"": 0.0, ""find_files"": 0.16, ""git_status"": 0.01, ""cannot_proceed"": 0.33, ""done"": 0.0, ""search_content"": 0.05, ""kill_process"": 0.0, ""read_file"": 0.12, ""list_files"": 0.31, ""process_list"": 0.0, ""git_log"": 0.0}",0.04,15,1454,282.9,jev-1.13.0
what's the most recent commit in driftmark,truncated,1,0,git_log,git_log,1,0.97,"{""git_status"": 0.0, ""disk_usage"": 0.0, ""cannot_proceed"": 0.0, ""git_log"": 0.97, ""kill_process"": 0.0, ""port_listeners"": 0.0, ""list_files"": 0.01, ""process_list"": 0.0, ""search_content"": 0.0, ""tail_log"": 0.0, ""find_files"": 0.02, ""read_file"": 0.0, ""done"": 0.0}",0.03,17,1459,240.7,jev-1.13.0
what's the most recent commit in driftmark,truncated,1,1,done,done,1,0.99,"{""git_status"": 0.0, ""cannot_proceed"": 0.0, ""done"": 0.99, ""git_log"": 0.01, ""kill_process"": 0.0, ""read_file"": 0.0, ""list_files"": 0.0, ""process_list"": 0.0, ""search_content"": 0.0, ""tail_log"": 0.0, ""find_files"": 0.0, ""port_listeners"": 0.0, ""disk_usage"": 0.0}",0.89,46,1515,281.0,jev-1.13.0
what does the go module for glow require,truncated,1,0,read_file,read_file,1,0.93,"{""tail_log"": 0.0, ""done"": 0.0, ""read_file"": 0.93, ""process_list"": 0.0, ""port_listeners"": 0.0, ""list_files"": 0.01, ""git_log"": 0.0, ""kill_process"": 0.0, ""git_status"": 0.0, ""cannot_proceed"": 0.0, ""disk_usage"": 0.0, ""find_files"": 0.05, ""search_content"": 0.0}",0.03,17,1457,245.2,jev-1.13.0
what does the go module for glow require,truncated,1,1,read_file,done,0,0.91,"{""cannot_proceed"": 0.0, ""list_files"": 0.0, ""git_log"": 0.0, ""find_files"": 0.0, ""tail_log"": 0.0, ""port_listeners"": 0.0, ""search_content"": 0.0, ""read_file"": 0.93, ""kill_process"": 0.0, ""disk_usage"": 0.0, ""process_list"": 0.0, ""done"": 0.07, ""git_status"": 0.0}",0.08,42,1501,279.2,jev-1.13.0
what does the go module for glow require,truncated,1,2,read_file,done,0,0.95,"{""cannot_proceed"": 0.0, ""read_file"": 0.97, ""git_status"": 0.0, ""port_listeners"": 0.0, ""done"": 0.03, ""tail_log"": 0.0, ""process_list"": 0.0, ""search_content"": 0.0, ""list_files"": 0.0, ""find_files"": 0.0, ""git_log"": 0.0, ""disk_usage"": 0.0, ""kill_process"": 0.0}",0.07,69,1546,288.5,jev-1.13.0
what does the go module for glow require,truncated,1,3,read_file,done,0,0.95,"{""git_status"": 0.0, ""process_list"": 0.0, ""read_file"": 0.96, ""port_listeners"": 0.0, ""tail_log"": 0.0, ""done"": 0.03, ""find_files"": 0.0, ""disk_usage"": 0.0, ""kill_process"": 0.0, ""search_content"": 0.0, ""cannot_proceed"": 0.01, ""list_files"": 0.0, ""git_log"": 0.0}",0.06,95,1591,236.7,jev-1.13.0
what does the go module for glow require,truncated,1,4,read_file,done,0,0.96,"{""search_content"": 0.0, ""git_status"": 0.0, ""cannot_proceed"": 0.01, ""process_list"": 0.0, ""done"": 0.02, ""find_files"": 0.0, ""list_files"": 0.0, ""tail_log"": 0.0, ""disk_usage"": 0.0, ""read_file"": 0.97, ""kill_process"": 0.0, ""git_log"": 0.0, ""port_listeners"": 0.0}",0.06,121,1636,253.0,jev-1.13.0
what does the go module for glow require,truncated,1,5,read_file,done,0,0.95,"{""list_files"": 0.0, ""port_listeners"": 0.0, ""disk_usage"": 0.0, ""kill_process"": 0.0, ""read_file"": 0.96, ""git_log"": 0.0, ""done"": 0.03, ""process_list"": 0.0, ""find_files"": 0.0, ""git_status"": 0.0, ""search_content"": 0.0, ""cannot_proceed"": 0.01, ""tail_log"": 0.0}",0.05,147,1681,341.7,jev-1.13.0
are there uncommitted changes in the hermes project,truncated,1,0,git_status,git_status,1,0.89,"{""port_listeners"": 0.0, ""find_files"": 0.0, ""done"": 0.09, ""read_file"": 0.0, ""list_files"": 0.0, ""process_list"": 0.0, ""kill_process"": 0.0, ""cannot_proceed"": 0.0, ""git_status"": 0.91, ""disk_usage"": 0.0, ""search_content"": 0.0, ""tail_log"": 0.0, ""git_log"": 0.0}",0.43,19,1460,310.2,jev-1.13.0
are there uncommitted changes in the hermes project,truncated,1,1,done,done,1,0.9,"{""git_log"": 0.0, ""tail_log"": 0.0, ""disk_usage"": 0.0, ""git_status"": 0.07, ""process_list"": 0.0, ""port_listeners"": 0.0, ""list_files"": 0.01, ""kill_process"": 0.0, ""cannot_proceed"": 0.0, ""find_files"": 0.0, ""read_file"": 0.01, ""search_content"": 0.0, ""done"": 0.91}",0.89,37,1490,241.6,jev-1.13.0
which skill docs were modified,truncated,1,0,git_status,git_status,1,0.85,"{""read_file"": 0.0, ""find_files"": 0.09999999999999999, ""git_log"": 0.02, ""git_status"": 0.87, ""done"": 0.01, ""list_files"": 0.0, ""port_listeners"": 0.0, ""cannot_proceed"": 0.0, ""disk_usage"": 0.0, ""tail_log"": 0.0, ""kill_process"": 0.0, ""search_content"": 0.0, ""process_list"": 0.0}",0.07,14,1454,317.4,jev-1.13.0
which skill docs were modified,truncated,1,1,done,done,1,0.9,"{""done"": 0.91, ""disk_usage"": 0.0, ""kill_process"": 0.0, ""tail_log"": 0.0, ""search_content"": 0.0, ""process_list"": 0.0, ""list_files"": 0.0, ""read_file"": 0.06, ""git_log"": 0.02, ""port_listeners"": 0.0, ""cannot_proceed"": 0.0, ""git_status"": 0.01, ""find_files"": 0.0}",0.86,32,1484,231.6,jev-1.13.0
kill whatever's on port 3000,truncated,2,0,port_listeners,port_listeners,1,0.99,"{""cannot_proceed"": 0.0, ""git_log"": 0.0, ""tail_log"": 0.0, ""done"": 0.0, ""read_file"": 0.0, ""port_listeners"": 1.0, ""list_files"": 0.0, ""process_list"": 0.0, ""disk_usage"": 0.0, ""git_status"": 0.0, ""find_files"": 0.0, ""search_content"": 0.0, ""kill_process"": 0.0}",0.07,14,1459,250.0,jev-1.13.0
kill whatever's on port 3000,truncated,2,1,kill_process,kill_process,1,1.0,"{""git_log"": 0.0, ""find_files"": 0.0, ""read_file"": 0.0, ""git_status"": 0.0, ""kill_process"": 1.0, ""cannot_proceed"": 0.0, ""port_listeners"": 0.0, ""search_content"": 0.0, ""disk_usage"": 0.0, ""tail_log"": 0.0, ""list_files"": 0.0, ""done"": 0.0, ""process_list"": 0.0}",0.03,59,1547,268.3,jev-1.13.0
kill whatever's on port 3000,truncated,2,2,kill_process,done,0,0.49,"{""git_status"": 0.0, ""search_content"": 0.0, ""port_listeners"": 0.19, ""read_file"": 0.0, ""find_files"": 0.0, ""disk_usage"": 0.0, ""tail_log"": 0.0, ""kill_process"": 0.53, ""git_log"": 0.0, ""done"": 0.22, ""process_list"": 0.01, ""cannot_proceed"": 0.05, ""list_files"": 0.0}",0.37,75,1574,292.5,jev-1.13.0
kill whatever's on port 3000,truncated,2,3,kill_process,done,0,0.58,"{""port_listeners"": 0.3, ""git_log"": 0.0, ""cannot_proceed"": 0.02, ""read_file"": 0.0, ""kill_process"": 0.62, ""git_status"": 0.0, ""search_content"": 0.0, ""disk_usage"": 0.0, ""tail_log"": 0.0, ""find_files"": 0.0, ""done"": 0.05, ""process_list"": 0.01, ""list_files"": 0.0}",0.25,91,1601,244.3,jev-1.13.0
kill whatever's on port 3000,truncated,2,4,kill_process,done,0,0.52,"{""list_files"": 0.0, ""port_listeners"": 0.37, ""disk_usage"": 0.0, ""kill_process"": 0.56, ""read_file"": 0.0, ""git_log"": 0.0, ""process_list"": 0.01, ""done"": 0.03, ""find_files"": 0.0, ""git_status"": 0.0, ""search_content"": 0.0, ""cannot_proceed"": 0.02, ""tail_log"": 0.0}",0.23,107,1628,274.0,jev-1.13.0
kill whatever's on port 3000,truncated,2,5,port_listeners,done,0,0.45,"{""done"": 0.03, ""list_files"": 0.0, ""disk_usage"": 0.0, ""tail_log"": 0.0, ""git_log"": 0.0, ""port_listeners"": 0.5, ""cannot_proceed"": 0.03, ""process_list"": 0.01, ""search_content"": 0.0, ""git_status"": 0.0, ""kill_process"": 0.43, ""read_file"": 0.0, ""find_files"": 0.0}",0.21,122,1655,251.6,jev-1.13.0
kill the process eating the most CPU,truncated,2,0,process_list,process_list,1,1.0,"{""kill_process"": 0.0, ""tail_log"": 0.0, ""cannot_proceed"": 0.0, ""git_log"": 0.0, ""search_content"": 0.0, ""read_file"": 0.0, ""process_list"": 1.0, ""list_files"": 0.0, ""port_listeners"": 0.0, ""disk_usage"": 0.0, ""git_status"": 0.0, ""done"": 0.0, ""find_files"": 0.0}",0.03,16,1456,387.4,jev-1.13.0
kill the process eating the most CPU,truncated,2,1,kill_process,kill_process,1,1.0,"{""kill_process"": 1.0, ""disk_usage"": 0.0, ""cannot_proceed"": 0.0, ""search_content"": 0.0, ""git_status"": 0.0, ""find_files"": 0.0, ""port_listeners"": 0.0, ""git_log"": 0.0, ""process_list"": 0.0, ""tail_log"": 0.0, ""list_files"": 0.0, ""done"": 0.0, ""read_file"": 0.0}",0.04,55,1533,251.9,jev-1.13.0
kill the process eating the most CPU,truncated,2,2,kill_process,done,0,0.63,"{""list_files"": 0.0, ""port_listeners"": 0.0, ""disk_usage"": 0.0, ""kill_process"": 0.66, ""read_file"": 0.0, ""git_log"": 0.0, ""process_list"": 0.03, ""done"": 0.24, ""find_files"": 0.0, ""git_status"": 0.0, ""search_content"": 0.0, ""cannot_proceed"": 0.07, ""tail_log"": 0.0}",0.29,70,1560,348.9,jev-1.13.0
kill the process eating the most CPU,truncated,2,3,kill_process,done,0,0.48,"{""read_file"": 0.0, ""port_listeners"": 0.0, ""process_list"": 0.31, ""list_files"": 0.0, ""git_log"": 0.0, ""search_content"": 0.0, ""find_files"": 0.0, ""git_status"": 0.0, ""kill_process"": 0.53, ""done"": 0.12, ""disk_usage"": 0.0, ""cannot_proceed"": 0.04, ""tail_log"": 0.0}",0.24,86,1587,258.8,jev-1.13.0
kill the process eating the most CPU,truncated,2,4,kill_process,done,0,0.61,"{""process_list"": 0.27, ""port_listeners"": 0.0, ""disk_usage"": 0.0, ""done"": 0.06, ""list_files"": 0.0, ""cannot_proceed"": 0.03, ""search_content"": 0.0, ""tail_log"": 0.0, ""kill_process"": 0.64, ""git_status"": 0.0, ""find_files"": 0.0, ""git_log"": 0.0, ""read_file"": 0.0}",0.23,102,1614,262.4,jev-1.13.0
kill the process eating the most CPU,truncated,2,5,kill_process,done,0,0.46,"{""git_log"": 0.0, ""find_files"": 0.0, ""done"": 0.05, ""process_list"": 0.37, ""list_files"": 0.0, ""kill_process"": 0.51, ""read_file"": 0.0, ""git_status"": 0.0, ""cannot_proceed"": 0.07, ""disk_usage"": 0.0, ""search_content"": 0.0, ""tail_log"": 0.0, ""port_listeners"": 0.0}",0.18,118,1641,299.8,jev-1.13.0
tail the log that changed most recently,truncated,2,0,find_files,find_files,1,0.98,"{""read_file"": 0.0, ""git_log"": 0.0, ""cannot_proceed"": 0.0, ""tail_log"": 0.0, ""done"": 0.0, ""port_listeners"": 0.0, ""list_files"": 0.02, ""process_list"": 0.0, ""kill_process"": 0.0, ""search_content"": 0.0, ""find_files"": 0.98, ""git_status"": 0.0, ""disk_usage"": 0.0}",0.04,16,1456,298.3,jev-1.13.0
tail the log that changed most recently,truncated,2,1,tail_log,tail_log,1,1.0,"{""port_listeners"": 0.0, ""find_files"": 0.0, ""done"": 0.0, ""process_list"": 0.0, ""kill_process"": 0.0, ""read_file"": 0.0, ""list_files"": 0.0, ""cannot_proceed"": 0.0, ""git_status"": 0.0, ""disk_usage"": 0.0, ""search_content"": 0.0, ""tail_log"": 1.0, ""git_log"": 0.0}",0.08,59,1553,241.8,jev-1.13.0
tail the log that changed most recently,truncated,2,2,done,done,1,0.98,"{""git_status"": 0.0, ""disk_usage"": 0.0, ""find_files"": 0.0, ""done"": 0.99, ""kill_process"": 0.0, ""list_files"": 0.0, ""read_file"": 0.0, ""port_listeners"": 0.0, ""search_content"": 0.0, ""tail_log"": 0.01, ""process_list"": 0.0, ""git_log"": 0.0, ""cannot_proceed"": 0.0}",0.94,90,1608,232.1,jev-1.13.0
what's using the most disk space here,truncated,2,0,disk_usage,disk_usage,1,1.0,"{""git_status"": 0.0, ""process_list"": 0.0, ""read_file"": 0.0, ""port_listeners"": 0.0, ""tail_log"": 0.0, ""done"": 0.0, ""find_files"": 0.0, ""disk_usage"": 1.0, ""list_files"": 0.0, ""search_content"": 0.0, ""cannot_proceed"": 0.0, ""kill_process"": 0.0, ""git_log"": 0.0}",0.03,16,1457,236.3,jev-1.13.0
what's using the most disk space here,truncated,2,1,done,done,1,0.7,"{""git_status"": 0.0, ""search_content"": 0.0, ""port_listeners"": 0.0, ""read_file"": 0.0, ""find_files"": 0.05, ""disk_usage"": 0.1, ""tail_log"": 0.0, ""kill_process"": 0.0, ""git_log"": 0.0, ""done"": 0.73, ""process_list"": 0.0, ""cannot_proceed"": 0.0, ""list_files"": 0.12}",0.86,40,1505,232.0,jev-1.13.0
restart the database,truncated,2,0,cannot_proceed,cannot_proceed,1,0.75,"{""kill_process"": 0.04, ""disk_usage"": 0.0, ""cannot_proceed"": 0.77, ""search_content"": 0.01, ""git_status"": 0.0, ""find_files"": 0.01, ""port_listeners"": 0.02, ""done"": 0.0, ""process_list"": 0.14, ""tail_log"": 0.01, ""list_files"": 0.0, ""git_log"": 0.0, ""read_file"": 0.0}",0.06,12,1452,273.1,jev-1.13.0
which files have uncommitted changes,truncated,2,0,git_status,git_status,1,0.55,"{""list_files"": 0.0, ""port_listeners"": 0.0, ""disk_usage"": 0.0, ""kill_process"": 0.0, ""read_file"": 0.0, ""git_log"": 0.0, ""done"": 0.41, ""process_list"": 0.0, ""find_files"": 0.0, ""git_status"": 0.59, ""search_content"": 0.0, ""cannot_proceed"": 0.0, ""tail_log"": 0.0}",0.65,16,1456,215.1,jev-1.13.0
which files have uncommitted changes,truncated,2,1,done,done,1,0.99,"{""disk_usage"": 0.0, ""read_file"": 0.01, ""list_files"": 0.0, ""git_status"": 0.01, ""search_content"": 0.0, ""done"": 0.98, ""git_log"": 0.0, ""port_listeners"": 0.0, ""process_list"": 0.0, ""kill_process"": 0.0, ""find_files"": 0.0, ""tail_log"": 0.0, ""cannot_proceed"": 0.0}",0.94,44,1498,305.3,jev-1.13.0
show me the commit history for this repo,truncated,2,0,git_log,git_log,1,1.0,"{""cannot_proceed"": 0.0, ""read_file"": 0.0, ""git_status"": 0.0, ""port_listeners"": 0.0, ""kill_process"": 0.0, ""process_list"": 0.0, ""tail_log"": 0.0, ""search_content"": 0.0, ""list_files"": 0.0, ""git_log"": 1.0, ""find_files"": 0.0, ""disk_usage"": 0.0, ""done"": 0.0}",0.03,17,1457,227.9,jev-1.13.0
show me the commit history for this repo,truncated,2,1,done,done,1,1.0,"{""kill_process"": 0.0, ""done"": 1.0, ""git_log"": 0.0, ""tail_log"": 0.0, ""read_file"": 0.0, ""search_content"": 0.0, ""port_listeners"": 0.0, ""find_files"": 0.0, ""disk_usage"": 0.0, ""git_status"": 0.0, ""process_list"": 0.0, ""cannot_proceed"": 0.0, ""list_files"": 0.0}",0.94,64,1536,260.6,jev-1.13.0
what files are in the internal directory of the glow project,truncated,2,0,list_files,list_files,1,0.9,"{""git_log"": 0.0, ""tail_log"": 0.0, ""disk_usage"": 0.0, ""git_status"": 0.0, ""process_list"": 0.0, ""port_listeners"": 0.0, ""list_files"": 0.91, ""search_content"": 0.0, ""cannot_proceed"": 0.01, ""kill_process"": 0.0, ""read_file"": 0.0, ""find_files"": 0.08, ""done"": 0.0}",0.03,22,1460,287.7,jev-1.13.0
what files are in the internal directory of the glow project,truncated,2,1,done,done,1,0.88,"{""git_status"": 0.0, ""disk_usage"": 0.0, ""find_files"": 0.01, ""done"": 0.89, ""kill_process"": 0.0, ""list_files"": 0.09, ""read_file"": 0.01, ""port_listeners"": 0.0, ""search_content"": 0.0, ""tail_log"": 0.0, ""cannot_proceed"": 0.0, ""git_log"": 0.0, ""process_list"": 0.0}",0.74,41,1496,294.5,jev-1.13.0
show me the contents of the go module file,truncated,2,0,read_file,read_file,1,0.97,"{""tail_log"": 0.0, ""port_listeners"": 0.0, ""kill_process"": 0.0, ""disk_usage"": 0.0, ""read_file"": 0.97, ""git_log"": 0.0, ""process_list"": 0.0, ""done"": 0.0, ""find_files"": 0.02, ""git_status"": 0.0, ""search_content"": 0.0, ""cannot_proceed"": 0.0, ""list_files"": 0.01}",0.03,17,1458,279.1,jev-1.13.0
show me the contents of the go module file,truncated,2,1,read_file,done,0,0.6,"{""cannot_proceed"": 0.0, ""tail_log"": 0.0, ""git_log"": 0.0, ""find_files"": 0.0, ""list_files"": 0.0, ""port_listeners"": 0.0, ""search_content"": 0.0, ""read_file"": 0.64, ""kill_process"": 0.0, ""disk_usage"": 0.0, ""process_list"": 0.0, ""done"": 0.36, ""git_status"": 0.0}",0.13,43,1502,316.5,jev-1.13.0
show me the contents of the go module file,truncated,2,2,read_file,done,0,0.59,"{""done"": 0.37, ""git_log"": 0.0, ""git_status"": 0.0, ""port_listeners"": 0.0, ""list_files"": 0.0, ""kill_process"": 0.0, ""cannot_proceed"": 0.0, ""read_file"": 0.63, ""find_files"": 0.0, ""process_list"": 0.0, ""search_content"": 0.0, ""tail_log"": 0.0, ""disk_usage"": 0.0}",0.16,69,1547,313.6,jev-1.13.0
show me the contents of the go module file,truncated,2,3,read_file,done,0,0.64,"{""git_status"": 0.0, ""disk_usage"": 0.0, ""find_files"": 0.0, ""done"": 0.32, ""kill_process"": 0.0, ""list_files"": 0.0, ""read_file"": 0.68, ""port_listeners"": 0.0, ""search_content"": 0.0, ""tail_log"": 0.0, ""process_list"": 0.0, ""git_log"": 0.0, ""cannot_proceed"": 0.0}",0.13,95,1592,326.2,jev-1.13.0
show me the contents of the go module file,truncated,2,4,read_file,done,0,0.61,"{""tail_log"": 0.0, ""disk_usage"": 0.0, ""cannot_proceed"": 0.0, ""find_files"": 0.0, ""git_status"": 0.0, ""search_content"": 0.0, ""done"": 0.35000000000000003, ""port_listeners"": 0.0, ""list_files"": 0.0, ""read_file"": 0.65, ""kill_process"": 0.0, ""process_list"": 0.0, ""git_log"": 0.0}",0.15,122,1637,238.9,jev-1.13.0
show me the contents of the go module file,truncated,2,5,read_file,done,0,0.61,"{""port_listeners"": 0.0, ""list_files"": 0.0, ""disk_usage"": 0.0, ""tail_log"": 0.0, ""done"": 0.35000000000000003, ""git_log"": 0.0, ""cannot_proceed"": 0.0, ""search_content"": 0.0, ""read_file"": 0.65, ""process_list"": 0.0, ""kill_process"": 0.0, ""git_status"": 0.0, ""find_files"": 0.0}",0.15,148,1682,281.4,jev-1.13.0
is anything listening on port 9999,truncated,2,0,port_listeners,port_listeners,1,0.63,"{""tail_log"": 0.0, ""done"": 0.29, ""read_file"": 0.0, ""kill_process"": 0.0, ""find_files"": 0.0, ""list_files"": 0.0, ""disk_usage"": 0.0, ""port_listeners"": 0.67, ""search_content"": 0.0, ""git_log"": 0.0, ""git_status"": 0.0, ""cannot_proceed"": 0.04, ""process_list"": 0.0}",0.71,15,1459,249.4,jev-1.13.0
is anything listening on port 9999,truncated,2,1,done,done,1,0.56,"{""cannot_proceed"": 0.01, ""git_status"": 0.0, ""kill_process"": 0.0, ""disk_usage"": 0.0, ""read_file"": 0.0, ""find_files"": 0.0, ""process_list"": 0.02, ""list_files"": 0.0, ""git_log"": 0.0, ""search_content"": 0.0, ""tail_log"": 0.0, ""port_listeners"": 0.37, ""done"": 0.6}",0.83,31,1487,276.1,jev-1.13.0
kill whichever process is using the most memory,truncated,2,0,process_list,process_list,1,1.0,"{""cannot_proceed"": 0.0, ""tail_log"": 0.0, ""git_log"": 0.0, ""find_files"": 0.0, ""list_files"": 0.0, ""port_listeners"": 0.0, ""search_content"": 0.0, ""read_file"": 0.0, ""kill_process"": 0.0, ""disk_usage"": 0.0, ""process_list"": 1.0, ""done"": 0.0, ""git_status"": 0.0}",0.03,18,1457,246.9,jev-1.13.0
kill whichever process is using the most memory,truncated,2,1,kill_process,kill_process,1,0.99,"{""git_log"": 0.0, ""tail_log"": 0.0, ""disk_usage"": 0.0, ""git_status"": 0.0, ""process_list"": 0.01, ""port_listeners"": 0.0, ""list_files"": 0.0, ""kill_process"": 0.99, ""cannot_proceed"": 0.0, ""find_files"": 0.0, ""read_file"": 0.0, ""search_content"": 0.0, ""done"": 0.0}",0.05,92,1596,291.0,jev-1.13.0
kill whichever process is using the most memory,truncated,2,2,kill_process,done,0,0.54,"{""git_status"": 0.0, ""port_listeners"": 0.0, ""disk_usage"": 0.0, ""git_log"": 0.0, ""kill_process"": 0.58, ""cannot_proceed"": 0.06, ""list_files"": 0.0, ""process_list"": 0.04, ""search_content"": 0.0, ""tail_log"": 0.0, ""find_files"": 0.0, ""read_file"": 0.0, ""done"": 0.32}",0.33,108,1623,275.3,jev-1.13.0
kill whichever process is using the most memory,truncated,2,3,kill_process,done,0,0.7,"{""cannot_proceed"": 0.03, ""find_files"": 0.0, ""list_files"": 0.0, ""git_status"": 0.0, ""search_content"": 0.0, ""done"": 0.11, ""port_listeners"": 0.0, ""process_list"": 0.14, ""read_file"": 0.0, ""kill_process"": 0.72, ""disk_usage"": 0.0, ""tail_log"": 0.0, ""git_log"": 0.0}",0.27,124,1650,237.2,jev-1.13.0
kill whichever process is using the most memory,truncated,2,4,kill_process,done,0,0.52,"{""git_status"": 0.0, ""disk_usage"": 0.0, ""find_files"": 0.0, ""done"": 0.12, ""tail_log"": 0.0, ""list_files"": 0.0, ""read_file"": 0.0, ""port_listeners"": 0.0, ""search_content"": 0.0, ""kill_process"": 0.55, ""process_list"": 0.28, ""git_log"": 0.0, ""cannot_proceed"": 0.04}",0.27,139,1677,241.7,jev-1.13.0
kill whichever process is using the most memory,truncated,2,5,kill_process,done,0,0.52,"{""find_files"": 0.0, ""git_log"": 0.0, ""git_status"": 0.0, ""list_files"": 0.0, ""search_content"": 0.0, ""done"": 0.09, ""port_listeners"": 0.0, ""read_file"": 0.0, ""process_list"": 0.29, ""kill_process"": 0.56, ""disk_usage"": 0.0, ""tail_log"": 0.0, ""cannot_proceed"": 0.06}",0.2,155,1704,276.6,jev-1.13.0
show me the file that uses the jpeg encoder library,truncated,2,0,search_content,search_content,1,0.98,"{""tail_log"": 0.0, ""disk_usage"": 0.0, ""search_content"": 0.98, ""find_files"": 0.02, ""git_status"": 0.0, ""port_listeners"": 0.0, ""done"": 0.0, ""cannot_proceed"": 0.0, ""list_files"": 0.0, ""read_file"": 0.0, ""kill_process"": 0.0, ""process_list"": 0.0, ""git_log"": 0.0}",0.03,19,1459,242.3,jev-1.13.0
show me the file that uses the jpeg encoder library,truncated,2,1,read_file,read_file,1,0.64,"{""port_listeners"": 0.0, ""search_content"": 0.0, ""process_list"": 0.0, ""done"": 0.32, ""list_files"": 0.0, ""cannot_proceed"": 0.0, ""git_log"": 0.0, ""read_file"": 0.68, ""kill_process"": 0.0, ""tail_log"": 0.0, ""disk_usage"": 0.0, ""git_status"": 0.0, ""find_files"": 0.0}",0.73,89,1560,285.5,jev-1.13.0
show me the file that uses the jpeg encoder library,truncated,2,2,read_file,done,0,0.59,"{""kill_process"": 0.0, ""tail_log"": 0.0, ""cannot_proceed"": 0.0, ""git_log"": 0.0, ""search_content"": 0.0, ""read_file"": 0.63, ""port_listeners"": 0.0, ""process_list"": 0.0, ""list_files"": 0.0, ""disk_usage"": 0.0, ""git_status"": 0.0, ""done"": 0.37, ""find_files"": 0.0}",0.72,133,1610,264.8,jev-1.13.0
show me the file that uses the jpeg encoder library,truncated,2,3,read_file,done,0,0.47,"{""find_files"": 0.0, ""git_log"": 0.0, ""port_listeners"": 0.0, ""tail_log"": 0.0, ""disk_usage"": 0.0, ""git_status"": 0.0, ""read_file"": 0.52, ""kill_process"": 0.0, ""process_list"": 0.0, ""search_content"": 0.0, ""done"": 0.48, ""list_files"": 0.0, ""cannot_proceed"": 0.0}",0.72,178,1660,253.7,jev-1.13.0
show me the file that uses the jpeg encoder library,truncated,2,4,done,done,1,0.48,"{""disk_usage"": 0.0, ""tail_log"": 0.0, ""search_content"": 0.0, ""find_files"": 0.0, ""git_status"": 0.0, ""port_listeners"": 0.0, ""done"": 0.53, ""cannot_proceed"": 0.0, ""list_files"": 0.0, ""read_file"": 0.47, ""kill_process"": 0.0, ""process_list"": 0.0, ""git_log"": 0.0}",0.7,222,1710,223.8,jev-1.13.0
find recently modified go files and show the most recent one,truncated,2,0,find_files,find_files,1,0.97,"{""find_files"": 0.98, ""git_log"": 0.0, ""port_listeners"": 0.0, ""tail_log"": 0.0, ""disk_usage"": 0.0, ""cannot_proceed"": 0.01, ""read_file"": 0.0, ""kill_process"": 0.0, ""process_list"": 0.0, ""search_content"": 0.0, ""done"": 0.01, ""git_status"": 0.0, ""list_files"": 0.0}",0.06,22,1460,302.7,jev-1.13.0
find recently modified go files and show the most recent one,truncated,2,1,find_files,read_file,0,0.44,"{""kill_process"": 0.0, ""find_files"": 0.48, ""git_log"": 0.02, ""tail_log"": 0.0, ""read_file"": 0.19, ""search_content"": 0.0, ""port_listeners"": 0.0, ""done"": 0.08, ""disk_usage"": 0.0, ""git_status"": 0.04, ""cannot_proceed"": 0.11, ""process_list"": 0.0, ""list_files"": 0.08}",0.09,59,1516,248.9,jev-1.13.0
find recently modified go files and show the most recent one,truncated,2,2,find_files,done,0,0.53,"{""list_files"": 0.07, ""port_listeners"": 0.0, ""process_list"": 0.0, ""done"": 0.07, ""git_log"": 0.01, ""search_content"": 0.0, ""find_files"": 0.56, ""git_status"": 0.03, ""kill_process"": 0.0, ""tail_log"": 0.0, ""read_file"": 0.19, ""cannot_proceed"": 0.06, ""disk_usage"": 0.0}",0.08,97,1573,272.7,jev-1.13.0
find recently modified go files and show the most recent one,truncated,2,3,find_files,done,0,0.5,"{""port_listeners"": 0.0, ""list_files"": 0.05, ""git_status"": 0.04, ""search_content"": 0.0, ""tail_log"": 0.0, ""disk_usage"": 0.0, ""git_log"": 0.02, ""find_files"": 0.54, ""read_file"": 0.19, ""kill_process"": 0.0, ""process_list"": 0.0, ""cannot_proceed"": 0.09, ""done"": 0.07}",0.06,135,1630,241.8,jev-1.13.0
find recently modified go files and show the most recent one,truncated,2,4,find_files,done,0,0.52,"{""process_list"": 0.0, ""done"": 0.04, ""disk_usage"": 0.0, ""port_listeners"": 0.0, ""list_files"": 0.05, ""cannot_proceed"": 0.09, ""git_status"": 0.04, ""tail_log"": 0.0, ""kill_process"": 0.0, ""search_content"": 0.0, ""find_files"": 0.56, ""git_log"": 0.02, ""read_file"": 0.2}",0.05,173,1687,305.6,jev-1.13.0
find recently modified go files and show the most recent one,truncated,2,5,find_files,done,0,0.48,"{""search_content"": 0.0, ""git_status"": 0.05, ""cannot_proceed"": 0.09, ""process_list"": 0.0, ""list_files"": 0.09, ""find_files"": 0.52, ""done"": 0.05, ""port_listeners"": 0.0, ""disk_usage"": 0.0, ""read_file"": 0.18, ""git_log"": 0.02, ""tail_log"": 0.0, ""kill_process"": 0.0}",0.05,211,1744,224.6,jev-1.13.0
read whichever readme is in the skills project,truncated,2,0,find_files,list_files,0,0.85,"{""git_status"": 0.0, ""done"": 0.0, ""cannot_proceed"": 0.0, ""git_log"": 0.0, ""kill_process"": 0.0, ""port_listeners"": 0.0, ""list_files"": 0.12, ""process_list"": 0.0, ""search_content"": 0.0, ""tail_log"": 0.0, ""find_files"": 0.87, ""read_file"": 0.01, ""disk_usage"": 0.0}",0.04,18,1458,294.4,jev-1.13.0
read whichever readme is in the skills project,truncated,2,1,find_files,read_file,0,0.58,"{""git_log"": 0.0, ""tail_log"": 0.0, ""disk_usage"": 0.0, ""git_status"": 0.0, ""process_list"": 0.0, ""port_listeners"": 0.0, ""list_files"": 0.3, ""search_content"": 0.01, ""cannot_proceed"": 0.01, ""find_files"": 0.61, ""read_file"": 0.07, ""kill_process"": 0.0, ""done"": 0.0}",0.04,49,1502,257.6,jev-1.13.0
read whichever readme is in the skills project,truncated,2,2,find_files,done,0,0.53,"{""done"": 0.0, ""git_log"": 0.0, ""git_status"": 0.0, ""port_listeners"": 0.0, ""list_files"": 0.32, ""kill_process"": 0.0, ""cannot_proceed"": 0.0, ""read_file"": 0.08, ""find_files"": 0.5700000000000001, ""process_list"": 0.0, ""search_content"": 0.02, ""tail_log"": 0.0, ""disk_usage"": 0.0}",0.04,80,1547,322.4,jev-1.13.0
read whichever readme is in the skills project,truncated,2,3,find_files,done,0,0.52,"{""cannot_proceed"": 0.01, ""git_log"": 0.0, ""tail_log"": 0.0, ""done"": 0.0, ""read_file"": 0.12, ""port_listeners"": 0.0, ""disk_usage"": 0.0, ""process_list"": 0.0, ""kill_process"": 0.0, ""git_status"": 0.0, ""find_files"": 0.56, ""search_content"": 0.02, ""list_files"": 0.28}",0.03,111,1592,278.8,jev-1.13.0
read whichever readme is in the skills project,truncated,2,4,find_files,done,0,0.54,"{""find_files"": 0.59, ""git_status"": 0.0, ""process_list"": 0.0, ""git_log"": 0.0, ""disk_usage"": 0.0, ""kill_process"": 0.0, ""search_content"": 0.02, ""list_files"": 0.28, ""cannot_proceed"": 0.01, ""read_file"": 0.1, ""done"": 0.0, ""port_listeners"": 0.0, ""tail_log"": 0.0}",0.03,143,1637,288.5,jev-1.13.0
read whichever readme is in the skills project,truncated,2,5,find_files,done,0,0.47,"{""kill_process"": 0.0, ""tail_log"": 0.0, ""cannot_proceed"": 0.01, ""git_log"": 0.0, ""search_content"": 0.02, ""read_file"": 0.13, ""list_files"": 0.32, ""port_listeners"": 0.0, ""process_list"": 0.0, ""disk_usage"": 0.0, ""git_status"": 0.0, ""done"": 0.0, ""find_files"": 0.52}",0.02,174,1682,300.8,jev-1.13.0
tail whichever npm log has the most content in it,truncated,2,0,find_files,find_files,1,0.84,"{""tail_log"": 0.01, ""done"": 0.0, ""kill_process"": 0.0, ""read_file"": 0.0, ""find_files"": 0.85, ""list_files"": 0.1, ""disk_usage"": 0.03, ""process_list"": 0.0, ""search_content"": 0.0, ""git_log"": 0.0, ""git_status"": 0.0, ""cannot_proceed"": 0.01, ""port_listeners"": 0.0}",0.03,19,1459,266.5,jev-1.13.0
tail whichever npm log has the most content in it,truncated,2,1,tail_log,tail_log,1,0.99,"{""port_listeners"": 0.0, ""find_files"": 0.0, ""done"": 0.0, ""read_file"": 0.0, ""kill_process"": 0.0, ""process_list"": 0.0, ""list_files"": 0.0, ""cannot_proceed"": 0.0, ""git_status"": 0.0, ""disk_usage"": 0.0, ""search_content"": 0.0, ""tail_log"": 1.0, ""git_log"": 0.0}",0.1,87,1654,363.9,jev-1.13.0
tail whichever npm log has the most content in it,truncated,2,2,tail_log,done,0,0.64,"{""tail_log"": 0.67, ""list_files"": 0.0, ""read_file"": 0.0, ""process_list"": 0.0, ""git_log"": 0.0, ""port_listeners"": 0.0, ""done"": 0.32, ""cannot_proceed"": 0.01, ""find_files"": 0.0, ""kill_process"": 0.0, ""disk_usage"": 0.0, ""git_status"": 0.0, ""search_content"": 0.0}",0.56,129,1721,257.2,jev-1.13.0
tail whichever npm log has the most content in it,truncated,2,3,tail_log,done,0,0.86,"{""done"": 0.11, ""git_log"": 0.0, ""port_listeners"": 0.0, ""tail_log"": 0.88, ""search_content"": 0.0, ""process_list"": 0.0, ""read_file"": 0.0, ""list_files"": 0.0, ""kill_process"": 0.0, ""disk_usage"": 0.0, ""cannot_proceed"": 0.01, ""git_status"": 0.0, ""find_files"": 0.0}",0.3,172,1788,264.3,jev-1.13.0
tail whichever npm log has the most content in it,truncated,2,4,tail_log,done,0,0.82,"{""git_status"": 0.0, ""done"": 0.13, ""disk_usage"": 0.0, ""git_log"": 0.0, ""kill_process"": 0.0, ""read_file"": 0.0, ""list_files"": 0.0, ""process_list"": 0.0, ""search_content"": 0.0, ""tail_log"": 0.84, ""find_files"": 0.0, ""port_listeners"": 0.0, ""cannot_proceed"": 0.03}",0.19,215,1855,284.3,jev-1.13.0
tail whichever npm log has the most content in it,truncated,2,5,tail_log,done,0,0.83,"{""read_file"": 0.01, ""process_list"": 0.0, ""git_status"": 0.0, ""cannot_proceed"": 0.04, ""disk_usage"": 0.0, ""tail_log"": 0.85, ""kill_process"": 0.0, ""find_files"": 0.0, ""search_content"": 0.0, ""done"": 0.1, ""git_log"": 0.0, ""list_files"": 0.0, ""port_listeners"": 0.0}",0.16,258,1922,254.6,jev-1.13.0
show the most recently changed file in the skills repo,truncated,2,0,find_files,find_files,1,0.78,"{""git_status"": 0.07, ""git_log"": 0.09, ""port_listeners"": 0.0, ""done"": 0.0, ""list_files"": 0.03, ""kill_process"": 0.0, ""search_content"": 0.0, ""read_file"": 0.0, ""find_files"": 0.8, ""process_list"": 0.0, ""cannot_proceed"": 0.01, ""tail_log"": 0.0, ""disk_usage"": 0.0}",0.03,20,1459,256.7,jev-1.13.0
show the most recently changed file in the skills repo,truncated,2,1,find_files,read_file,0,0.34,"{""cannot_proceed"": 0.01, ""git_log"": 0.11, ""tail_log"": 0.0, ""done"": 0.2, ""read_file"": 0.07, ""kill_process"": 0.0, ""disk_usage"": 0.0, ""process_list"": 0.0, ""port_listeners"": 0.0, ""git_status"": 0.13, ""find_files"": 0.4, ""search_content"": 0.0, ""list_files"": 0.07}",0.21,36,1487,252.7,jev-1.13.0
show the most recently changed file in the skills repo,truncated,2,2,find_files,done,0,0.5,"{""git_status"": 0.13, ""port_listeners"": 0.0, ""done"": 0.08, ""git_log"": 0.13, ""kill_process"": 0.0, ""cannot_proceed"": 0.02, ""list_files"": 0.06, ""process_list"": 0.0, ""search_content"": 0.0, ""tail_log"": 0.0, ""find_files"": 0.53, ""read_file"": 0.05, ""disk_usage"": 0.0}",0.09,53,1516,254.2,jev-1.13.0
show the most recently changed file in the skills repo,truncated,2,3,find_files,done,0,0.47,"{""git_log"": 0.16, ""tail_log"": 0.0, ""disk_usage"": 0.0, ""git_status"": 0.17, ""process_list"": 0.0, ""port_listeners"": 0.0, ""find_files"": 0.51, ""search_content"": 0.0, ""cannot_proceed"": 0.02, ""list_files"": 0.04, ""read_file"": 0.05, ""kill_process"": 0.0, ""done"": 0.05}",0.06,70,1545,275.4,jev-1.13.0
show the most recently changed file in the skills repo,truncated,2,4,find_files,done,0,0.49,"{""git_log"": 0.12, ""find_files"": 0.53, ""done"": 0.08, ""process_list"": 0.0, ""list_files"": 0.06, ""read_file"": 0.05, ""kill_process"": 0.0, ""git_status"": 0.13, ""cannot_proceed"": 0.03, ""disk_usage"": 0.0, ""search_content"": 0.0, ""tail_log"": 0.0, ""port_listeners"": 0.0}",0.06,87,1574,298.3,jev-1.13.0
show the most recently changed file in the skills repo,truncated,2,5,find_files,done,0,0.42,"{""port_listeners"": 0.0, ""list_files"": 0.05, ""disk_usage"": 0.0, ""tail_log"": 0.0, ""done"": 0.1, ""find_files"": 0.48, ""cannot_proceed"": 0.03, ""git_status"": 0.18, ""read_file"": 0.05, ""search_content"": 0.0, ""kill_process"": 0.0, ""process_list"": 0.0, ""git_log"": 0.11}",0.09,103,1603,266.2,jev-1.13.0
tail whichever npm log is newest,truncated,2,0,find_files,find_files,1,0.97,"{""port_listeners"": 0.0, ""search_content"": 0.0, ""cannot_proceed"": 0.0, ""done"": 0.0, ""list_files"": 0.02, ""process_list"": 0.0, ""git_log"": 0.0, ""read_file"": 0.0, ""disk_usage"": 0.0, ""tail_log"": 0.0, ""kill_process"": 0.0, ""find_files"": 0.98, ""git_status"": 0.0}",0.04,15,1455,302.5,jev-1.13.0
tail whichever npm log is newest,truncated,2,1,tail_log,tail_log,1,0.96,"{""port_listeners"": 0.0, ""cannot_proceed"": 0.0, ""git_log"": 0.0, ""read_file"": 0.0, ""kill_process"": 0.0, ""git_status"": 0.0, ""search_content"": 0.0, ""disk_usage"": 0.0, ""tail_log"": 0.97, ""find_files"": 0.03, ""done"": 0.0, ""process_list"": 0.0, ""list_files"": 0.0}",0.07,74,1622,307.8,jev-1.13.0
tail whichever npm log is newest,truncated,2,2,done,done,1,0.79,"{""git_status"": 0.0, ""read_file"": 0.0, ""cannot_proceed"": 0.01, ""port_listeners"": 0.0, ""done"": 0.81, ""find_files"": 0.02, ""search_content"": 0.0, ""tail_log"": 0.15, ""process_list"": 0.0, ""list_files"": 0.0, ""git_log"": 0.0, ""kill_process"": 0.0, ""disk_usage"": 0.0}",0.79,139,1711,259.4,jev-1.13.0
deploy the app to production,truncated,2,0,cannot_proceed,cannot_proceed,1,0.49,"{""port_listeners"": 0.0, ""search_content"": 0.01, ""process_list"": 0.0, ""done"": 0.0, ""list_files"": 0.07, ""read_file"": 0.01, ""git_log"": 0.02, ""cannot_proceed"": 0.53, ""disk_usage"": 0.0, ""tail_log"": 0.0, ""kill_process"": 0.0, ""find_files"": 0.13, ""git_status"": 0.23}",0.05,14,1454,241.4,jev-1.13.0
send a message to the team on slack,truncated,2,0,cannot_proceed,cannot_proceed,1,1.0,"{""git_status"": 0.0, ""list_files"": 0.0, ""port_listeners"": 0.0, ""read_file"": 0.0, ""process_list"": 0.0, ""disk_usage"": 0.0, ""tail_log"": 0.0, ""kill_process"": 0.0, ""git_log"": 0.0, ""done"": 0.0, ""find_files"": 0.0, ""cannot_proceed"": 1.0, ""search_content"": 0.0}",0.05,15,1457,212.7,jev-1.13.0
rename this file to something else,truncated,2,0,find_files,cannot_proceed,0,0.49,"{""tail_log"": 0.0, ""done"": 0.0, ""read_file"": 0.01, ""process_list"": 0.0, ""list_files"": 0.07, ""port_listeners"": 0.0, ""git_log"": 0.0, ""cannot_proceed"": 0.38, ""git_status"": 0.01, ""find_files"": 0.53, ""disk_usage"": 0.0, ""kill_process"": 0.0, ""search_content"": 0.0}",0.04,15,1455,277.0,jev-1.13.0
rename this file to something else,truncated,2,1,cannot_proceed,done,0,0.55,"{""disk_usage"": 0.0, ""port_listeners"": 0.0, ""process_list"": 0.0, ""list_files"": 0.19, ""git_log"": 0.0, ""search_content"": 0.01, ""find_files"": 0.15, ""git_status"": 0.03, ""kill_process"": 0.0, ""done"": 0.0, ""read_file"": 0.03, ""cannot_proceed"": 0.59, ""tail_log"": 0.0}",0.03,46,1499,240.3,jev-1.13.0
install the missing npm dependency,truncated,2,0,list_files,cannot_proceed,0,0.26,"{""port_listeners"": 0.0, ""list_files"": 0.32, ""disk_usage"": 0.0, ""read_file"": 0.17, ""kill_process"": 0.0, ""search_content"": 0.04, ""git_status"": 0.01, ""find_files"": 0.13, ""tail_log"": 0.02, ""process_list"": 0.0, ""done"": 0.0, ""cannot_proceed"": 0.31, ""git_log"": 0.0}",0.04,15,1454,246.3,jev-1.13.0
install the missing npm dependency,truncated,2,1,read_file,done,0,0.8,"{""port_listeners"": 0.0, ""list_files"": 0.02, ""find_files"": 0.01, ""cannot_proceed"": 0.14, ""tail_log"": 0.0, ""disk_usage"": 0.0, ""git_log"": 0.0, ""process_list"": 0.0, ""read_file"": 0.82, ""done"": 0.0, ""kill_process"": 0.0, ""search_content"": 0.01, ""git_status"": 0.0}",0.03,34,1486,361.6,jev-1.13.0
install the missing npm dependency,truncated,2,2,cannot_proceed,done,0,0.55,"{""cannot_proceed"": 0.58, ""read_file"": 0.3, ""git_status"": 0.01, ""port_listeners"": 0.0, ""done"": 0.0, ""process_list"": 0.0, ""tail_log"": 0.0, ""search_content"": 0.03, ""list_files"": 0.05, ""find_files"": 0.03, ""git_log"": 0.0, ""disk_usage"": 0.0, ""kill_process"": 0.0}",0.04,77,1553,269.4,jev-1.13.0
what's the most recent commit in driftmark,truncated,2,0,git_log,git_log,1,0.95,"{""cannot_proceed"": 0.0, ""git_status"": 0.0, ""kill_process"": 0.0, ""disk_usage"": 0.0, ""git_log"": 0.96, ""find_files"": 0.03, ""process_list"": 0.0, ""list_files"": 0.01, ""read_file"": 0.0, ""search_content"": 0.0, ""port_listeners"": 0.0, ""tail_log"": 0.0, ""done"": 0.0}",0.02,17,1459,259.0,jev-1.13.0
what's the most recent commit in driftmark,truncated,2,1,done,done,1,0.99,"{""git_log"": 0.01, ""find_files"": 0.0, ""read_file"": 0.0, ""git_status"": 0.0, ""done"": 0.99, ""list_files"": 0.0, ""port_listeners"": 0.0, ""cannot_proceed"": 0.0, ""disk_usage"": 0.0, ""tail_log"": 0.0, ""search_content"": 0.0, ""kill_process"": 0.0, ""process_list"": 0.0}",0.87,46,1515,245.1,jev-1.13.0
what does the go module for glow require,truncated,2,0,read_file,read_file,1,0.92,"{""process_list"": 0.0, ""disk_usage"": 0.0, ""tail_log"": 0.0, ""list_files"": 0.01, ""done"": 0.0, ""git_status"": 0.0, ""search_content"": 0.01, ""find_files"": 0.05, ""read_file"": 0.93, ""git_log"": 0.0, ""port_listeners"": 0.0, ""cannot_proceed"": 0.0, ""kill_process"": 0.0}",0.03,17,1457,226.7,jev-1.13.0
what does the go module for glow require,truncated,2,1,read_file,done,0,0.93,"{""find_files"": 0.0, ""list_files"": 0.0, ""port_listeners"": 0.0, ""tail_log"": 0.0, ""disk_usage"": 0.0, ""cannot_proceed"": 0.0, ""read_file"": 0.9400000000000001, ""kill_process"": 0.0, ""process_list"": 0.0, ""search_content"": 0.0, ""done"": 0.06, ""git_status"": 0.0, ""git_log"": 0.0}",0.08,42,1501,297.3,jev-1.13.0
what does the go module for glow require,truncated,2,2,read_file,done,0,0.95,"{""cannot_proceed"": 0.01, ""read_file"": 0.95, ""kill_process"": 0.0, ""port_listeners"": 0.0, ""done"": 0.04, ""tail_log"": 0.0, ""process_list"": 0.0, ""search_content"": 0.0, ""list_files"": 0.0, ""git_log"": 0.0, ""find_files"": 0.0, ""disk_usage"": 0.0, ""git_status"": 0.0}",0.07,69,1546,269.6,jev-1.13.0
what does the go module for glow require,truncated,2,3,read_file,done,0,0.95,"{""list_files"": 0.0, ""port_listeners"": 0.0, ""kill_process"": 0.0, ""disk_usage"": 0.0, ""read_file"": 0.96, ""git_log"": 0.0, ""process_list"": 0.0, ""done"": 0.03, ""find_files"": 0.0, ""git_status"": 0.0, ""search_content"": 0.0, ""cannot_proceed"": 0.01, ""tail_log"": 0.0}",0.06,95,1591,261.5,jev-1.13.0
what does the go module for glow require,truncated,2,4,read_file,done,0,0.95,"{""port_listeners"": 0.0, ""find_files"": 0.0, ""process_list"": 0.0, ""git_status"": 0.0, ""read_file"": 0.96, ""list_files"": 0.01, ""tail_log"": 0.0, ""done"": 0.02, ""disk_usage"": 0.0, ""search_content"": 0.0, ""git_log"": 0.0, ""cannot_proceed"": 0.01, ""kill_process"": 0.0}",0.05,121,1636,254.3,jev-1.13.0
what does the go module for glow require,truncated,2,5,read_file,done,0,0.94,"{""disk_usage"": 0.0, ""port_listeners"": 0.0, ""process_list"": 0.0, ""list_files"": 0.0, ""git_log"": 0.0, ""search_content"": 0.0, ""find_files"": 0.0, ""git_status"": 0.0, ""kill_process"": 0.0, ""tail_log"": 0.0, ""read_file"": 0.95, ""cannot_proceed"": 0.02, ""done"": 0.03}",0.05,147,1681,257.6,jev-1.13.0
are there uncommitted changes in the hermes project,truncated,2,0,git_status,git_status,1,0.88,"{""cannot_proceed"": 0.0, ""port_listeners"": 0.0, ""disk_usage"": 0.0, ""process_list"": 0.0, ""list_files"": 0.0, ""done"": 0.11, ""git_status"": 0.89, ""tail_log"": 0.0, ""kill_process"": 0.0, ""search_content"": 0.0, ""find_files"": 0.0, ""git_log"": 0.0, ""read_file"": 0.0}",0.44,19,1460,245.6,jev-1.13.0
are there uncommitted changes in the hermes project,truncated,2,1,done,done,1,0.93,"{""tail_log"": 0.0, ""done"": 0.93, ""process_list"": 0.0, ""port_listeners"": 0.0, ""find_files"": 0.0, ""list_files"": 0.01, ""disk_usage"": 0.0, ""kill_process"": 0.0, ""search_content"": 0.0, ""git_log"": 0.0, ""git_status"": 0.05, ""cannot_proceed"": 0.0, ""read_file"": 0.0}",0.88,37,1490,235.1,jev-1.13.0
which skill docs were modified,truncated,2,0,git_status,git_status,1,0.86,"{""read_file"": 0.0, ""git_log"": 0.02, ""tail_log"": 0.0, ""cannot_proceed"": 0.0, ""done"": 0.01, ""port_listeners"": 0.0, ""disk_usage"": 0.0, ""process_list"": 0.0, ""kill_process"": 0.0, ""git_status"": 0.88, ""find_files"": 0.09, ""search_content"": 0.0, ""list_files"": 0.0}",0.07,14,1454,240.8,jev-1.13.0
which skill docs were modified,truncated,2,1,done,done,1,0.9,"{""list_files"": 0.0, ""process_list"": 0.0, ""cannot_proceed"": 0.0, ""disk_usage"": 0.0, ""git_status"": 0.01, ""find_files"": 0.0, ""kill_process"": 0.0, ""git_log"": 0.02, ""done"": 0.91, ""port_listeners"": 0.0, ""read_file"": 0.06, ""search_content"": 0.0, ""tail_log"": 0.0}",0.86,32,1484,272.4,jev-1.13.0
