fixture_id,strategy,repeat,step_idx,chosen,expected,correct,confidence,probabilities_json,goal_noul,state_tokens,input_tokens,latency_ms,model
kill whatever's on port 3000,truncated,0,0,port_listeners,port_listeners,1,0.98,"{""port_listeners"": 0.99, ""find_files"": 0.0, ""done"": 0.0, ""process_list"": 0.0, ""list_files"": 0.0, ""read_file"": 0.0, ""kill_process"": 0.0, ""cannot_proceed"": 0.01, ""git_status"": 0.0, ""disk_usage"": 0.0, ""search_content"": 0.0, ""tail_log"": 0.0, ""git_log"": 0.0}",0.07,14,1647,652.1,jev-1.13.0
kill whatever's on port 3000,truncated,0,1,kill_process,kill_process,1,1.0,"{""git_status"": 0.0, ""disk_usage"": 0.0, ""find_files"": 0.0, ""done"": 0.0, ""tail_log"": 0.0, ""list_files"": 0.0, ""read_file"": 0.0, ""port_listeners"": 0.0, ""search_content"": 0.0, ""kill_process"": 1.0, ""process_list"": 0.0, ""git_log"": 0.0, ""cannot_proceed"": 0.0}",0.03,59,1735,277.0,jev-1.13.0
kill whatever's on port 3000,truncated,0,2,kill_process,done,0,0.38,"{""read_file"": 0.0, ""list_files"": 0.0, ""kill_process"": 0.44, ""process_list"": 0.01, ""port_listeners"": 0.3, ""disk_usage"": 0.0, ""find_files"": 0.0, ""search_content"": 0.0, ""done"": 0.21, ""tail_log"": 0.0, ""git_status"": 0.0, ""git_log"": 0.0, ""cannot_proceed"": 0.04}",0.37,75,1762,321.0,jev-1.13.0
kill whatever's on port 3000,truncated,0,3,kill_process,done,0,0.56,"{""tail_log"": 0.0, ""done"": 0.04, ""read_file"": 0.0, ""process_list"": 0.01, ""port_listeners"": 0.32, ""git_log"": 0.0, ""list_files"": 0.0, ""kill_process"": 0.59, ""find_files"": 0.0, ""cannot_proceed"": 0.04, ""disk_usage"": 0.0, ""git_status"": 0.0, ""search_content"": 0.0}",0.25,91,1789,270.0,jev-1.13.0
kill whatever's on port 3000,truncated,0,4,kill_process,done,0,0.47,"{""search_content"": 0.0, ""kill_process"": 0.52, ""read_file"": 0.0, ""cannot_proceed"": 0.04, ""done"": 0.03, ""git_status"": 0.0, ""git_log"": 0.0, ""process_list"": 0.01, ""find_files"": 0.0, ""tail_log"": 0.0, ""port_listeners"": 0.4, ""disk_usage"": 0.0, ""list_files"": 0.0}",0.22,107,1816,223.4,jev-1.13.0
kill whatever's on port 3000,truncated,0,5,kill_process,done,0,0.43,"{""kill_process"": 0.48, ""find_files"": 0.0, ""cannot_proceed"": 0.04, ""disk_usage"": 0.0, ""git_log"": 0.0, ""tail_log"": 0.0, ""search_content"": 0.0, ""git_status"": 0.0, ""read_file"": 0.0, ""list_files"": 0.0, ""port_listeners"": 0.45, ""process_list"": 0.01, ""done"": 0.02}",0.2,122,1843,251.2,jev-1.13.0
kill the process eating the most CPU,truncated,0,0,process_list,process_list,1,1.0,"{""port_listeners"": 0.0, ""read_file"": 0.0, ""cannot_proceed"": 0.0, ""done"": 0.0, ""git_log"": 0.0, ""disk_usage"": 0.0, ""process_list"": 1.0, ""git_status"": 0.0, ""tail_log"": 0.0, ""list_files"": 0.0, ""kill_process"": 0.0, ""find_files"": 0.0, ""search_content"": 0.0}",0.03,16,1644,298.6,jev-1.13.0
kill the process eating the most CPU,truncated,0,1,kill_process,kill_process,1,1.0,"{""read_file"": 0.0, ""search_content"": 0.0, ""git_status"": 0.0, ""process_list"": 0.0, ""port_listeners"": 0.0, ""done"": 0.0, ""kill_process"": 1.0, ""git_log"": 0.0, ""disk_usage"": 0.0, ""tail_log"": 0.0, ""cannot_proceed"": 0.0, ""find_files"": 0.0, ""list_files"": 0.0}",0.04,55,1721,250.1,jev-1.13.0
kill the process eating the most CPU,truncated,0,2,kill_process,done,0,0.54,"{""disk_usage"": 0.0, ""kill_process"": 0.59, ""search_content"": 0.0, ""cannot_proceed"": 0.04, ""git_status"": 0.0, ""find_files"": 0.0, ""port_listeners"": 0.0, ""git_log"": 0.0, ""process_list"": 0.06, ""done"": 0.31, ""list_files"": 0.0, ""tail_log"": 0.0, ""read_file"": 0.0}",0.29,70,1748,262.5,jev-1.13.0
kill the process eating the most CPU,truncated,0,3,kill_process,done,0,0.63,"{""git_status"": 0.0, ""port_listeners"": 0.0, ""search_content"": 0.0, ""list_files"": 0.0, ""find_files"": 0.0, ""kill_process"": 0.66, ""disk_usage"": 0.0, ""process_list"": 0.21, ""read_file"": 0.0, ""done"": 0.09, ""cannot_proceed"": 0.04, ""git_log"": 0.0, ""tail_log"": 0.0}",0.25,86,1775,244.2,jev-1.13.0
kill the process eating the most CPU,truncated,0,4,kill_process,done,0,0.52,"{""find_files"": 0.0, ""git_log"": 0.0, ""process_list"": 0.34, ""git_status"": 0.0, ""read_file"": 0.0, ""done"": 0.06, ""cannot_proceed"": 0.04, ""list_files"": 0.0, ""search_content"": 0.0, ""disk_usage"": 0.0, ""kill_process"": 0.56, ""port_listeners"": 0.0, ""tail_log"": 0.0}",0.21,102,1802,241.5,jev-1.13.0
kill the process eating the most CPU,truncated,0,5,kill_process,done,0,0.49,"{""port_listeners"": 0.0, ""list_files"": 0.0, ""disk_usage"": 0.0, ""cannot_proceed"": 0.04, ""tail_log"": 0.0, ""find_files"": 0.0, ""git_log"": 0.0, ""process_list"": 0.39, ""read_file"": 0.0, ""done"": 0.04, ""kill_process"": 0.53, ""search_content"": 0.0, ""git_status"": 0.0}",0.18,118,1829,243.4,jev-1.13.0
tail the log that changed most recently,truncated,0,0,find_files,find_files,1,0.96,"{""list_files"": 0.02, ""search_content"": 0.0, ""cannot_proceed"": 0.0, ""kill_process"": 0.0, ""git_status"": 0.0, ""disk_usage"": 0.0, ""git_log"": 0.0, ""find_files"": 0.97, ""done"": 0.0, ""port_listeners"": 0.0, ""read_file"": 0.0, ""process_list"": 0.0, ""tail_log"": 0.01}",0.04,16,1644,253.2,jev-1.13.0
tail the log that changed most recently,truncated,0,1,tail_log,tail_log,1,1.0,"{""git_log"": 0.0, ""tail_log"": 1.0, ""disk_usage"": 0.0, ""git_status"": 0.0, ""process_list"": 0.0, ""port_listeners"": 0.0, ""find_files"": 0.0, ""kill_process"": 0.0, ""cannot_proceed"": 0.0, ""search_content"": 0.0, ""read_file"": 0.0, ""list_files"": 0.0, ""done"": 0.0}",0.07,59,1741,268.4,jev-1.13.0
tail the log that changed most recently,truncated,0,2,done,done,1,0.98,"{""git_log"": 0.0, ""tail_log"": 0.01, ""disk_usage"": 0.0, ""git_status"": 0.0, ""process_list"": 0.0, ""port_listeners"": 0.0, ""list_files"": 0.0, ""kill_process"": 0.0, ""cannot_proceed"": 0.0, ""find_files"": 0.0, ""read_file"": 0.0, ""search_content"": 0.0, ""done"": 0.99}",0.94,90,1796,459.5,jev-1.13.0
what's using the most disk space here,truncated,0,0,disk_usage,disk_usage,1,1.0,"{""kill_process"": 0.0, ""tail_log"": 0.0, ""cannot_proceed"": 0.0, ""git_log"": 0.0, ""search_content"": 0.0, ""read_file"": 0.0, ""port_listeners"": 0.0, ""list_files"": 0.0, ""process_list"": 0.0, ""disk_usage"": 1.0, ""git_status"": 0.0, ""done"": 0.0, ""find_files"": 0.0}",0.03,16,1645,357.7,jev-1.13.0
what's using the most disk space here,truncated,0,1,done,done,1,0.72,"{""process_list"": 0.0, ""done"": 0.75, ""disk_usage"": 0.1, ""cannot_proceed"": 0.0, ""list_files"": 0.12, ""port_listeners"": 0.0, ""search_content"": 0.0, ""tail_log"": 0.0, ""kill_process"": 0.0, ""git_status"": 0.0, ""find_files"": 0.03, ""git_log"": 0.0, ""read_file"": 0.0}",0.87,40,1693,339.6,jev-1.13.0
restart the database,truncated,0,0,cannot_proceed,cannot_proceed,1,0.97,"{""read_file"": 0.0, ""git_log"": 0.0, ""done"": 0.0, ""cannot_proceed"": 0.99, ""tail_log"": 0.0, ""port_listeners"": 0.0, ""list_files"": 0.0, ""process_list"": 0.01, ""disk_usage"": 0.0, ""search_content"": 0.0, ""find_files"": 0.0, ""git_status"": 0.0, ""kill_process"": 0.0}",0.05,12,1640,244.1,jev-1.13.0
which files have uncommitted changes,truncated,0,0,git_status,git_status,1,0.46,"{""git_status"": 0.51, ""process_list"": 0.0, ""read_file"": 0.0, ""port_listeners"": 0.0, ""tail_log"": 0.0, ""done"": 0.49, ""find_files"": 0.0, ""disk_usage"": 0.0, ""list_files"": 0.0, ""search_content"": 0.0, ""cannot_proceed"": 0.0, ""git_log"": 0.0, ""kill_process"": 0.0}",0.65,16,1644,316.9,jev-1.13.0
which files have uncommitted changes,truncated,0,1,done,done,1,0.99,"{""tail_log"": 0.0, ""port_listeners"": 0.0, ""disk_usage"": 0.0, ""kill_process"": 0.0, ""read_file"": 0.0, ""git_log"": 0.0, ""done"": 0.99, ""process_list"": 0.0, ""find_files"": 0.0, ""git_status"": 0.01, ""search_content"": 0.0, ""cannot_proceed"": 0.0, ""list_files"": 0.0}",0.95,44,1686,251.3,jev-1.13.0
show me the commit history for this repo,truncated,0,0,git_log,git_log,1,1.0,"{""git_status"": 0.0, ""process_list"": 0.0, ""read_file"": 0.0, ""port_listeners"": 0.0, ""tail_log"": 0.0, ""done"": 0.0, ""find_files"": 0.0, ""disk_usage"": 0.0, ""kill_process"": 0.0, ""list_files"": 0.0, ""cannot_proceed"": 0.0, ""search_content"": 0.0, ""git_log"": 1.0}",0.03,17,1645,385.8,jev-1.13.0
show me the commit history for this repo,truncated,0,1,done,done,1,0.99,"{""disk_usage"": 0.0, ""tail_log"": 0.0, ""search_content"": 0.0, ""find_files"": 0.0, ""git_status"": 0.0, ""cannot_proceed"": 0.0, ""done"": 0.99, ""port_listeners"": 0.0, ""kill_process"": 0.0, ""read_file"": 0.0, ""list_files"": 0.0, ""process_list"": 0.0, ""git_log"": 0.01}",0.95,64,1724,287.3,jev-1.13.0
what files are in the internal directory of the glow project,truncated,0,0,list_files,list_files,1,0.95,"{""search_content"": 0.0, ""kill_process"": 0.0, ""cannot_proceed"": 0.01, ""read_file"": 0.0, ""done"": 0.0, ""list_files"": 0.95, ""git_log"": 0.0, ""process_list"": 0.0, ""find_files"": 0.04, ""tail_log"": 0.0, ""port_listeners"": 0.0, ""disk_usage"": 0.0, ""git_status"": 0.0}",0.03,22,1648,292.9,jev-1.13.0
what files are in the internal directory of the glow project,truncated,0,1,done,done,1,0.91,"{""find_files"": 0.0, ""git_log"": 0.0, ""process_list"": 0.0, ""git_status"": 0.0, ""disk_usage"": 0.0, ""done"": 0.93, ""search_content"": 0.0, ""list_files"": 0.07, ""read_file"": 0.0, ""kill_process"": 0.0, ""cannot_proceed"": 0.0, ""port_listeners"": 0.0, ""tail_log"": 0.0}",0.79,41,1684,247.9,jev-1.13.0
show me the contents of the go module file,truncated,0,0,read_file,read_file,1,0.98,"{""find_files"": 0.01, ""git_log"": 0.0, ""port_listeners"": 0.0, ""disk_usage"": 0.0, ""list_files"": 0.01, ""cannot_proceed"": 0.0, ""read_file"": 0.98, ""kill_process"": 0.0, ""process_list"": 0.0, ""search_content"": 0.0, ""done"": 0.0, ""git_status"": 0.0, ""tail_log"": 0.0}",0.03,17,1646,463.5,jev-1.13.0
show me the contents of the go module file,truncated,0,1,read_file,done,0,0.69,"{""git_log"": 0.0, ""git_status"": 0.0, ""search_content"": 0.0, ""process_list"": 0.0, ""disk_usage"": 0.0, ""find_files"": 0.0, ""cannot_proceed"": 0.0, ""list_files"": 0.0, ""read_file"": 0.72, ""kill_process"": 0.0, ""port_listeners"": 0.0, ""tail_log"": 0.0, ""done"": 0.28}",0.13,43,1690,277.7,jev-1.13.0
show me the contents of the go module file,truncated,0,2,read_file,done,0,0.59,"{""read_file"": 0.63, ""disk_usage"": 0.0, ""done"": 0.37, ""search_content"": 0.0, ""cannot_proceed"": 0.0, ""tail_log"": 0.0, ""kill_process"": 0.0, ""find_files"": 0.0, ""git_status"": 0.0, ""git_log"": 0.0, ""process_list"": 0.0, ""list_files"": 0.0, ""port_listeners"": 0.0}",0.19,69,1735,274.8,jev-1.13.0
show me the contents of the go module file,truncated,0,3,read_file,done,0,0.59,"{""find_files"": 0.0, ""git_status"": 0.0, ""git_log"": 0.0, ""disk_usage"": 0.0, ""cannot_proceed"": 0.0, ""kill_process"": 0.0, ""search_content"": 0.0, ""list_files"": 0.0, ""process_list"": 0.0, ""read_file"": 0.63, ""port_listeners"": 0.0, ""tail_log"": 0.0, ""done"": 0.37}",0.18,95,1780,248.2,jev-1.13.0
show me the contents of the go module file,truncated,0,4,read_file,done,0,0.71,"{""disk_usage"": 0.0, ""find_files"": 0.0, ""cannot_proceed"": 0.0, ""kill_process"": 0.0, ""tail_log"": 0.0, ""git_log"": 0.0, ""search_content"": 0.0, ""git_status"": 0.0, ""read_file"": 0.74, ""list_files"": 0.0, ""port_listeners"": 0.0, ""process_list"": 0.0, ""done"": 0.26}",0.14,122,1825,255.3,jev-1.13.0
show me the contents of the go module file,truncated,0,5,read_file,done,0,0.64,"{""git_log"": 0.0, ""tail_log"": 0.0, ""disk_usage"": 0.0, ""git_status"": 0.0, ""process_list"": 0.0, ""port_listeners"": 0.0, ""list_files"": 0.0, ""search_content"": 0.0, ""cannot_proceed"": 0.0, ""find_files"": 0.0, ""read_file"": 0.68, ""kill_process"": 0.0, ""done"": 0.32}",0.14,148,1870,297.6,jev-1.13.0
is anything listening on port 9999,truncated,0,0,port_listeners,port_listeners,1,0.54,"{""list_files"": 0.0, ""search_content"": 0.0, ""find_files"": 0.0, ""kill_process"": 0.0, ""port_listeners"": 0.59, ""done"": 0.4, ""cannot_proceed"": 0.01, ""read_file"": 0.0, ""tail_log"": 0.0, ""process_list"": 0.0, ""disk_usage"": 0.0, ""git_status"": 0.0, ""git_log"": 0.0}",0.72,15,1647,537.6,jev-1.13.0
is anything listening on port 9999,truncated,0,1,done,done,1,0.62,"{""list_files"": 0.0, ""process_list"": 0.01, ""cannot_proceed"": 0.01, ""find_files"": 0.0, ""git_log"": 0.0, ""git_status"": 0.0, ""kill_process"": 0.0, ""disk_usage"": 0.0, ""port_listeners"": 0.32, ""done"": 0.66, ""read_file"": 0.0, ""search_content"": 0.0, ""tail_log"": 0.0}",0.84,31,1675,305.7,jev-1.13.0
kill whichever process is using the most memory,truncated,0,0,process_list,process_list,1,1.0,"{""find_files"": 0.0, ""git_status"": 0.0, ""process_list"": 1.0, ""git_log"": 0.0, ""disk_usage"": 0.0, ""done"": 0.0, ""search_content"": 0.0, ""list_files"": 0.0, ""read_file"": 0.0, ""cannot_proceed"": 0.0, ""kill_process"": 0.0, ""port_listeners"": 0.0, ""tail_log"": 0.0}",0.03,18,1645,237.9,jev-1.13.0
kill whichever process is using the most memory,truncated,0,1,kill_process,kill_process,1,0.99,"{""read_file"": 0.0, ""git_log"": 0.0, ""git_status"": 0.0, ""search_content"": 0.0, ""disk_usage"": 0.0, ""tail_log"": 0.0, ""kill_process"": 0.99, ""process_list"": 0.01, ""find_files"": 0.0, ""cannot_proceed"": 0.0, ""done"": 0.0, ""list_files"": 0.0, ""port_listeners"": 0.0}",0.05,92,1784,299.3,jev-1.13.0
kill whichever process is using the most memory,truncated,0,2,kill_process,done,0,0.61,"{""search_content"": 0.0, ""git_status"": 0.0, ""read_file"": 0.0, ""disk_usage"": 0.0, ""kill_process"": 0.65, ""process_list"": 0.03, ""find_files"": 0.0, ""list_files"": 0.0, ""cannot_proceed"": 0.04, ""git_log"": 0.0, ""port_listeners"": 0.0, ""tail_log"": 0.0, ""done"": 0.28}",0.3,108,1811,244.9,jev-1.13.0
kill whichever process is using the most memory,truncated,0,3,kill_process,done,0,0.67,"{""read_file"": 0.0, ""find_files"": 0.0, ""git_log"": 0.0, ""git_status"": 0.0, ""kill_process"": 0.7, ""list_files"": 0.0, ""port_listeners"": 0.0, ""search_content"": 0.0, ""disk_usage"": 0.0, ""tail_log"": 0.0, ""done"": 0.14, ""cannot_proceed"": 0.03, ""process_list"": 0.13}",0.26,124,1838,233.6,jev-1.13.0
kill whichever process is using the most memory,truncated,0,4,kill_process,done,0,0.55,"{""disk_usage"": 0.0, ""tail_log"": 0.0, ""port_listeners"": 0.0, ""find_files"": 0.0, ""cannot_proceed"": 0.03, ""process_list"": 0.25, ""search_content"": 0.0, ""done"": 0.13, ""git_status"": 0.0, ""read_file"": 0.0, ""list_files"": 0.0, ""kill_process"": 0.59, ""git_log"": 0.0}",0.24,139,1865,317.1,jev-1.13.0
kill whichever process is using the most memory,truncated,0,5,kill_process,done,0,0.52,"{""tail_log"": 0.0, ""port_listeners"": 0.0, ""kill_process"": 0.56, ""disk_usage"": 0.0, ""read_file"": 0.0, ""git_log"": 0.0, ""process_list"": 0.29, ""done"": 0.1, ""find_files"": 0.0, ""git_status"": 0.0, ""search_content"": 0.0, ""cannot_proceed"": 0.05, ""list_files"": 0.0}",0.18,155,1892,294.5,jev-1.13.0
show me the file that uses the jpeg encoder library,truncated,0,0,search_content,search_content,1,0.98,"{""cannot_proceed"": 0.0, ""port_listeners"": 0.0, ""disk_usage"": 0.0, ""done"": 0.0, ""list_files"": 0.0, ""process_list"": 0.0, ""search_content"": 0.99, ""tail_log"": 0.0, ""kill_process"": 0.0, ""git_status"": 0.0, ""find_files"": 0.01, ""git_log"": 0.0, ""read_file"": 0.0}",0.03,19,1647,280.3,jev-1.13.0
show me the file that uses the jpeg encoder library,truncated,0,1,read_file,read_file,1,0.54,"{""read_file"": 0.58, ""find_files"": 0.0, ""git_log"": 0.0, ""search_content"": 0.0, ""kill_process"": 0.0, ""list_files"": 0.0, ""port_listeners"": 0.0, ""git_status"": 0.0, ""disk_usage"": 0.0, ""tail_log"": 0.0, ""cannot_proceed"": 0.0, ""done"": 0.42, ""process_list"": 0.0}",0.76,89,1748,367.3,jev-1.13.0
show me the file that uses the jpeg encoder library,truncated,0,2,read_file,done,0,0.65,"{""git_status"": 0.0, ""list_files"": 0.0, ""port_listeners"": 0.0, ""read_file"": 0.6900000000000001, ""process_list"": 0.0, ""disk_usage"": 0.0, ""tail_log"": 0.0, ""kill_process"": 0.0, ""git_log"": 0.0, ""done"": 0.31, ""find_files"": 0.0, ""cannot_proceed"": 0.0, ""search_content"": 0.0}",0.72,133,1798,289.9,jev-1.13.0
show me the file that uses the jpeg encoder library,truncated,0,3,read_file,done,0,0.59,"{""find_files"": 0.0, ""list_files"": 0.0, ""port_listeners"": 0.0, ""tail_log"": 0.0, ""disk_usage"": 0.0, ""cannot_proceed"": 0.0, ""read_file"": 0.63, ""kill_process"": 0.0, ""process_list"": 0.0, ""search_content"": 0.0, ""done"": 0.37, ""git_status"": 0.0, ""git_log"": 0.0}",0.71,178,1848,232.9,jev-1.13.0
show me the file that uses the jpeg encoder library,truncated,0,4,read_file,done,0,0.49,"{""read_file"": 0.54, ""git_log"": 0.0, ""disk_usage"": 0.0, ""process_list"": 0.0, ""port_listeners"": 0.0, ""done"": 0.46, ""kill_process"": 0.0, ""search_content"": 0.0, ""list_files"": 0.0, ""tail_log"": 0.0, ""cannot_proceed"": 0.0, ""git_status"": 0.0, ""find_files"": 0.0}",0.71,222,1898,272.1,jev-1.13.0
show me the file that uses the jpeg encoder library,truncated,0,5,read_file,done,0,0.57,"{""kill_process"": 0.0, ""tail_log"": 0.0, ""cannot_proceed"": 0.0, ""git_log"": 0.0, ""search_content"": 0.01, ""read_file"": 0.61, ""process_list"": 0.0, ""list_files"": 0.0, ""port_listeners"": 0.0, ""disk_usage"": 0.0, ""git_status"": 0.0, ""done"": 0.38, ""find_files"": 0.0}",0.64,267,1948,246.3,jev-1.13.0
find recently modified go files and show the most recent one,truncated,0,0,find_files,find_files,1,0.98,"{""tail_log"": 0.0, ""port_listeners"": 0.0, ""process_list"": 0.0, ""read_file"": 0.0, ""git_log"": 0.0, ""search_content"": 0.0, ""find_files"": 0.98, ""git_status"": 0.0, ""kill_process"": 0.0, ""done"": 0.01, ""list_files"": 0.0, ""cannot_proceed"": 0.01, ""disk_usage"": 0.0}",0.05,22,1648,260.5,jev-1.13.0
find recently modified go files and show the most recent one,truncated,0,1,read_file,read_file,1,0.35,"{""git_status"": 0.05, ""read_file"": 0.41000000000000003, ""cannot_proceed"": 0.09, ""port_listeners"": 0.0, ""process_list"": 0.0, ""find_files"": 0.25, ""list_files"": 0.11, ""search_content"": 0.0, ""done"": 0.08, ""tail_log"": 0.0, ""git_log"": 0.01, ""kill_process"": 0.0, ""disk_usage"": 0.0}",0.1,59,1704,262.0,jev-1.13.0
find recently modified go files and show the most recent one,truncated,0,2,read_file,done,0,0.49,"{""port_listeners"": 0.0, ""search_content"": 0.0, ""cannot_proceed"": 0.06, ""done"": 0.07, ""list_files"": 0.03, ""process_list"": 0.0, ""git_log"": 0.01, ""read_file"": 0.53, ""disk_usage"": 0.0, ""tail_log"": 0.0, ""kill_process"": 0.0, ""find_files"": 0.27, ""git_status"": 0.03}",0.13,98,1752,266.3,jev-1.13.0
find recently modified go files and show the most recent one,truncated,0,3,read_file,done,0,0.36,"{""disk_usage"": 0.0, ""kill_process"": 0.0, ""search_content"": 0.0, ""cannot_proceed"": 0.06, ""git_status"": 0.03, ""find_files"": 0.38, ""port_listeners"": 0.0, ""git_log"": 0.01, ""process_list"": 0.0, ""done"": 0.06, ""list_files"": 0.04, ""tail_log"": 0.0, ""read_file"": 0.42}",0.08,138,1800,349.7,jev-1.13.0
find recently modified go files and show the most recent one,truncated,0,4,read_file,done,0,0.44,"{""cannot_proceed"": 0.09, ""port_listeners"": 0.0, ""disk_usage"": 0.0, ""done"": 0.07, ""list_files"": 0.03, ""process_list"": 0.0, ""git_status"": 0.04, ""tail_log"": 0.0, ""kill_process"": 0.0, ""search_content"": 0.0, ""find_files"": 0.28, ""git_log"": 0.01, ""read_file"": 0.48}",0.07,177,1848,287.7,jev-1.13.0
find recently modified go files and show the most recent one,truncated,0,5,find_files,done,0,0.51,"{""read_file"": 0.11, ""process_list"": 0.0, ""done"": 0.12, ""find_files"": 0.55, ""search_content"": 0.0, ""tail_log"": 0.0, ""kill_process"": 0.0, ""disk_usage"": 0.0, ""cannot_proceed"": 0.13, ""git_log"": 0.01, ""git_status"": 0.03, ""list_files"": 0.05, ""port_listeners"": 0.0}",0.06,216,1896,222.0,jev-1.13.0
read whichever readme is in the skills project,truncated,0,0,find_files,list_files,0,0.69,"{""process_list"": 0.0, ""done"": 0.0, ""disk_usage"": 0.0, ""port_listeners"": 0.0, ""list_files"": 0.25, ""cannot_proceed"": 0.0, ""search_content"": 0.0, ""tail_log"": 0.0, ""kill_process"": 0.0, ""git_status"": 0.0, ""find_files"": 0.73, ""git_log"": 0.0, ""read_file"": 0.02}",0.04,18,1646,305.1,jev-1.13.0
read whichever readme is in the skills project,truncated,0,1,list_files,read_file,0,0.42,"{""disk_usage"": 0.0, ""tail_log"": 0.0, ""cannot_proceed"": 0.0, ""find_files"": 0.39, ""git_status"": 0.0, ""search_content"": 0.02, ""done"": 0.0, ""port_listeners"": 0.0, ""kill_process"": 0.0, ""read_file"": 0.12, ""list_files"": 0.47, ""process_list"": 0.0, ""git_log"": 0.0}",0.05,49,1690,253.9,jev-1.13.0
read whichever readme is in the skills project,truncated,0,2,read_file,done,0,1.0,"{""done"": 0.0, ""port_listeners"": 0.0, ""process_list"": 0.0, ""disk_usage"": 0.0, ""git_log"": 0.0, ""search_content"": 0.0, ""find_files"": 0.0, ""git_status"": 0.0, ""kill_process"": 0.0, ""tail_log"": 0.0, ""read_file"": 1.0, ""cannot_proceed"": 0.0, ""list_files"": 0.0}",0.11,75,1729,264.5,jev-1.13.0
read whichever readme is in the skills project,truncated,0,3,done,done,1,0.86,"{""kill_process"": 0.0, ""done"": 0.88, ""git_log"": 0.0, ""tail_log"": 0.0, ""read_file"": 0.12, ""process_list"": 0.0, ""port_listeners"": 0.0, ""cannot_proceed"": 0.0, ""disk_usage"": 0.0, ""git_status"": 0.0, ""search_content"": 0.0, ""find_files"": 0.0, ""list_files"": 0.0}",0.83,126,1792,295.1,jev-1.13.0
tail whichever npm log has the most content in it,truncated,0,0,find_files,find_files,1,0.75,"{""git_status"": 0.0, ""search_content"": 0.0, ""list_files"": 0.16, ""kill_process"": 0.0, ""process_list"": 0.0, ""port_listeners"": 0.0, ""disk_usage"": 0.03, ""read_file"": 0.0, ""done"": 0.0, ""find_files"": 0.78, ""tail_log"": 0.01, ""git_log"": 0.0, ""cannot_proceed"": 0.02}",0.03,19,1647,238.7,jev-1.13.0
tail whichever npm log has the most content in it,truncated,0,1,tail_log,tail_log,1,0.99,"{""port_listeners"": 0.0, ""search_content"": 0.0, ""git_status"": 0.0, ""list_files"": 0.0, ""find_files"": 0.0, ""kill_process"": 0.0, ""disk_usage"": 0.0, ""process_list"": 0.0, ""read_file"": 0.0, ""done"": 0.0, ""git_log"": 0.0, ""cannot_proceed"": 0.0, ""tail_log"": 1.0}",0.1,87,1842,245.2,jev-1.13.0
tail whichever npm log has the most content in it,truncated,0,2,tail_log,done,0,0.55,"{""git_log"": 0.0, ""disk_usage"": 0.0, ""find_files"": 0.0, ""kill_process"": 0.0, ""port_listeners"": 0.0, ""done"": 0.4, ""cannot_proceed"": 0.01, ""list_files"": 0.0, ""read_file"": 0.0, ""process_list"": 0.0, ""tail_log"": 0.59, ""git_status"": 0.0, ""search_content"": 0.0}",0.61,129,1909,415.2,jev-1.13.0
tail whichever npm log has the most content in it,truncated,0,3,tail_log,done,0,0.8,"{""list_files"": 0.0, ""search_content"": 0.0, ""cannot_proceed"": 0.01, ""kill_process"": 0.0, ""git_status"": 0.0, ""find_files"": 0.0, ""git_log"": 0.0, ""disk_usage"": 0.0, ""port_listeners"": 0.0, ""done"": 0.16, ""read_file"": 0.0, ""process_list"": 0.0, ""tail_log"": 0.83}",0.33,172,1976,289.3,jev-1.13.0
tail whichever npm log has the most content in it,truncated,0,4,tail_log,done,0,0.78,"{""git_log"": 0.0, ""tail_log"": 0.79, ""disk_usage"": 0.0, ""git_status"": 0.0, ""process_list"": 0.0, ""port_listeners"": 0.0, ""list_files"": 0.0, ""kill_process"": 0.0, ""cannot_proceed"": 0.03, ""search_content"": 0.0, ""read_file"": 0.01, ""find_files"": 0.01, ""done"": 0.16}",0.19,215,2043,280.2,jev-1.13.0
tail whichever npm log has the most content in it,truncated,0,5,tail_log,done,0,0.83,"{""read_file"": 0.01, ""disk_usage"": 0.0, ""cannot_proceed"": 0.03, ""done"": 0.11, ""git_log"": 0.0, ""port_listeners"": 0.0, ""process_list"": 0.0, ""git_status"": 0.0, ""tail_log"": 0.85, ""search_content"": 0.0, ""kill_process"": 0.0, ""find_files"": 0.0, ""list_files"": 0.0}",0.14,258,2110,480.8,jev-1.13.0
show the most recently changed file in the skills repo,truncated,0,0,find_files,find_files,1,0.71,"{""port_listeners"": 0.0, ""search_content"": 0.0, ""git_status"": 0.08, ""list_files"": 0.05, ""find_files"": 0.74, ""kill_process"": 0.0, ""disk_usage"": 0.0, ""process_list"": 0.0, ""read_file"": 0.0, ""git_log"": 0.12, ""cannot_proceed"": 0.01, ""done"": 0.0, ""tail_log"": 0.0}",0.03,20,1647,268.5,jev-1.13.0
show the most recently changed file in the skills repo,truncated,0,1,find_files,read_file,0,0.29,"{""git_status"": 0.12, ""search_content"": 0.0, ""port_listeners"": 0.0, ""read_file"": 0.05, ""process_list"": 0.0, ""disk_usage"": 0.0, ""tail_log"": 0.0, ""kill_process"": 0.0, ""git_log"": 0.08, ""done"": 0.28, ""find_files"": 0.33999999999999997, ""cannot_proceed"": 0.02, ""list_files"": 0.11}",0.18,36,1675,371.0,jev-1.13.0
show the most recently changed file in the skills repo,truncated,0,2,find_files,done,0,0.45,"{""tail_log"": 0.0, ""port_listeners"": 0.0, ""git_status"": 0.15000000000000002, ""read_file"": 0.03, ""git_log"": 0.13, ""find_files"": 0.5, ""search_content"": 0.0, ""kill_process"": 0.0, ""done"": 0.1, ""process_list"": 0.0, ""cannot_proceed"": 0.03, ""list_files"": 0.06, ""disk_usage"": 0.0}",0.09,53,1704,278.0,jev-1.13.0
show the most recently changed file in the skills repo,truncated,0,3,find_files,done,0,0.48,"{""list_files"": 0.06, ""find_files"": 0.52, ""git_log"": 0.13, ""git_status"": 0.11, ""tail_log"": 0.0, ""disk_usage"": 0.0, ""cannot_proceed"": 0.03, ""port_listeners"": 0.0, ""kill_process"": 0.0, ""search_content"": 0.0, ""read_file"": 0.04, ""process_list"": 0.0, ""done"": 0.11}",0.08,70,1733,252.6,jev-1.13.0
show the most recently changed file in the skills repo,truncated,0,4,find_files,done,0,0.39,"{""git_status"": 0.17, ""cannot_proceed"": 0.04, ""done"": 0.11, ""git_log"": 0.13, ""kill_process"": 0.0, ""read_file"": 0.04, ""list_files"": 0.07, ""process_list"": 0.0, ""search_content"": 0.0, ""tail_log"": 0.0, ""find_files"": 0.44, ""port_listeners"": 0.0, ""disk_usage"": 0.0}",0.08,87,1762,259.4,jev-1.13.0
show the most recently changed file in the skills repo,truncated,0,5,find_files,done,0,0.51,"{""cannot_proceed"": 0.03, ""git_log"": 0.09, ""tail_log"": 0.0, ""done"": 0.11, ""read_file"": 0.05, ""port_listeners"": 0.0, ""disk_usage"": 0.0, ""process_list"": 0.0, ""list_files"": 0.05, ""search_content"": 0.0, ""find_files"": 0.54, ""kill_process"": 0.0, ""git_status"": 0.13}",0.08,103,1791,381.8,jev-1.13.0
tail whichever npm log is newest,truncated,0,0,find_files,find_files,1,0.94,"{""list_files"": 0.02, ""find_files"": 0.96, ""cannot_proceed"": 0.01, ""kill_process"": 0.0, ""search_content"": 0.0, ""git_log"": 0.0, ""tail_log"": 0.01, ""git_status"": 0.0, ""read_file"": 0.0, ""process_list"": 0.0, ""port_listeners"": 0.0, ""disk_usage"": 0.0, ""done"": 0.0}",0.04,15,1643,281.2,jev-1.13.0
tail whichever npm log is newest,truncated,0,1,tail_log,tail_log,1,0.98,"{""kill_process"": 0.0, ""find_files"": 0.01, ""cannot_proceed"": 0.0, ""process_list"": 0.0, ""search_content"": 0.0, ""git_log"": 0.0, ""tail_log"": 0.99, ""git_status"": 0.0, ""disk_usage"": 0.0, ""list_files"": 0.0, ""port_listeners"": 0.0, ""read_file"": 0.0, ""done"": 0.0}",0.07,74,1810,238.2,jev-1.13.0
tail whichever npm log is newest,truncated,0,2,done,done,1,0.82,"{""read_file"": 0.0, ""port_listeners"": 0.0, ""process_list"": 0.0, ""disk_usage"": 0.0, ""git_log"": 0.0, ""search_content"": 0.0, ""find_files"": 0.01, ""git_status"": 0.0, ""kill_process"": 0.0, ""done"": 0.84, ""list_files"": 0.0, ""cannot_proceed"": 0.0, ""tail_log"": 0.15}",0.75,139,1899,302.7,jev-1.13.0
deploy the app to production,truncated,0,0,cannot_proceed,cannot_proceed,1,0.93,"{""read_file"": 0.0, ""git_log"": 0.01, ""done"": 0.0, ""process_list"": 0.0, ""port_listeners"": 0.0, ""disk_usage"": 0.0, ""kill_process"": 0.0, ""search_content"": 0.0, ""list_files"": 0.01, ""tail_log"": 0.0, ""git_status"": 0.04, ""cannot_proceed"": 0.93, ""find_files"": 0.01}",0.05,14,1642,332.1,jev-1.13.0
send a message to the team on slack,truncated,0,0,cannot_proceed,cannot_proceed,1,1.0,"{""list_files"": 0.0, ""search_content"": 0.0, ""cannot_proceed"": 1.0, ""disk_usage"": 0.0, ""git_log"": 0.0, ""find_files"": 0.0, ""kill_process"": 0.0, ""git_status"": 0.0, ""port_listeners"": 0.0, ""done"": 0.0, ""read_file"": 0.0, ""process_list"": 0.0, ""tail_log"": 0.0}",0.04,15,1645,290.5,jev-1.13.0
rename this file to something else,truncated,0,0,cannot_proceed,cannot_proceed,1,0.92,"{""kill_process"": 0.0, ""tail_log"": 0.0, ""cannot_proceed"": 0.93, ""git_log"": 0.0, ""search_content"": 0.0, ""read_file"": 0.0, ""list_files"": 0.01, ""process_list"": 0.0, ""port_listeners"": 0.0, ""disk_usage"": 0.0, ""git_status"": 0.0, ""done"": 0.0, ""find_files"": 0.05}",0.04,15,1643,405.8,jev-1.13.0
install the missing npm dependency,truncated,0,0,cannot_proceed,cannot_proceed,1,0.7,"{""cannot_proceed"": 0.73, ""port_listeners"": 0.0, ""disk_usage"": 0.0, ""done"": 0.0, ""list_files"": 0.11, ""process_list"": 0.0, ""git_status"": 0.0, ""tail_log"": 0.01, ""kill_process"": 0.0, ""search_content"": 0.03, ""find_files"": 0.03, ""git_log"": 0.0, ""read_file"": 0.09}",0.04,15,1642,298.4,jev-1.13.0
what's the most recent commit in driftmark,truncated,0,0,git_log,git_log,1,0.98,"{""git_status"": 0.0, ""disk_usage"": 0.0, ""find_files"": 0.01, ""done"": 0.0, ""tail_log"": 0.0, ""list_files"": 0.01, ""read_file"": 0.0, ""port_listeners"": 0.0, ""search_content"": 0.0, ""kill_process"": 0.0, ""cannot_proceed"": 0.0, ""git_log"": 0.98, ""process_list"": 0.0}",0.02,17,1647,287.7,jev-1.13.0
what's the most recent commit in driftmark,truncated,0,1,done,done,1,0.98,"{""read_file"": 0.0, ""disk_usage"": 0.0, ""git_status"": 0.0, ""find_files"": 0.0, ""process_list"": 0.0, ""tail_log"": 0.0, ""kill_process"": 0.0, ""cannot_proceed"": 0.0, ""search_content"": 0.0, ""done"": 0.99, ""git_log"": 0.01, ""list_files"": 0.0, ""port_listeners"": 0.0}",0.87,46,1703,288.7,jev-1.13.0
what does the go module for glow require,truncated,0,0,read_file,read_file,1,0.97,"{""cannot_proceed"": 0.0, ""git_log"": 0.0, ""done"": 0.0, ""tail_log"": 0.0, ""read_file"": 0.99, ""port_listeners"": 0.0, ""disk_usage"": 0.0, ""process_list"": 0.0, ""kill_process"": 0.0, ""search_content"": 0.0, ""find_files"": 0.01, ""git_status"": 0.0, ""list_files"": 0.0}",0.03,17,1645,241.3,jev-1.13.0
what does the go module for glow require,truncated,0,1,read_file,done,0,0.93,"{""tail_log"": 0.0, ""git_status"": 0.0, ""port_listeners"": 0.0, ""read_file"": 0.9400000000000001, ""git_log"": 0.0, ""find_files"": 0.0, ""search_content"": 0.0, ""kill_process"": 0.0, ""done"": 0.06, ""process_list"": 0.0, ""cannot_proceed"": 0.0, ""list_files"": 0.0, ""disk_usage"": 0.0}",0.08,42,1689,310.3,jev-1.13.0
what does the go module for glow require,truncated,0,2,read_file,done,0,0.96,"{""kill_process"": 0.0, ""process_list"": 0.0, ""git_log"": 0.0, ""tail_log"": 0.0, ""read_file"": 0.98, ""cannot_proceed"": 0.0, ""port_listeners"": 0.0, ""done"": 0.02, ""disk_usage"": 0.0, ""git_status"": 0.0, ""find_files"": 0.0, ""search_content"": 0.0, ""list_files"": 0.0}",0.06,69,1734,300.2,jev-1.13.0
what does the go module for glow require,truncated,0,3,read_file,done,0,0.95,"{""port_listeners"": 0.0, ""list_files"": 0.0, ""find_files"": 0.0, ""cannot_proceed"": 0.01, ""tail_log"": 0.0, ""process_list"": 0.0, ""git_log"": 0.0, ""disk_usage"": 0.0, ""read_file"": 0.96, ""done"": 0.03, ""kill_process"": 0.0, ""search_content"": 0.0, ""git_status"": 0.0}",0.05,95,1779,229.2,jev-1.13.0
what does the go module for glow require,truncated,0,4,read_file,done,0,0.95,"{""cannot_proceed"": 0.01, ""list_files"": 0.0, ""git_status"": 0.0, ""git_log"": 0.0, ""find_files"": 0.0, ""disk_usage"": 0.0, ""kill_process"": 0.0, ""tail_log"": 0.0, ""read_file"": 0.96, ""port_listeners"": 0.0, ""process_list"": 0.0, ""search_content"": 0.0, ""done"": 0.03}",0.05,121,1824,290.6,jev-1.13.0
what does the go module for glow require,truncated,0,5,read_file,done,0,0.94,"{""list_files"": 0.0, ""port_listeners"": 0.0, ""disk_usage"": 0.0, ""kill_process"": 0.0, ""read_file"": 0.95, ""git_log"": 0.0, ""process_list"": 0.0, ""done"": 0.04, ""find_files"": 0.0, ""git_status"": 0.0, ""search_content"": 0.0, ""cannot_proceed"": 0.01, ""tail_log"": 0.0}",0.04,147,1869,374.4,jev-1.13.0
are there uncommitted changes in the hermes project,truncated,0,0,git_status,git_status,1,0.81,"{""port_listeners"": 0.0, ""list_files"": 0.0, ""git_status"": 0.83, ""search_content"": 0.0, ""tail_log"": 0.0, ""disk_usage"": 0.0, ""kill_process"": 0.0, ""git_log"": 0.0, ""read_file"": 0.0, ""cannot_proceed"": 0.0, ""process_list"": 0.0, ""find_files"": 0.0, ""done"": 0.17}",0.54,19,1648,336.0,jev-1.13.0
are there uncommitted changes in the hermes project,truncated,0,1,done,done,1,0.88,"{""git_status"": 0.09, ""port_listeners"": 0.0, ""disk_usage"": 0.0, ""git_log"": 0.0, ""kill_process"": 0.0, ""done"": 0.9, ""list_files"": 0.01, ""process_list"": 0.0, ""search_content"": 0.0, ""tail_log"": 0.0, ""find_files"": 0.0, ""read_file"": 0.0, ""cannot_proceed"": 0.0}",0.89,37,1678,319.8,jev-1.13.0
which skill docs were modified,truncated,0,0,git_status,git_status,1,0.88,"{""tail_log"": 0.0, ""list_files"": 0.0, ""find_files"": 0.07, ""kill_process"": 0.0, ""port_listeners"": 0.0, ""done"": 0.01, ""cannot_proceed"": 0.01, ""read_file"": 0.0, ""search_content"": 0.0, ""process_list"": 0.0, ""disk_usage"": 0.0, ""git_status"": 0.89, ""git_log"": 0.02}",0.06,14,1642,224.0,jev-1.13.0
which skill docs were modified,truncated,0,1,done,done,1,0.93,"{""tail_log"": 0.0, ""done"": 0.94, ""read_file"": 0.03, ""git_log"": 0.02, ""process_list"": 0.0, ""list_files"": 0.0, ""port_listeners"": 0.0, ""kill_process"": 0.0, ""git_status"": 0.01, ""cannot_proceed"": 0.0, ""disk_usage"": 0.0, ""find_files"": 0.0, ""search_content"": 0.0}",0.86,32,1672,213.9,jev-1.13.0
kill whatever's on port 3000,truncated,1,0,port_listeners,port_listeners,1,0.99,"{""port_listeners"": 0.99, ""read_file"": 0.0, ""cannot_proceed"": 0.01, ""done"": 0.0, ""git_log"": 0.0, ""disk_usage"": 0.0, ""process_list"": 0.0, ""git_status"": 0.0, ""tail_log"": 0.0, ""list_files"": 0.0, ""kill_process"": 0.0, ""find_files"": 0.0, ""search_content"": 0.0}",0.08,14,1647,235.3,jev-1.13.0
kill whatever's on port 3000,truncated,1,1,kill_process,kill_process,1,1.0,"{""read_file"": 0.0, ""find_files"": 0.0, ""cannot_proceed"": 0.0, ""process_list"": 0.0, ""tail_log"": 0.0, ""git_log"": 0.0, ""search_content"": 0.0, ""git_status"": 0.0, ""disk_usage"": 0.0, ""list_files"": 0.0, ""port_listeners"": 0.0, ""kill_process"": 1.0, ""done"": 0.0}",0.03,59,1735,310.3,jev-1.13.0
kill whatever's on port 3000,truncated,1,2,kill_process,done,0,0.46,"{""list_files"": 0.0, ""search_content"": 0.0, ""cannot_proceed"": 0.04, ""find_files"": 0.0, ""git_status"": 0.0, ""git_log"": 0.0, ""kill_process"": 0.51, ""disk_usage"": 0.0, ""done"": 0.18, ""port_listeners"": 0.26, ""read_file"": 0.0, ""process_list"": 0.01, ""tail_log"": 0.0}",0.36,75,1762,268.5,jev-1.13.0
kill whatever's on port 3000,truncated,1,3,kill_process,done,0,0.63,"{""tail_log"": 0.0, ""disk_usage"": 0.0, ""git_status"": 0.0, ""read_file"": 0.0, ""git_log"": 0.0, ""done"": 0.04, ""search_content"": 0.0, ""kill_process"": 0.67, ""find_files"": 0.0, ""process_list"": 0.01, ""cannot_proceed"": 0.03, ""list_files"": 0.0, ""port_listeners"": 0.25}",0.25,91,1789,387.8,jev-1.13.0
kill whatever's on port 3000,truncated,1,4,kill_process,done,0,0.46,"{""list_files"": 0.0, ""process_list"": 0.01, ""cannot_proceed"": 0.04, ""find_files"": 0.0, ""git_status"": 0.0, ""disk_usage"": 0.0, ""git_log"": 0.0, ""kill_process"": 0.51, ""done"": 0.03, ""port_listeners"": 0.41, ""read_file"": 0.0, ""search_content"": 0.0, ""tail_log"": 0.0}",0.23,107,1816,393.5,jev-1.13.0
kill whatever's on port 3000,truncated,1,5,kill_process,done,0,0.41,"{""search_content"": 0.0, ""disk_usage"": 0.0, ""find_files"": 0.0, ""kill_process"": 0.46, ""port_listeners"": 0.47000000000000003, ""done"": 0.02, ""cannot_proceed"": 0.04, ""read_file"": 0.0, ""tail_log"": 0.0, ""process_list"": 0.01, ""list_files"": 0.0, ""git_status"": 0.0, ""git_log"": 0.0}",0.22,122,1843,334.0,jev-1.13.0
kill the process eating the most CPU,truncated,1,0,process_list,process_list,1,1.0,"{""disk_usage"": 0.0, ""tail_log"": 0.0, ""cannot_proceed"": 0.0, ""find_files"": 0.0, ""git_status"": 0.0, ""search_content"": 0.0, ""done"": 0.0, ""port_listeners"": 0.0, ""list_files"": 0.0, ""read_file"": 0.0, ""kill_process"": 0.0, ""process_list"": 1.0, ""git_log"": 0.0}",0.03,16,1644,262.8,jev-1.13.0
kill the process eating the most CPU,truncated,1,1,kill_process,kill_process,1,1.0,"{""tail_log"": 0.0, ""disk_usage"": 0.0, ""port_listeners"": 0.0, ""find_files"": 0.0, ""git_status"": 0.0, ""search_content"": 0.0, ""done"": 0.0, ""cannot_proceed"": 0.0, ""kill_process"": 1.0, ""read_file"": 0.0, ""list_files"": 0.0, ""process_list"": 0.0, ""git_log"": 0.0}",0.04,55,1721,223.2,jev-1.13.0
kill the process eating the most CPU,truncated,1,2,kill_process,done,0,0.65,"{""read_file"": 0.0, ""port_listeners"": 0.0, ""cannot_proceed"": 0.05, ""done"": 0.23, ""git_log"": 0.0, ""disk_usage"": 0.0, ""process_list"": 0.04, ""git_status"": 0.0, ""tail_log"": 0.0, ""search_content"": 0.0, ""kill_process"": 0.68, ""find_files"": 0.0, ""list_files"": 0.0}",0.29,70,1748,214.3,jev-1.13.0
kill the process eating the most CPU,truncated,1,3,kill_process,done,0,0.59,"{""read_file"": 0.0, ""find_files"": 0.0, ""cannot_proceed"": 0.04, ""port_listeners"": 0.0, ""git_log"": 0.0, ""search_content"": 0.0, ""tail_log"": 0.0, ""git_status"": 0.0, ""disk_usage"": 0.0, ""list_files"": 0.0, ""kill_process"": 0.63, ""process_list"": 0.23, ""done"": 0.1}",0.24,86,1775,338.1,jev-1.13.0
kill the process eating the most CPU,truncated,1,4,kill_process,done,0,0.49,"{""port_listeners"": 0.0, ""search_content"": 0.0, ""read_file"": 0.0, ""done"": 0.05, ""list_files"": 0.0, ""process_list"": 0.38, ""git_log"": 0.0, ""cannot_proceed"": 0.04, ""kill_process"": 0.53, ""tail_log"": 0.0, ""disk_usage"": 0.0, ""git_status"": 0.0, ""find_files"": 0.0}",0.21,102,1802,231.3,jev-1.13.0
kill the process eating the most CPU,truncated,1,5,kill_process,done,0,0.46,"{""kill_process"": 0.5, ""find_files"": 0.0, ""git_log"": 0.0, ""tail_log"": 0.0, ""read_file"": 0.0, ""search_content"": 0.0, ""port_listeners"": 0.0, ""process_list"": 0.41, ""disk_usage"": 0.0, ""git_status"": 0.0, ""done"": 0.04, ""cannot_proceed"": 0.05, ""list_files"": 0.0}",0.18,118,1829,232.2,jev-1.13.0
tail the log that changed most recently,truncated,1,0,find_files,find_files,1,0.96,"{""git_log"": 0.0, ""tail_log"": 0.01, ""disk_usage"": 0.0, ""git_status"": 0.0, ""process_list"": 0.0, ""port_listeners"": 0.0, ""list_files"": 0.02, ""search_content"": 0.0, ""cannot_proceed"": 0.01, ""find_files"": 0.96, ""read_file"": 0.0, ""kill_process"": 0.0, ""done"": 0.0}",0.04,16,1644,268.1,jev-1.13.0
tail the log that changed most recently,truncated,1,1,tail_log,tail_log,1,1.0,"{""kill_process"": 0.0, ""tail_log"": 1.0, ""cannot_proceed"": 0.0, ""git_log"": 0.0, ""search_content"": 0.0, ""read_file"": 0.0, ""process_list"": 0.0, ""port_listeners"": 0.0, ""list_files"": 0.0, ""git_status"": 0.0, ""disk_usage"": 0.0, ""done"": 0.0, ""find_files"": 0.0}",0.08,59,1741,348.6,jev-1.13.0
tail the log that changed most recently,truncated,1,2,done,done,1,0.99,"{""tail_log"": 0.01, ""port_listeners"": 0.0, ""disk_usage"": 0.0, ""kill_process"": 0.0, ""read_file"": 0.0, ""git_log"": 0.0, ""process_list"": 0.0, ""done"": 0.99, ""find_files"": 0.0, ""git_status"": 0.0, ""search_content"": 0.0, ""cannot_proceed"": 0.0, ""list_files"": 0.0}",0.94,90,1796,308.5,jev-1.13.0
what's using the most disk space here,truncated,1,0,disk_usage,disk_usage,1,1.0,"{""list_files"": 0.0, ""port_listeners"": 0.0, ""process_list"": 0.0, ""read_file"": 0.0, ""git_log"": 0.0, ""search_content"": 0.0, ""find_files"": 0.0, ""git_status"": 0.0, ""kill_process"": 0.0, ""tail_log"": 0.0, ""disk_usage"": 1.0, ""cannot_proceed"": 0.0, ""done"": 0.0}",0.03,16,1645,307.5,jev-1.13.0
what's using the most disk space here,truncated,1,1,done,done,1,0.79,"{""port_listeners"": 0.0, ""list_files"": 0.09, ""find_files"": 0.02, ""cannot_proceed"": 0.0, ""tail_log"": 0.0, ""disk_usage"": 0.08, ""git_log"": 0.0, ""process_list"": 0.0, ""read_file"": 0.0, ""done"": 0.81, ""kill_process"": 0.0, ""search_content"": 0.0, ""git_status"": 0.0}",0.87,40,1693,237.7,jev-1.13.0
restart the database,truncated,1,0,cannot_proceed,cannot_proceed,1,0.97,"{""list_files"": 0.0, ""find_files"": 0.0, ""process_list"": 0.01, ""tail_log"": 0.0, ""git_log"": 0.0, ""disk_usage"": 0.0, ""port_listeners"": 0.0, ""cannot_proceed"": 0.99, ""kill_process"": 0.0, ""search_content"": 0.0, ""read_file"": 0.0, ""git_status"": 0.0, ""done"": 0.0}",0.06,12,1640,288.0,jev-1.13.0
which files have uncommitted changes,truncated,1,0,git_status,git_status,1,0.6,"{""cannot_proceed"": 0.0, ""list_files"": 0.0, ""git_log"": 0.0, ""tail_log"": 0.0, ""find_files"": 0.0, ""port_listeners"": 0.0, ""search_content"": 0.0, ""read_file"": 0.0, ""kill_process"": 0.0, ""disk_usage"": 0.0, ""process_list"": 0.0, ""done"": 0.37, ""git_status"": 0.63}",0.59,16,1644,265.8,jev-1.13.0
which files have uncommitted changes,truncated,1,1,done,done,1,0.99,"{""disk_usage"": 0.0, ""tail_log"": 0.0, ""port_listeners"": 0.0, ""find_files"": 0.0, ""cannot_proceed"": 0.0, ""process_list"": 0.0, ""search_content"": 0.0, ""done"": 0.98, ""list_files"": 0.0, ""read_file"": 0.01, ""git_status"": 0.01, ""kill_process"": 0.0, ""git_log"": 0.0}",0.94,44,1686,256.0,jev-1.13.0
show me the commit history for this repo,truncated,1,0,git_log,git_log,1,1.0,"{""read_file"": 0.0, ""disk_usage"": 0.0, ""cannot_proceed"": 0.0, ""done"": 0.0, ""git_log"": 1.0, ""port_listeners"": 0.0, ""process_list"": 0.0, ""git_status"": 0.0, ""tail_log"": 0.0, ""search_content"": 0.0, ""kill_process"": 0.0, ""find_files"": 0.0, ""list_files"": 0.0}",0.02,17,1645,280.0,jev-1.13.0
show me the commit history for this repo,truncated,1,1,done,done,1,0.99,"{""git_status"": 0.0, ""search_content"": 0.0, ""process_list"": 0.0, ""kill_process"": 0.0, ""list_files"": 0.0, ""find_files"": 0.0, ""git_log"": 0.01, ""read_file"": 0.0, ""done"": 0.99, ""disk_usage"": 0.0, ""tail_log"": 0.0, ""port_listeners"": 0.0, ""cannot_proceed"": 0.0}",0.95,64,1724,275.3,jev-1.13.0
what files are in the internal directory of the glow project,truncated,1,0,list_files,list_files,1,0.95,"{""git_status"": 0.0, ""port_listeners"": 0.0, ""search_content"": 0.0, ""list_files"": 0.95, ""find_files"": 0.04, ""cannot_proceed"": 0.01, ""disk_usage"": 0.0, ""process_list"": 0.0, ""kill_process"": 0.0, ""git_log"": 0.0, ""read_file"": 0.0, ""done"": 0.0, ""tail_log"": 0.0}",0.03,22,1648,226.6,jev-1.13.0
what files are in the internal directory of the glow project,truncated,1,1,done,done,1,0.93,"{""git_status"": 0.0, ""done"": 0.9400000000000001, ""cannot_proceed"": 0.0, ""git_log"": 0.0, ""kill_process"": 0.0, ""read_file"": 0.0, ""list_files"": 0.06, ""process_list"": 0.0, ""search_content"": 0.0, ""tail_log"": 0.0, ""find_files"": 0.0, ""port_listeners"": 0.0, ""disk_usage"": 0.0}",0.8,41,1684,265.5,jev-1.13.0
show me the contents of the go module file,truncated,1,0,read_file,read_file,1,0.98,"{""read_file"": 0.98, ""kill_process"": 0.0, ""list_files"": 0.01, ""search_content"": 0.0, ""port_listeners"": 0.0, ""disk_usage"": 0.0, ""git_log"": 0.0, ""process_list"": 0.0, ""find_files"": 0.01, ""tail_log"": 0.0, ""cannot_proceed"": 0.0, ""done"": 0.0, ""git_status"": 0.0}",0.03,17,1646,543.8,jev-1.13.0
show me the contents of the go module file,truncated,1,1,read_file,done,0,0.68,"{""read_file"": 0.71, ""process_list"": 0.0, ""done"": 0.29, ""search_content"": 0.0, ""find_files"": 0.0, ""tail_log"": 0.0, ""kill_process"": 0.0, ""git_log"": 0.0, ""cannot_proceed"": 0.0, ""git_status"": 0.0, ""disk_usage"": 0.0, ""list_files"": 0.0, ""port_listeners"": 0.0}",0.12,43,1690,252.8,jev-1.13.0
show me the contents of the go module file,truncated,1,2,read_file,done,0,0.66,"{""tail_log"": 0.0, ""list_files"": 0.0, ""read_file"": 0.7, ""git_log"": 0.0, ""port_listeners"": 0.0, ""process_list"": 0.0, ""done"": 0.3, ""git_status"": 0.0, ""kill_process"": 0.0, ""cannot_proceed"": 0.0, ""disk_usage"": 0.0, ""find_files"": 0.0, ""search_content"": 0.0}",0.16,69,1735,251.9,jev-1.13.0
show me the contents of the go module file,truncated,1,3,read_file,done,0,0.64,"{""done"": 0.32, ""git_log"": 0.0, ""tail_log"": 0.0, ""read_file"": 0.68, ""cannot_proceed"": 0.0, ""kill_process"": 0.0, ""list_files"": 0.0, ""process_list"": 0.0, ""port_listeners"": 0.0, ""git_status"": 0.0, ""find_files"": 0.0, ""search_content"": 0.0, ""disk_usage"": 0.0}",0.16,95,1780,522.9,jev-1.13.0
show me the contents of the go module file,truncated,1,4,read_file,done,0,0.6,"{""port_listeners"": 0.0, ""search_content"": 0.0, ""git_status"": 0.0, ""list_files"": 0.0, ""find_files"": 0.0, ""kill_process"": 0.0, ""disk_usage"": 0.0, ""read_file"": 0.64, ""cannot_proceed"": 0.0, ""done"": 0.36, ""git_log"": 0.0, ""process_list"": 0.0, ""tail_log"": 0.0}",0.18,122,1825,527.5,jev-1.13.0
show me the contents of the go module file,truncated,1,5,read_file,done,0,0.6,"{""kill_process"": 0.0, ""disk_usage"": 0.0, ""list_files"": 0.0, ""tail_log"": 0.0, ""done"": 0.36, ""git_status"": 0.0, ""search_content"": 0.0, ""find_files"": 0.0, ""read_file"": 0.64, ""git_log"": 0.0, ""port_listeners"": 0.0, ""cannot_proceed"": 0.0, ""process_list"": 0.0}",0.16,148,1870,277.4,jev-1.13.0
is anything listening on port 9999,truncated,1,0,port_listeners,port_listeners,1,0.48,"{""tail_log"": 0.0, ""list_files"": 0.0, ""read_file"": 0.0, ""git_log"": 0.0, ""process_list"": 0.0, ""port_listeners"": 0.53, ""done"": 0.45, ""cannot_proceed"": 0.02, ""git_status"": 0.0, ""kill_process"": 0.0, ""disk_usage"": 0.0, ""find_files"": 0.0, ""search_content"": 0.0}",0.7,15,1647,243.2,jev-1.13.0
is anything listening on port 9999,truncated,1,1,done,done,1,0.6,"{""list_files"": 0.0, ""search_content"": 0.0, ""cannot_proceed"": 0.0, ""kill_process"": 0.0, ""git_status"": 0.0, ""disk_usage"": 0.0, ""find_files"": 0.0, ""git_log"": 0.0, ""port_listeners"": 0.34, ""done"": 0.64, ""read_file"": 0.0, ""process_list"": 0.02, ""tail_log"": 0.0}",0.83,31,1675,286.6,jev-1.13.0
kill whichever process is using the most memory,truncated,1,0,process_list,process_list,1,1.0,"{""tail_log"": 0.0, ""list_files"": 0.0, ""port_listeners"": 0.0, ""read_file"": 0.0, ""git_log"": 0.0, ""find_files"": 0.0, ""search_content"": 0.0, ""kill_process"": 0.0, ""done"": 0.0, ""process_list"": 1.0, ""cannot_proceed"": 0.0, ""git_status"": 0.0, ""disk_usage"": 0.0}",0.03,18,1645,239.9,jev-1.13.0
kill whichever process is using the most memory,truncated,1,1,kill_process,kill_process,1,0.99,"{""port_listeners"": 0.0, ""list_files"": 0.0, ""find_files"": 0.0, ""cannot_proceed"": 0.0, ""tail_log"": 0.0, ""disk_usage"": 0.0, ""git_log"": 0.0, ""process_list"": 0.01, ""read_file"": 0.0, ""done"": 0.0, ""kill_process"": 0.99, ""search_content"": 0.0, ""git_status"": 0.0}",0.05,92,1784,282.7,jev-1.13.0
kill whichever process is using the most memory,truncated,1,2,kill_process,done,0,0.59,"{""read_file"": 0.0, ""git_log"": 0.0, ""git_status"": 0.0, ""find_files"": 0.0, ""process_list"": 0.02, ""tail_log"": 0.0, ""kill_process"": 0.63, ""search_content"": 0.0, ""cannot_proceed"": 0.05, ""done"": 0.3, ""disk_usage"": 0.0, ""list_files"": 0.0, ""port_listeners"": 0.0}",0.32,108,1811,309.1,jev-1.13.0
kill whichever process is using the most memory,truncated,1,3,kill_process,done,0,0.68,"{""disk_usage"": 0.0, ""port_listeners"": 0.0, ""process_list"": 0.14, ""tail_log"": 0.0, ""git_log"": 0.0, ""search_content"": 0.0, ""find_files"": 0.0, ""git_status"": 0.0, ""kill_process"": 0.7, ""done"": 0.12, ""read_file"": 0.0, ""cannot_proceed"": 0.04, ""list_files"": 0.0}",0.23,124,1838,323.6,jev-1.13.0
kill whichever process is using the most memory,truncated,1,4,kill_process,done,0,0.58,"{""read_file"": 0.0, ""git_log"": 0.0, ""cannot_proceed"": 0.03, ""tail_log"": 0.0, ""done"": 0.11, ""port_listeners"": 0.0, ""disk_usage"": 0.0, ""process_list"": 0.24, ""list_files"": 0.0, ""git_status"": 0.0, ""find_files"": 0.0, ""search_content"": 0.0, ""kill_process"": 0.62}",0.22,139,1865,285.6,jev-1.13.0
kill whichever process is using the most memory,truncated,1,5,kill_process,done,0,0.43,"{""port_listeners"": 0.0, ""list_files"": 0.0, ""git_status"": 0.0, ""search_content"": 0.0, ""tail_log"": 0.0, ""disk_usage"": 0.0, ""find_files"": 0.0, ""cannot_proceed"": 0.04, ""read_file"": 0.0, ""git_log"": 0.0, ""process_list"": 0.35, ""kill_process"": 0.48, ""done"": 0.13}",0.25,155,1892,369.3,jev-1.13.0
show me the file that uses the jpeg encoder library,truncated,1,0,search_content,search_content,1,0.98,"{""kill_process"": 0.0, ""tail_log"": 0.0, ""cannot_proceed"": 0.0, ""git_log"": 0.0, ""search_content"": 0.99, ""read_file"": 0.0, ""process_list"": 0.0, ""list_files"": 0.0, ""port_listeners"": 0.0, ""git_status"": 0.0, ""disk_usage"": 0.0, ""done"": 0.0, ""find_files"": 0.01}",0.03,19,1647,254.6,jev-1.13.0
show me the file that uses the jpeg encoder library,truncated,1,1,read_file,read_file,1,0.64,"{""cannot_proceed"": 0.0, ""git_log"": 0.0, ""done"": 0.32, ""read_file"": 0.68, ""tail_log"": 0.0, ""port_listeners"": 0.0, ""list_files"": 0.0, ""process_list"": 0.0, ""disk_usage"": 0.0, ""search_content"": 0.0, ""find_files"": 0.0, ""kill_process"": 0.0, ""git_status"": 0.0}",0.72,89,1748,266.3,jev-1.13.0
show me the file that uses the jpeg encoder library,truncated,1,2,read_file,done,0,0.64,"{""find_files"": 0.0, ""git_status"": 0.0, ""process_list"": 0.0, ""git_log"": 0.0, ""read_file"": 0.68, ""kill_process"": 0.0, ""search_content"": 0.0, ""list_files"": 0.0, ""done"": 0.32, ""disk_usage"": 0.0, ""cannot_proceed"": 0.0, ""port_listeners"": 0.0, ""tail_log"": 0.0}",0.69,133,1798,371.5,jev-1.13.0
show me the file that uses the jpeg encoder library,truncated,1,3,read_file,done,0,0.56,"{""port_listeners"": 0.0, ""search_content"": 0.0, ""process_list"": 0.0, ""done"": 0.39, ""list_files"": 0.0, ""read_file"": 0.61, ""git_log"": 0.0, ""cannot_proceed"": 0.0, ""disk_usage"": 0.0, ""tail_log"": 0.0, ""kill_process"": 0.0, ""git_status"": 0.0, ""find_files"": 0.0}",0.72,178,1848,284.2,jev-1.13.0
show me the file that uses the jpeg encoder library,truncated,1,4,read_file,done,0,0.55,"{""list_files"": 0.0, ""process_list"": 0.0, ""cannot_proceed"": 0.0, ""disk_usage"": 0.0, ""git_status"": 0.0, ""git_log"": 0.0, ""kill_process"": 0.0, ""find_files"": 0.0, ""done"": 0.41, ""port_listeners"": 0.0, ""read_file"": 0.59, ""search_content"": 0.0, ""tail_log"": 0.0}",0.67,222,1898,254.4,jev-1.13.0
show me the file that uses the jpeg encoder library,truncated,1,5,read_file,done,0,0.57,"{""disk_usage"": 0.0, ""port_listeners"": 0.0, ""process_list"": 0.0, ""tail_log"": 0.0, ""git_log"": 0.0, ""search_content"": 0.0, ""find_files"": 0.0, ""git_status"": 0.0, ""kill_process"": 0.0, ""done"": 0.39, ""read_file"": 0.61, ""cannot_proceed"": 0.0, ""list_files"": 0.0}",0.63,267,1948,255.5,jev-1.13.0
find recently modified go files and show the most recent one,truncated,1,0,find_files,find_files,1,0.97,"{""find_files"": 0.97, ""git_log"": 0.0, ""process_list"": 0.0, ""git_status"": 0.0, ""read_file"": 0.0, ""kill_process"": 0.0, ""cannot_proceed"": 0.01, ""list_files"": 0.0, ""done"": 0.02, ""disk_usage"": 0.0, ""search_content"": 0.0, ""port_listeners"": 0.0, ""tail_log"": 0.0}",0.04,22,1648,234.2,jev-1.13.0
find recently modified go files and show the most recent one,truncated,1,1,read_file,read_file,1,0.32,"{""git_log"": 0.01, ""tail_log"": 0.0, ""disk_usage"": 0.0, ""git_status"": 0.05, ""process_list"": 0.0, ""port_listeners"": 0.0, ""list_files"": 0.13, ""search_content"": 0.0, ""cannot_proceed"": 0.1, ""kill_process"": 0.0, ""read_file"": 0.38, ""find_files"": 0.27, ""done"": 0.06}",0.09,59,1704,302.4,jev-1.13.0
find recently modified go files and show the most recent one,truncated,1,2,read_file,done,0,0.5,"{""disk_usage"": 0.0, ""search_content"": 0.0, ""find_files"": 0.26, ""read_file"": 0.54, ""port_listeners"": 0.0, ""done"": 0.05, ""cannot_proceed"": 0.07, ""kill_process"": 0.0, ""tail_log"": 0.0, ""process_list"": 0.0, ""list_files"": 0.04, ""git_status"": 0.03, ""git_log"": 0.01}",0.11,98,1752,288.6,jev-1.13.0
find recently modified go files and show the most recent one,truncated,1,3,read_file,done,0,0.35,"{""git_log"": 0.01, ""tail_log"": 0.0, ""disk_usage"": 0.0, ""git_status"": 0.03, ""process_list"": 0.0, ""port_listeners"": 0.0, ""find_files"": 0.34, ""search_content"": 0.0, ""cannot_proceed"": 0.1, ""kill_process"": 0.0, ""read_file"": 0.4, ""list_files"": 0.04, ""done"": 0.07}",0.1,138,1800,356.6,jev-1.13.0
find recently modified go files and show the most recent one,truncated,1,4,read_file,done,0,0.34,"{""git_log"": 0.01, ""tail_log"": 0.0, ""disk_usage"": 0.0, ""git_status"": 0.03, ""process_list"": 0.0, ""port_listeners"": 0.0, ""list_files"": 0.03, ""search_content"": 0.0, ""cannot_proceed"": 0.09, ""kill_process"": 0.0, ""read_file"": 0.4, ""find_files"": 0.38, ""done"": 0.06}",0.07,177,1848,272.4,jev-1.13.0
find recently modified go files and show the most recent one,truncated,1,5,find_files,done,0,0.56,"{""git_status"": 0.04, ""search_content"": 0.0, ""process_list"": 0.0, ""kill_process"": 0.0, ""list_files"": 0.03, ""git_log"": 0.01, ""find_files"": 0.59, ""read_file"": 0.1, ""done"": 0.07, ""disk_usage"": 0.0, ""tail_log"": 0.0, ""port_listeners"": 0.0, ""cannot_proceed"": 0.16}",0.05,216,1896,271.9,jev-1.13.0
read whichever readme is in the skills project,truncated,1,0,find_files,list_files,0,0.69,"{""port_listeners"": 0.0, ""tail_log"": 0.0, ""disk_usage"": 0.0, ""find_files"": 0.72, ""cannot_proceed"": 0.0, ""process_list"": 0.0, ""search_content"": 0.0, ""done"": 0.0, ""git_status"": 0.0, ""read_file"": 0.03, ""list_files"": 0.25, ""kill_process"": 0.0, ""git_log"": 0.0}",0.04,18,1646,286.8,jev-1.13.0
read whichever readme is in the skills project,truncated,1,1,find_files,read_file,0,0.45,"{""git_log"": 0.0, ""git_status"": 0.0, ""cannot_proceed"": 0.0, ""disk_usage"": 0.0, ""read_file"": 0.12, ""find_files"": 0.5, ""kill_process"": 0.0, ""list_files"": 0.37, ""process_list"": 0.0, ""search_content"": 0.01, ""port_listeners"": 0.0, ""tail_log"": 0.0, ""done"": 0.0}",0.04,49,1690,261.7,jev-1.13.0
read whichever readme is in the skills project,truncated,1,2,find_files,done,0,0.43,"{""cannot_proceed"": 0.0, ""list_files"": 0.38, ""find_files"": 0.48, ""tail_log"": 0.0, ""git_log"": 0.0, ""port_listeners"": 0.0, ""search_content"": 0.02, ""read_file"": 0.12, ""kill_process"": 0.0, ""done"": 0.0, ""process_list"": 0.0, ""disk_usage"": 0.0, ""git_status"": 0.0}",0.04,80,1735,411.5,jev-1.13.0
read whichever readme is in the skills project,truncated,1,3,find_files,done,0,0.43,"{""git_status"": 0.0, ""disk_usage"": 0.0, ""find_files"": 0.48, ""done"": 0.0, ""kill_process"": 0.0, ""list_files"": 0.34, ""read_file"": 0.15, ""port_listeners"": 0.0, ""search_content"": 0.03, ""tail_log"": 0.0, ""cannot_proceed"": 0.0, ""git_log"": 0.0, ""process_list"": 0.0}",0.03,111,1780,373.4,jev-1.13.0
read whichever readme is in the skills project,truncated,1,4,find_files,done,0,0.38,"{""read_file"": 0.17, ""disk_usage"": 0.0, ""done"": 0.01, ""find_files"": 0.42, ""search_content"": 0.04, ""tail_log"": 0.0, ""kill_process"": 0.0, ""git_log"": 0.0, ""cannot_proceed"": 0.01, ""process_list"": 0.0, ""git_status"": 0.0, ""list_files"": 0.35, ""port_listeners"": 0.0}",0.03,143,1825,318.7,jev-1.13.0
read whichever readme is in the skills project,truncated,1,5,find_files,done,0,0.35,"{""read_file"": 0.17, ""port_listeners"": 0.0, ""process_list"": 0.0, ""done"": 0.0, ""git_log"": 0.0, ""search_content"": 0.04, ""find_files"": 0.41000000000000003, ""git_status"": 0.0, ""kill_process"": 0.0, ""tail_log"": 0.0, ""list_files"": 0.37, ""cannot_proceed"": 0.01, ""disk_usage"": 0.0}",0.03,174,1870,249.7,jev-1.13.0
tail whichever npm log has the most content in it,truncated,1,0,find_files,find_files,1,0.72,"{""git_log"": 0.0, ""git_status"": 0.0, ""cannot_proceed"": 0.04, ""disk_usage"": 0.03, ""kill_process"": 0.0, ""find_files"": 0.75, ""read_file"": 0.0, ""list_files"": 0.16, ""search_content"": 0.0, ""process_list"": 0.0, ""tail_log"": 0.02, ""port_listeners"": 0.0, ""done"": 0.0}",0.03,19,1647,266.6,jev-1.13.0
tail whichever npm log has the most content in it,truncated,1,1,tail_log,tail_log,1,1.0,"{""disk_usage"": 0.0, ""port_listeners"": 0.0, ""cannot_proceed"": 0.0, ""done"": 0.0, ""git_log"": 0.0, ""read_file"": 0.0, ""process_list"": 0.0, ""git_status"": 0.0, ""tail_log"": 1.0, ""search_content"": 0.0, ""kill_process"": 0.0, ""find_files"": 0.0, ""list_files"": 0.0}",0.09,87,1842,245.7,jev-1.13.0
tail whichever npm log has the most content in it,truncated,1,2,tail_log,done,0,0.54,"{""kill_process"": 0.0, ""disk_usage"": 0.0, ""cannot_proceed"": 0.01, ""search_content"": 0.0, ""git_status"": 0.0, ""find_files"": 0.0, ""port_listeners"": 0.0, ""git_log"": 0.0, ""process_list"": 0.0, ""done"": 0.41, ""list_files"": 0.0, ""tail_log"": 0.58, ""read_file"": 0.0}",0.61,129,1909,297.2,jev-1.13.0
tail whichever npm log has the most content in it,truncated,1,3,tail_log,done,0,0.79,"{""read_file"": 0.0, ""git_log"": 0.0, ""done"": 0.17, ""cannot_proceed"": 0.01, ""find_files"": 0.0, ""tail_log"": 0.81, ""kill_process"": 0.0, ""process_list"": 0.0, ""search_content"": 0.0, ""git_status"": 0.0, ""disk_usage"": 0.0, ""list_files"": 0.0, ""port_listeners"": 0.0}",0.37,172,1976,356.8,jev-1.13.0
tail whichever npm log has the most content in it,truncated,1,4,tail_log,done,0,0.87,"{""tail_log"": 0.88, ""port_listeners"": 0.0, ""kill_process"": 0.0, ""disk_usage"": 0.0, ""read_file"": 0.01, ""git_log"": 0.0, ""done"": 0.09, ""process_list"": 0.0, ""find_files"": 0.0, ""git_status"": 0.0, ""search_content"": 0.0, ""cannot_proceed"": 0.02, ""list_files"": 0.0}",0.19,215,2043,384.8,jev-1.13.0
tail whichever npm log has the most content in it,truncated,1,5,tail_log,done,0,0.83,"{""list_files"": 0.0, ""search_content"": 0.0, ""cannot_proceed"": 0.03, ""find_files"": 0.0, ""git_log"": 0.0, ""git_status"": 0.0, ""disk_usage"": 0.0, ""kill_process"": 0.0, ""done"": 0.1, ""port_listeners"": 0.0, ""read_file"": 0.01, ""process_list"": 0.0, ""tail_log"": 0.86}",0.13,258,2110,344.2,jev-1.13.0
show the most recently changed file in the skills repo,truncated,1,0,find_files,find_files,1,0.69,"{""kill_process"": 0.0, ""git_status"": 0.07, ""read_file"": 0.0, ""process_list"": 0.0, ""disk_usage"": 0.0, ""git_log"": 0.14, ""find_files"": 0.72, ""list_files"": 0.06, ""search_content"": 0.0, ""cannot_proceed"": 0.01, ""port_listeners"": 0.0, ""tail_log"": 0.0, ""done"": 0.0}",0.03,20,1647,231.8,jev-1.13.0
show the most recently changed file in the skills repo,truncated,1,1,find_files,read_file,0,0.29,"{""read_file"": 0.06, ""list_files"": 0.1, ""git_status"": 0.15, ""process_list"": 0.0, ""port_listeners"": 0.0, ""disk_usage"": 0.0, ""kill_process"": 0.0, ""git_log"": 0.1, ""search_content"": 0.0, ""tail_log"": 0.0, ""cannot_proceed"": 0.02, ""find_files"": 0.34, ""done"": 0.23}",0.18,36,1675,222.0,jev-1.13.0
show the most recently changed file in the skills repo,truncated,1,2,find_files,done,0,0.43,"{""tail_log"": 0.0, ""port_listeners"": 0.0, ""git_status"": 0.14, ""git_log"": 0.12, ""read_file"": 0.04, ""done"": 0.13, ""search_content"": 0.0, ""kill_process"": 0.0, ""find_files"": 0.48, ""process_list"": 0.0, ""cannot_proceed"": 0.02, ""list_files"": 0.07, ""disk_usage"": 0.0}",0.09,53,1704,286.3,jev-1.13.0
show the most recently changed file in the skills repo,truncated,1,3,find_files,done,0,0.5,"{""kill_process"": 0.0, ""disk_usage"": 0.0, ""tail_log"": 0.0, ""list_files"": 0.07, ""done"": 0.07, ""git_status"": 0.12, ""search_content"": 0.0, ""find_files"": 0.55, ""read_file"": 0.03, ""git_log"": 0.13, ""port_listeners"": 0.0, ""cannot_proceed"": 0.02, ""process_list"": 0.0}",0.06,70,1733,303.5,jev-1.13.0
show the most recently changed file in the skills repo,truncated,1,4,find_files,done,0,0.43,"{""read_file"": 0.04, ""git_log"": 0.13, ""done"": 0.11, ""cannot_proceed"": 0.04, ""tail_log"": 0.0, ""kill_process"": 0.0, ""disk_usage"": 0.0, ""process_list"": 0.0, ""port_listeners"": 0.0, ""git_status"": 0.14, ""find_files"": 0.47, ""list_files"": 0.07, ""search_content"": 0.0}",0.07,87,1762,260.9,jev-1.13.0
show the most recently changed file in the skills repo,truncated,1,5,find_files,done,0,0.46,"{""git_status"": 0.13, ""disk_usage"": 0.0, ""find_files"": 0.5, ""done"": 0.09, ""tail_log"": 0.0, ""list_files"": 0.07, ""read_file"": 0.04, ""port_listeners"": 0.0, ""search_content"": 0.0, ""kill_process"": 0.0, ""cannot_proceed"": 0.03, ""git_log"": 0.14, ""process_list"": 0.0}",0.06,103,1791,262.3,jev-1.13.0
tail whichever npm log is newest,truncated,1,0,find_files,find_files,1,0.94,"{""disk_usage"": 0.0, ""kill_process"": 0.0, ""cannot_proceed"": 0.02, ""search_content"": 0.0, ""git_status"": 0.0, ""find_files"": 0.94, ""port_listeners"": 0.0, ""git_log"": 0.0, ""process_list"": 0.0, ""tail_log"": 0.01, ""list_files"": 0.03, ""done"": 0.0, ""read_file"": 0.0}",0.04,15,1643,473.3,jev-1.13.0
tail whichever npm log is newest,truncated,1,1,tail_log,tail_log,1,0.97,"{""kill_process"": 0.0, ""tail_log"": 0.98, ""cannot_proceed"": 0.0, ""git_log"": 0.0, ""search_content"": 0.0, ""read_file"": 0.0, ""list_files"": 0.0, ""port_listeners"": 0.0, ""process_list"": 0.0, ""git_status"": 0.0, ""disk_usage"": 0.0, ""done"": 0.0, ""find_files"": 0.02}",0.07,74,1810,328.7,jev-1.13.0
tail whichever npm log is newest,truncated,1,2,done,done,1,0.86,"{""process_list"": 0.0, ""disk_usage"": 0.0, ""tail_log"": 0.11, ""list_files"": 0.0, ""done"": 0.88, ""git_status"": 0.0, ""search_content"": 0.0, ""find_files"": 0.01, ""read_file"": 0.0, ""git_log"": 0.0, ""port_listeners"": 0.0, ""cannot_proceed"": 0.0, ""kill_process"": 0.0}",0.78,139,1899,368.7,jev-1.13.0
deploy the app to production,truncated,1,0,cannot_proceed,cannot_proceed,1,0.92,"{""cannot_proceed"": 0.92, ""tail_log"": 0.0, ""find_files"": 0.01, ""git_log"": 0.01, ""list_files"": 0.01, ""port_listeners"": 0.0, ""search_content"": 0.0, ""read_file"": 0.0, ""kill_process"": 0.0, ""done"": 0.0, ""process_list"": 0.0, ""disk_usage"": 0.0, ""git_status"": 0.05}",0.05,14,1642,247.2,jev-1.13.0
send a message to the team on slack,truncated,1,0,cannot_proceed,cannot_proceed,1,1.0,"{""git_status"": 0.0, ""search_content"": 0.0, ""list_files"": 0.0, ""kill_process"": 0.0, ""process_list"": 0.0, ""git_log"": 0.0, ""disk_usage"": 0.0, ""read_file"": 0.0, ""done"": 0.0, ""port_listeners"": 0.0, ""tail_log"": 0.0, ""find_files"": 0.0, ""cannot_proceed"": 1.0}",0.04,15,1645,293.5,jev-1.13.0
rename this file to something else,truncated,1,0,cannot_proceed,cannot_proceed,1,0.93,"{""kill_process"": 0.0, ""tail_log"": 0.0, ""cannot_proceed"": 0.95, ""git_log"": 0.0, ""search_content"": 0.0, ""read_file"": 0.0, ""list_files"": 0.01, ""process_list"": 0.0, ""port_listeners"": 0.0, ""git_status"": 0.0, ""disk_usage"": 0.0, ""done"": 0.0, ""find_files"": 0.04}",0.04,15,1643,254.6,jev-1.13.0
install the missing npm dependency,truncated,1,0,cannot_proceed,cannot_proceed,1,0.68,"{""kill_process"": 0.0, ""tail_log"": 0.01, ""cannot_proceed"": 0.71, ""git_log"": 0.0, ""search_content"": 0.03, ""read_file"": 0.11, ""port_listeners"": 0.0, ""list_files"": 0.11, ""process_list"": 0.0, ""git_status"": 0.0, ""disk_usage"": 0.0, ""done"": 0.0, ""find_files"": 0.03}",0.04,15,1642,251.8,jev-1.13.0
what's the most recent commit in driftmark,truncated,1,0,git_log,git_log,1,0.98,"{""port_listeners"": 0.0, ""list_files"": 0.01, ""find_files"": 0.01, ""cannot_proceed"": 0.0, ""tail_log"": 0.0, ""disk_usage"": 0.0, ""git_log"": 0.98, ""process_list"": 0.0, ""read_file"": 0.0, ""done"": 0.0, ""kill_process"": 0.0, ""search_content"": 0.0, ""git_status"": 0.0}",0.03,17,1647,269.6,jev-1.13.0
what's the most recent commit in driftmark,truncated,1,1,done,done,1,0.99,"{""read_file"": 0.0, ""done"": 0.99, ""git_status"": 0.0, ""process_list"": 0.0, ""port_listeners"": 0.0, ""list_files"": 0.0, ""find_files"": 0.0, ""git_log"": 0.01, ""kill_process"": 0.0, ""tail_log"": 0.0, ""cannot_proceed"": 0.0, ""search_content"": 0.0, ""disk_usage"": 0.0}",0.87,46,1703,252.4,jev-1.13.0
what does the go module for glow require,truncated,1,0,read_file,read_file,1,0.97,"{""disk_usage"": 0.0, ""list_files"": 0.0, ""find_files"": 0.01, ""kill_process"": 0.0, ""port_listeners"": 0.0, ""done"": 0.0, ""cannot_proceed"": 0.0, ""git_log"": 0.0, ""read_file"": 0.99, ""process_list"": 0.0, ""tail_log"": 0.0, ""git_status"": 0.0, ""search_content"": 0.0}",0.03,17,1645,255.5,jev-1.13.0
what does the go module for glow require,truncated,1,1,read_file,done,0,0.93,"{""list_files"": 0.0, ""port_listeners"": 0.0, ""disk_usage"": 0.0, ""kill_process"": 0.0, ""read_file"": 0.94, ""git_log"": 0.0, ""process_list"": 0.0, ""done"": 0.06, ""find_files"": 0.0, ""git_status"": 0.0, ""search_content"": 0.0, ""cannot_proceed"": 0.0, ""tail_log"": 0.0}",0.08,42,1689,321.7,jev-1.13.0
what does the go module for glow require,truncated,1,2,read_file,done,0,0.95,"{""read_file"": 0.97, ""process_list"": 0.0, ""done"": 0.03, ""find_files"": 0.0, ""cannot_proceed"": 0.0, ""tail_log"": 0.0, ""kill_process"": 0.0, ""disk_usage"": 0.0, ""git_log"": 0.0, ""git_status"": 0.0, ""search_content"": 0.0, ""list_files"": 0.0, ""port_listeners"": 0.0}",0.07,69,1734,274.8,jev-1.13.0
what does the go module for glow require,truncated,1,3,read_file,done,0,0.95,"{""kill_process"": 0.0, ""tail_log"": 0.0, ""cannot_proceed"": 0.01, ""git_log"": 0.0, ""search_content"": 0.0, ""read_file"": 0.96, ""list_files"": 0.0, ""process_list"": 0.0, ""port_listeners"": 0.0, ""disk_usage"": 0.0, ""git_status"": 0.0, ""done"": 0.03, ""find_files"": 0.0}",0.05,95,1779,287.5,jev-1.13.0
what does the go module for glow require,truncated,1,4,read_file,done,0,0.95,"{""port_listeners"": 0.0, ""read_file"": 0.96, ""cannot_proceed"": 0.01, ""done"": 0.03, ""git_log"": 0.0, ""disk_usage"": 0.0, ""process_list"": 0.0, ""git_status"": 0.0, ""tail_log"": 0.0, ""list_files"": 0.0, ""kill_process"": 0.0, ""find_files"": 0.0, ""search_content"": 0.0}",0.05,121,1824,245.8,jev-1.13.0
what does the go module for glow require,truncated,1,5,read_file,done,0,0.94,"{""list_files"": 0.0, ""find_files"": 0.0, ""git_log"": 0.0, ""git_status"": 0.0, ""process_list"": 0.0, ""disk_usage"": 0.0, ""port_listeners"": 0.0, ""cannot_proceed"": 0.01, ""kill_process"": 0.0, ""search_content"": 0.0, ""read_file"": 0.95, ""tail_log"": 0.0, ""done"": 0.04}",0.04,147,1869,248.5,jev-1.13.0
are there uncommitted changes in the hermes project,truncated,1,0,git_status,git_status,1,0.89,"{""disk_usage"": 0.0, ""kill_process"": 0.0, ""search_content"": 0.0, ""cannot_proceed"": 0.0, ""git_status"": 0.9, ""find_files"": 0.0, ""port_listeners"": 0.0, ""tail_log"": 0.0, ""process_list"": 0.0, ""done"": 0.1, ""list_files"": 0.0, ""git_log"": 0.0, ""read_file"": 0.0}",0.43,19,1648,288.3,jev-1.13.0
are there uncommitted changes in the hermes project,truncated,1,1,done,done,1,0.92,"{""cannot_proceed"": 0.0, ""list_files"": 0.0, ""find_files"": 0.0, ""git_log"": 0.0, ""tail_log"": 0.0, ""port_listeners"": 0.0, ""search_content"": 0.0, ""read_file"": 0.0, ""kill_process"": 0.0, ""done"": 0.93, ""process_list"": 0.0, ""disk_usage"": 0.0, ""git_status"": 0.06999999999999999}",0.89,37,1678,276.2,jev-1.13.0
which skill docs were modified,truncated,1,0,git_status,git_status,1,0.92,"{""kill_process"": 0.0, ""read_file"": 0.0, ""cannot_proceed"": 0.01, ""port_listeners"": 0.0, ""tail_log"": 0.0, ""find_files"": 0.04, ""search_content"": 0.0, ""process_list"": 0.0, ""list_files"": 0.0, ""done"": 0.01, ""git_log"": 0.01, ""git_status"": 0.93, ""disk_usage"": 0.0}",0.06,14,1642,330.1,jev-1.13.0
which skill docs were modified,truncated,1,1,done,done,1,0.94,"{""find_files"": 0.0, ""git_status"": 0.01, ""process_list"": 0.0, ""git_log"": 0.01, ""read_file"": 0.03, ""kill_process"": 0.0, ""cannot_proceed"": 0.0, ""list_files"": 0.0, ""done"": 0.95, ""disk_usage"": 0.0, ""search_content"": 0.0, ""port_listeners"": 0.0, ""tail_log"": 0.0}",0.86,32,1672,389.9,jev-1.13.0
kill whatever's on port 3000,truncated,2,0,port_listeners,port_listeners,1,0.99,"{""kill_process"": 0.0, ""cannot_proceed"": 0.01, ""git_log"": 0.0, ""tail_log"": 0.0, ""read_file"": 0.0, ""done"": 0.0, ""port_listeners"": 0.99, ""search_content"": 0.0, ""disk_usage"": 0.0, ""git_status"": 0.0, ""process_list"": 0.0, ""find_files"": 0.0, ""list_files"": 0.0}",0.06,14,1647,390.7,jev-1.13.0
kill whatever's on port 3000,truncated,2,1,kill_process,kill_process,1,1.0,"{""search_content"": 0.0, ""git_status"": 0.0, ""read_file"": 0.0, ""disk_usage"": 0.0, ""cannot_proceed"": 0.0, ""kill_process"": 1.0, ""find_files"": 0.0, ""list_files"": 0.0, ""process_list"": 0.0, ""git_log"": 0.0, ""port_listeners"": 0.0, ""tail_log"": 0.0, ""done"": 0.0}",0.03,59,1735,227.5,jev-1.13.0
kill whatever's on port 3000,truncated,2,2,kill_process,done,0,0.39,"{""tail_log"": 0.0, ""disk_usage"": 0.0, ""port_listeners"": 0.29, ""find_files"": 0.0, ""git_status"": 0.0, ""search_content"": 0.0, ""done"": 0.2, ""cannot_proceed"": 0.06, ""list_files"": 0.0, ""read_file"": 0.0, ""kill_process"": 0.44, ""process_list"": 0.01, ""git_log"": 0.0}",0.38,75,1762,230.1,jev-1.13.0
kill whatever's on port 3000,truncated,2,3,kill_process,done,0,0.59,"{""tail_log"": 0.0, ""list_files"": 0.0, ""read_file"": 0.0, ""git_log"": 0.0, ""port_listeners"": 0.28, ""process_list"": 0.01, ""done"": 0.04, ""kill_process"": 0.63, ""cannot_proceed"": 0.04, ""git_status"": 0.0, ""disk_usage"": 0.0, ""find_files"": 0.0, ""search_content"": 0.0}",0.24,91,1789,240.2,jev-1.13.0
kill whatever's on port 3000,truncated,2,4,kill_process,done,0,0.48,"{""port_listeners"": 0.4, ""list_files"": 0.0, ""disk_usage"": 0.0, ""process_list"": 0.01, ""tail_log"": 0.0, ""cannot_proceed"": 0.03, ""git_log"": 0.0, ""find_files"": 0.0, ""read_file"": 0.0, ""done"": 0.03, ""kill_process"": 0.53, ""search_content"": 0.0, ""git_status"": 0.0}",0.23,107,1816,432.2,jev-1.13.0
kill whatever's on port 3000,truncated,2,5,kill_process,done,0,0.51,"{""find_files"": 0.0, ""git_log"": 0.0, ""port_listeners"": 0.37, ""disk_usage"": 0.0, ""list_files"": 0.0, ""git_status"": 0.0, ""read_file"": 0.0, ""kill_process"": 0.55, ""process_list"": 0.01, ""search_content"": 0.0, ""done"": 0.02, ""tail_log"": 0.0, ""cannot_proceed"": 0.05}",0.18,122,1843,324.0,jev-1.13.0
kill the process eating the most CPU,truncated,2,0,process_list,process_list,1,1.0,"{""tail_log"": 0.0, ""port_listeners"": 0.0, ""disk_usage"": 0.0, ""kill_process"": 0.0, ""read_file"": 0.0, ""git_log"": 0.0, ""process_list"": 1.0, ""done"": 0.0, ""find_files"": 0.0, ""git_status"": 0.0, ""search_content"": 0.0, ""cannot_proceed"": 0.0, ""list_files"": 0.0}",0.03,16,1644,262.1,jev-1.13.0
kill the process eating the most CPU,truncated,2,1,kill_process,kill_process,1,1.0,"{""git_log"": 0.0, ""tail_log"": 0.0, ""disk_usage"": 0.0, ""git_status"": 0.0, ""process_list"": 0.0, ""port_listeners"": 0.0, ""find_files"": 0.0, ""kill_process"": 1.0, ""cannot_proceed"": 0.0, ""search_content"": 0.0, ""read_file"": 0.0, ""list_files"": 0.0, ""done"": 0.0}",0.04,55,1721,266.3,jev-1.13.0
kill the process eating the most CPU,truncated,2,2,kill_process,done,0,0.62,"{""disk_usage"": 0.0, ""kill_process"": 0.66, ""cannot_proceed"": 0.05, ""search_content"": 0.0, ""git_status"": 0.0, ""find_files"": 0.0, ""port_listeners"": 0.0, ""git_log"": 0.0, ""process_list"": 0.03, ""tail_log"": 0.0, ""list_files"": 0.0, ""done"": 0.26, ""read_file"": 0.0}",0.31,70,1748,253.3,jev-1.13.0
kill the process eating the most CPU,truncated,2,3,kill_process,done,0,0.64,"{""port_listeners"": 0.0, ""search_content"": 0.0, ""process_list"": 0.22, ""done"": 0.07, ""list_files"": 0.0, ""read_file"": 0.0, ""git_log"": 0.0, ""cannot_proceed"": 0.04, ""kill_process"": 0.67, ""tail_log"": 0.0, ""disk_usage"": 0.0, ""git_status"": 0.0, ""find_files"": 0.0}",0.23,86,1775,251.2,jev-1.13.0
kill the process eating the most CPU,truncated,2,4,kill_process,done,0,0.62,"{""tail_log"": 0.0, ""port_listeners"": 0.0, ""list_files"": 0.0, ""git_log"": 0.0, ""read_file"": 0.0, ""find_files"": 0.0, ""search_content"": 0.0, ""kill_process"": 0.65, ""done"": 0.05, ""process_list"": 0.26, ""cannot_proceed"": 0.04, ""git_status"": 0.0, ""disk_usage"": 0.0}",0.2,102,1802,239.5,jev-1.13.0
kill the process eating the most CPU,truncated,2,5,kill_process,done,0,0.41,"{""port_listeners"": 0.0, ""find_files"": 0.0, ""done"": 0.05, ""process_list"": 0.45, ""kill_process"": 0.46, ""read_file"": 0.0, ""list_files"": 0.0, ""git_status"": 0.0, ""cannot_proceed"": 0.04, ""disk_usage"": 0.0, ""search_content"": 0.0, ""tail_log"": 0.0, ""git_log"": 0.0}",0.18,118,1829,248.8,jev-1.13.0
tail the log that changed most recently,truncated,2,0,find_files,find_files,1,0.95,"{""port_listeners"": 0.0, ""list_files"": 0.02, ""disk_usage"": 0.0, ""process_list"": 0.0, ""tail_log"": 0.01, ""find_files"": 0.96, ""git_log"": 0.0, ""cannot_proceed"": 0.01, ""read_file"": 0.0, ""done"": 0.0, ""kill_process"": 0.0, ""search_content"": 0.0, ""git_status"": 0.0}",0.04,16,1644,246.5,jev-1.13.0
tail the log that changed most recently,truncated,2,1,tail_log,tail_log,1,1.0,"{""git_status"": 0.0, ""search_content"": 0.0, ""port_listeners"": 0.0, ""read_file"": 0.0, ""process_list"": 0.0, ""disk_usage"": 0.0, ""tail_log"": 1.0, ""kill_process"": 0.0, ""git_log"": 0.0, ""done"": 0.0, ""find_files"": 0.0, ""cannot_proceed"": 0.0, ""list_files"": 0.0}",0.08,59,1741,277.9,jev-1.13.0
tail the log that changed most recently,truncated,2,2,done,done,1,0.99,"{""git_status"": 0.0, ""read_file"": 0.0, ""done"": 1.0, ""git_log"": 0.0, ""kill_process"": 0.0, ""cannot_proceed"": 0.0, ""list_files"": 0.0, ""process_list"": 0.0, ""search_content"": 0.0, ""tail_log"": 0.0, ""find_files"": 0.0, ""port_listeners"": 0.0, ""disk_usage"": 0.0}",0.94,90,1796,234.1,jev-1.13.0
what's using the most disk space here,truncated,2,0,disk_usage,disk_usage,1,1.0,"{""git_status"": 0.0, ""search_content"": 0.0, ""port_listeners"": 0.0, ""read_file"": 0.0, ""process_list"": 0.0, ""disk_usage"": 1.0, ""tail_log"": 0.0, ""kill_process"": 0.0, ""git_log"": 0.0, ""done"": 0.0, ""find_files"": 0.0, ""cannot_proceed"": 0.0, ""list_files"": 0.0}",0.03,16,1645,289.7,jev-1.13.0
what's using the most disk space here,truncated,2,1,done,done,1,0.81,"{""read_file"": 0.0, ""kill_process"": 0.0, ""done"": 0.83, ""process_list"": 0.0, ""port_listeners"": 0.0, ""list_files"": 0.08, ""find_files"": 0.02, ""git_log"": 0.0, ""search_content"": 0.0, ""tail_log"": 0.0, ""git_status"": 0.0, ""cannot_proceed"": 0.0, ""disk_usage"": 0.07}",0.88,40,1693,307.7,jev-1.13.0
restart the database,truncated,2,0,cannot_proceed,cannot_proceed,1,0.97,"{""port_listeners"": 0.0, ""search_content"": 0.0, ""process_list"": 0.02, ""done"": 0.0, ""list_files"": 0.0, ""cannot_proceed"": 0.98, ""git_log"": 0.0, ""read_file"": 0.0, ""disk_usage"": 0.0, ""tail_log"": 0.0, ""kill_process"": 0.0, ""git_status"": 0.0, ""find_files"": 0.0}",0.06,12,1640,250.5,jev-1.13.0
which files have uncommitted changes,truncated,2,0,git_status,git_status,1,0.49,"{""tail_log"": 0.0, ""disk_usage"": 0.0, ""list_files"": 0.0, ""git_log"": 0.0, ""read_file"": 0.0, ""done"": 0.47, ""search_content"": 0.0, ""kill_process"": 0.0, ""find_files"": 0.0, ""process_list"": 0.0, ""cannot_proceed"": 0.0, ""git_status"": 0.53, ""port_listeners"": 0.0}",0.63,16,1644,318.6,jev-1.13.0
which files have uncommitted changes,truncated,2,1,done,done,1,0.98,"{""port_listeners"": 0.0, ""list_files"": 0.0, ""git_status"": 0.01, ""search_content"": 0.0, ""find_files"": 0.0, ""disk_usage"": 0.0, ""tail_log"": 0.0, ""kill_process"": 0.0, ""read_file"": 0.01, ""git_log"": 0.0, ""process_list"": 0.0, ""cannot_proceed"": 0.0, ""done"": 0.98}",0.94,44,1686,266.1,jev-1.13.0
show me the commit history for this repo,truncated,2,0,git_log,git_log,1,1.0,"{""process_list"": 0.0, ""done"": 0.0, ""disk_usage"": 0.0, ""port_listeners"": 0.0, ""list_files"": 0.0, ""cannot_proceed"": 0.0, ""search_content"": 0.0, ""tail_log"": 0.0, ""kill_process"": 0.0, ""git_status"": 0.0, ""find_files"": 0.0, ""git_log"": 1.0, ""read_file"": 0.0}",0.03,17,1645,433.4,jev-1.13.0
show me the commit history for this repo,truncated,2,1,done,done,1,0.99,"{""search_content"": 0.0, ""kill_process"": 0.0, ""done"": 0.99, ""read_file"": 0.0, ""port_listeners"": 0.0, ""list_files"": 0.0, ""process_list"": 0.0, ""git_log"": 0.01, ""find_files"": 0.0, ""tail_log"": 0.0, ""cannot_proceed"": 0.0, ""disk_usage"": 0.0, ""git_status"": 0.0}",0.95,64,1724,266.5,jev-1.13.0
what files are in the internal directory of the glow project,truncated,2,0,list_files,list_files,1,0.94,"{""kill_process"": 0.0, ""tail_log"": 0.0, ""cannot_proceed"": 0.01, ""git_log"": 0.0, ""search_content"": 0.0, ""read_file"": 0.0, ""process_list"": 0.0, ""list_files"": 0.94, ""port_listeners"": 0.0, ""git_status"": 0.0, ""disk_usage"": 0.0, ""done"": 0.0, ""find_files"": 0.05}",0.03,22,1648,256.3,jev-1.13.0
what files are in the internal directory of the glow project,truncated,2,1,done,done,1,0.89,"{""cannot_proceed"": 0.0, ""list_files"": 0.09, ""find_files"": 0.0, ""git_log"": 0.0, ""tail_log"": 0.0, ""port_listeners"": 0.0, ""search_content"": 0.0, ""read_file"": 0.01, ""kill_process"": 0.0, ""disk_usage"": 0.0, ""process_list"": 0.0, ""done"": 0.9, ""git_status"": 0.0}",0.77,41,1684,267.7,jev-1.13.0
show me the contents of the go module file,truncated,2,0,read_file,read_file,1,0.98,"{""git_log"": 0.0, ""find_files"": 0.01, ""done"": 0.0, ""process_list"": 0.0, ""kill_process"": 0.0, ""read_file"": 0.98, ""list_files"": 0.01, ""cannot_proceed"": 0.0, ""git_status"": 0.0, ""disk_usage"": 0.0, ""search_content"": 0.0, ""tail_log"": 0.0, ""port_listeners"": 0.0}",0.03,17,1646,269.5,jev-1.13.0
show me the contents of the go module file,truncated,2,1,read_file,done,0,0.64,"{""process_list"": 0.0, ""done"": 0.33, ""disk_usage"": 0.0, ""port_listeners"": 0.0, ""list_files"": 0.0, ""cannot_proceed"": 0.0, ""git_status"": 0.0, ""tail_log"": 0.0, ""kill_process"": 0.0, ""search_content"": 0.0, ""find_files"": 0.0, ""git_log"": 0.0, ""read_file"": 0.67}",0.13,43,1690,280.7,jev-1.13.0
show me the contents of the go module file,truncated,2,2,read_file,done,0,0.66,"{""list_files"": 0.0, ""search_content"": 0.0, ""find_files"": 0.0, ""kill_process"": 0.0, ""port_listeners"": 0.0, ""done"": 0.31, ""cannot_proceed"": 0.0, ""read_file"": 0.69, ""disk_usage"": 0.0, ""process_list"": 0.0, ""tail_log"": 0.0, ""git_status"": 0.0, ""git_log"": 0.0}",0.14,69,1735,255.9,jev-1.13.0
show me the contents of the go module file,truncated,2,3,read_file,done,0,0.71,"{""disk_usage"": 0.0, ""tail_log"": 0.0, ""port_listeners"": 0.0, ""find_files"": 0.0, ""cannot_proceed"": 0.0, ""process_list"": 0.0, ""search_content"": 0.0, ""done"": 0.26, ""git_status"": 0.0, ""read_file"": 0.74, ""list_files"": 0.0, ""kill_process"": 0.0, ""git_log"": 0.0}",0.14,95,1780,267.1,jev-1.13.0
show me the contents of the go module file,truncated,2,4,read_file,done,0,0.6,"{""cannot_proceed"": 0.0, ""tail_log"": 0.0, ""find_files"": 0.0, ""git_log"": 0.0, ""list_files"": 0.0, ""port_listeners"": 0.0, ""search_content"": 0.0, ""read_file"": 0.64, ""kill_process"": 0.0, ""done"": 0.36, ""process_list"": 0.0, ""disk_usage"": 0.0, ""git_status"": 0.0}",0.15,122,1825,233.0,jev-1.13.0
show me the contents of the go module file,truncated,2,5,read_file,done,0,0.64,"{""git_log"": 0.0, ""tail_log"": 0.0, ""disk_usage"": 0.0, ""git_status"": 0.0, ""process_list"": 0.0, ""port_listeners"": 0.0, ""find_files"": 0.0, ""search_content"": 0.0, ""cannot_proceed"": 0.0, ""kill_process"": 0.0, ""read_file"": 0.68, ""list_files"": 0.0, ""done"": 0.32}",0.15,148,1870,258.3,jev-1.13.0
is anything listening on port 9999,truncated,2,0,port_listeners,port_listeners,1,0.57,"{""port_listeners"": 0.61, ""disk_usage"": 0.0, ""cannot_proceed"": 0.01, ""done"": 0.38, ""git_log"": 0.0, ""read_file"": 0.0, ""process_list"": 0.0, ""git_status"": 0.0, ""tail_log"": 0.0, ""search_content"": 0.0, ""kill_process"": 0.0, ""find_files"": 0.0, ""list_files"": 0.0}",0.7,15,1647,264.6,jev-1.13.0
is anything listening on port 9999,truncated,2,1,done,done,1,0.64,"{""disk_usage"": 0.0, ""tail_log"": 0.0, ""search_content"": 0.0, ""find_files"": 0.0, ""git_status"": 0.0, ""port_listeners"": 0.31, ""done"": 0.68, ""cannot_proceed"": 0.0, ""list_files"": 0.0, ""read_file"": 0.0, ""kill_process"": 0.0, ""process_list"": 0.01, ""git_log"": 0.0}",0.83,31,1675,235.9,jev-1.13.0
kill whichever process is using the most memory,truncated,2,0,process_list,process_list,1,1.0,"{""list_files"": 0.0, ""port_listeners"": 0.0, ""disk_usage"": 0.0, ""kill_process"": 0.0, ""read_file"": 0.0, ""git_log"": 0.0, ""done"": 0.0, ""process_list"": 1.0, ""find_files"": 0.0, ""git_status"": 0.0, ""search_content"": 0.0, ""cannot_proceed"": 0.0, ""tail_log"": 0.0}",0.03,18,1645,291.4,jev-1.13.0
kill whichever process is using the most memory,truncated,2,1,kill_process,kill_process,1,0.99,"{""git_status"": 0.0, ""disk_usage"": 0.0, ""find_files"": 0.0, ""done"": 0.0, ""kill_process"": 0.99, ""list_files"": 0.0, ""read_file"": 0.0, ""port_listeners"": 0.0, ""search_content"": 0.0, ""tail_log"": 0.0, ""cannot_proceed"": 0.0, ""git_log"": 0.0, ""process_list"": 0.01}",0.05,92,1784,303.5,jev-1.13.0
kill whichever process is using the most memory,truncated,2,2,kill_process,done,0,0.59,"{""port_listeners"": 0.0, ""search_content"": 0.0, ""cannot_proceed"": 0.05, ""done"": 0.28, ""list_files"": 0.0, ""process_list"": 0.04, ""git_log"": 0.0, ""read_file"": 0.0, ""kill_process"": 0.63, ""tail_log"": 0.0, ""disk_usage"": 0.0, ""find_files"": 0.0, ""git_status"": 0.0}",0.33,108,1811,270.0,jev-1.13.0
kill whichever process is using the most memory,truncated,2,3,kill_process,done,0,0.65,"{""port_listeners"": 0.0, ""find_files"": 0.0, ""done"": 0.13, ""read_file"": 0.0, ""list_files"": 0.0, ""kill_process"": 0.68, ""process_list"": 0.15, ""git_status"": 0.0, ""cannot_proceed"": 0.04, ""disk_usage"": 0.0, ""search_content"": 0.0, ""tail_log"": 0.0, ""git_log"": 0.0}",0.23,124,1838,269.2,jev-1.13.0
kill whichever process is using the most memory,truncated,2,4,kill_process,done,0,0.54,"{""kill_process"": 0.57, ""read_file"": 0.0, ""cannot_proceed"": 0.03, ""port_listeners"": 0.0, ""process_list"": 0.26, ""find_files"": 0.0, ""search_content"": 0.0, ""list_files"": 0.0, ""done"": 0.14, ""tail_log"": 0.0, ""git_log"": 0.0, ""git_status"": 0.0, ""disk_usage"": 0.0}",0.25,139,1865,274.5,jev-1.13.0
kill whichever process is using the most memory,truncated,2,5,kill_process,done,0,0.51,"{""disk_usage"": 0.0, ""kill_process"": 0.55, ""search_content"": 0.0, ""cannot_proceed"": 0.03, ""git_status"": 0.0, ""find_files"": 0.0, ""port_listeners"": 0.0, ""done"": 0.16, ""process_list"": 0.26, ""git_log"": 0.0, ""list_files"": 0.0, ""tail_log"": 0.0, ""read_file"": 0.0}",0.2,155,1892,243.5,jev-1.13.0
show me the file that uses the jpeg encoder library,truncated,2,0,search_content,search_content,1,0.98,"{""git_status"": 0.0, ""process_list"": 0.0, ""read_file"": 0.0, ""port_listeners"": 0.0, ""tail_log"": 0.0, ""git_log"": 0.0, ""find_files"": 0.01, ""disk_usage"": 0.0, ""list_files"": 0.0, ""kill_process"": 0.0, ""cannot_proceed"": 0.0, ""search_content"": 0.99, ""done"": 0.0}",0.03,19,1647,250.9,jev-1.13.0
show me the file that uses the jpeg encoder library,truncated,2,1,read_file,read_file,1,0.63,"{""port_listeners"": 0.0, ""list_files"": 0.0, ""git_status"": 0.0, ""git_log"": 0.0, ""find_files"": 0.0, ""disk_usage"": 0.0, ""kill_process"": 0.0, ""search_content"": 0.0, ""read_file"": 0.67, ""tail_log"": 0.0, ""process_list"": 0.0, ""cannot_proceed"": 0.0, ""done"": 0.33}",0.77,89,1748,234.6,jev-1.13.0
show me the file that uses the jpeg encoder library,truncated,2,2,read_file,done,0,0.67,"{""git_status"": 0.0, ""list_files"": 0.0, ""port_listeners"": 0.0, ""read_file"": 0.7, ""process_list"": 0.0, ""disk_usage"": 0.0, ""tail_log"": 0.0, ""kill_process"": 0.0, ""git_log"": 0.0, ""done"": 0.3, ""find_files"": 0.0, ""cannot_proceed"": 0.0, ""search_content"": 0.0}",0.72,133,1798,308.2,jev-1.13.0
show me the file that uses the jpeg encoder library,truncated,2,3,read_file,done,0,0.53,"{""read_file"": 0.5700000000000001, ""list_files"": 0.0, ""kill_process"": 0.0, ""process_list"": 0.0, ""port_listeners"": 0.0, ""done"": 0.43, ""find_files"": 0.0, ""search_content"": 0.0, ""disk_usage"": 0.0, ""tail_log"": 0.0, ""git_status"": 0.0, ""cannot_proceed"": 0.0, ""git_log"": 0.0}",0.71,178,1848,268.8,jev-1.13.0
show me the file that uses the jpeg encoder library,truncated,2,4,read_file,done,0,0.55,"{""port_listeners"": 0.0, ""tail_log"": 0.0, ""disk_usage"": 0.0, ""find_files"": 0.0, ""cannot_proceed"": 0.0, ""process_list"": 0.0, ""search_content"": 0.0, ""done"": 0.4, ""list_files"": 0.0, ""read_file"": 0.6, ""git_status"": 0.0, ""kill_process"": 0.0, ""git_log"": 0.0}",0.68,222,1898,256.5,jev-1.13.0
show me the file that uses the jpeg encoder library,truncated,2,5,read_file,done,0,0.48,"{""cannot_proceed"": 0.0, ""port_listeners"": 0.0, ""disk_usage"": 0.0, ""done"": 0.47, ""list_files"": 0.0, ""process_list"": 0.0, ""git_status"": 0.0, ""tail_log"": 0.0, ""kill_process"": 0.0, ""search_content"": 0.0, ""find_files"": 0.0, ""git_log"": 0.0, ""read_file"": 0.53}",0.69,267,1948,277.2,jev-1.13.0
find recently modified go files and show the most recent one,truncated,2,0,find_files,find_files,1,0.97,"{""find_files"": 0.98, ""git_log"": 0.0, ""process_list"": 0.0, ""git_status"": 0.0, ""disk_usage"": 0.0, ""kill_process"": 0.0, ""search_content"": 0.0, ""list_files"": 0.0, ""cannot_proceed"": 0.01, ""done"": 0.01, ""read_file"": 0.0, ""port_listeners"": 0.0, ""tail_log"": 0.0}",0.04,22,1648,240.5,jev-1.13.0
find recently modified go files and show the most recent one,truncated,2,1,read_file,read_file,1,0.47,"{""git_status"": 0.06, ""disk_usage"": 0.0, ""find_files"": 0.18, ""done"": 0.05, ""tail_log"": 0.0, ""list_files"": 0.08, ""read_file"": 0.52, ""port_listeners"": 0.0, ""search_content"": 0.0, ""kill_process"": 0.0, ""process_list"": 0.0, ""git_log"": 0.01, ""cannot_proceed"": 0.1}",0.1,59,1704,275.3,jev-1.13.0
find recently modified go files and show the most recent one,truncated,2,2,read_file,done,0,0.5,"{""git_status"": 0.03, ""disk_usage"": 0.0, ""find_files"": 0.19, ""done"": 0.05, ""tail_log"": 0.0, ""list_files"": 0.07, ""read_file"": 0.54, ""port_listeners"": 0.0, ""search_content"": 0.0, ""kill_process"": 0.0, ""process_list"": 0.0, ""git_log"": 0.01, ""cannot_proceed"": 0.11}",0.1,98,1752,325.0,jev-1.13.0
find recently modified go files and show the most recent one,truncated,2,3,read_file,done,0,0.37,"{""tail_log"": 0.0, ""disk_usage"": 0.0, ""list_files"": 0.04, ""git_log"": 0.01, ""read_file"": 0.42, ""done"": 0.05, ""search_content"": 0.0, ""kill_process"": 0.0, ""find_files"": 0.36, ""process_list"": 0.0, ""cannot_proceed"": 0.09, ""git_status"": 0.03, ""port_listeners"": 0.0}",0.08,138,1800,217.0,jev-1.13.0
find recently modified go files and show the most recent one,truncated,2,4,find_files,done,0,0.34,"{""kill_process"": 0.0, ""disk_usage"": 0.0, ""search_content"": 0.0, ""cannot_proceed"": 0.09, ""git_status"": 0.04, ""find_files"": 0.39, ""port_listeners"": 0.0, ""done"": 0.05, ""process_list"": 0.0, ""git_log"": 0.01, ""list_files"": 0.04, ""tail_log"": 0.0, ""read_file"": 0.38}",0.06,177,1848,284.3,jev-1.13.0
find recently modified go files and show the most recent one,truncated,2,5,find_files,done,0,0.62,"{""git_status"": 0.03, ""done"": 0.03, ""port_listeners"": 0.0, ""git_log"": 0.01, ""kill_process"": 0.0, ""disk_usage"": 0.0, ""list_files"": 0.02, ""process_list"": 0.0, ""search_content"": 0.0, ""tail_log"": 0.0, ""find_files"": 0.65, ""read_file"": 0.2, ""cannot_proceed"": 0.06}",0.05,215,1905,238.7,jev-1.13.0
read whichever readme is in the skills project,truncated,2,0,find_files,list_files,0,0.72,"{""git_log"": 0.0, ""find_files"": 0.75, ""done"": 0.0, ""process_list"": 0.0, ""list_files"": 0.22, ""kill_process"": 0.0, ""read_file"": 0.03, ""cannot_proceed"": 0.0, ""git_status"": 0.0, ""disk_usage"": 0.0, ""search_content"": 0.0, ""tail_log"": 0.0, ""port_listeners"": 0.0}",0.04,18,1646,224.4,jev-1.13.0
read whichever readme is in the skills project,truncated,2,1,find_files,read_file,0,0.43,"{""find_files"": 0.49, ""list_files"": 0.39, ""port_listeners"": 0.0, ""disk_usage"": 0.0, ""git_log"": 0.0, ""cannot_proceed"": 0.0, ""read_file"": 0.1, ""kill_process"": 0.0, ""process_list"": 0.0, ""search_content"": 0.02, ""done"": 0.0, ""tail_log"": 0.0, ""git_status"": 0.0}",0.04,49,1690,242.9,jev-1.13.0
read whichever readme is in the skills project,truncated,2,2,find_files,done,0,0.44,"{""disk_usage"": 0.0, ""tail_log"": 0.0, ""port_listeners"": 0.0, ""find_files"": 0.5, ""git_status"": 0.0, ""cannot_proceed"": 0.0, ""done"": 0.0, ""search_content"": 0.03, ""kill_process"": 0.0, ""read_file"": 0.12, ""list_files"": 0.35, ""process_list"": 0.0, ""git_log"": 0.0}",0.04,80,1735,274.7,jev-1.13.0
read whichever readme is in the skills project,truncated,2,3,find_files,done,0,0.4,"{""git_status"": 0.0, ""process_list"": 0.0, ""read_file"": 0.12, ""port_listeners"": 0.0, ""tail_log"": 0.0, ""git_log"": 0.0, ""find_files"": 0.46, ""disk_usage"": 0.0, ""kill_process"": 0.0, ""list_files"": 0.38, ""cannot_proceed"": 0.01, ""search_content"": 0.03, ""done"": 0.0}",0.03,111,1780,258.0,jev-1.13.0
read whichever readme is in the skills project,truncated,2,4,find_files,done,0,0.35,"{""git_status"": 0.0, ""list_files"": 0.39, ""port_listeners"": 0.0, ""read_file"": 0.17, ""process_list"": 0.0, ""disk_usage"": 0.0, ""tail_log"": 0.0, ""kill_process"": 0.0, ""git_log"": 0.0, ""done"": 0.0, ""find_files"": 0.4, ""cannot_proceed"": 0.01, ""search_content"": 0.02}",0.03,143,1825,283.1,jev-1.13.0
read whichever readme is in the skills project,truncated,2,5,find_files,done,0,0.38,"{""list_files"": 0.37, ""port_listeners"": 0.0, ""kill_process"": 0.0, ""disk_usage"": 0.0, ""read_file"": 0.14, ""git_log"": 0.0, ""done"": 0.01, ""process_list"": 0.0, ""find_files"": 0.43, ""git_status"": 0.0, ""search_content"": 0.04, ""cannot_proceed"": 0.01, ""tail_log"": 0.0}",0.02,174,1870,242.0,jev-1.13.0
tail whichever npm log has the most content in it,truncated,2,0,find_files,find_files,1,0.68,"{""search_content"": 0.01, ""kill_process"": 0.0, ""list_files"": 0.17, ""cannot_proceed"": 0.04, ""done"": 0.0, ""read_file"": 0.0, ""process_list"": 0.0, ""git_log"": 0.0, ""find_files"": 0.72, ""tail_log"": 0.02, ""port_listeners"": 0.0, ""disk_usage"": 0.04, ""git_status"": 0.0}",0.03,19,1647,260.9,jev-1.13.0
tail whichever npm log has the most content in it,truncated,2,1,tail_log,tail_log,1,1.0,"{""process_list"": 0.0, ""port_listeners"": 0.0, ""disk_usage"": 0.0, ""cannot_proceed"": 0.0, ""list_files"": 0.0, ""done"": 0.0, ""git_status"": 0.0, ""tail_log"": 1.0, ""kill_process"": 0.0, ""search_content"": 0.0, ""find_files"": 0.0, ""git_log"": 0.0, ""read_file"": 0.0}",0.09,87,1842,260.2,jev-1.13.0
tail whichever npm log has the most content in it,truncated,2,2,tail_log,done,0,0.63,"{""kill_process"": 0.0, ""disk_usage"": 0.0, ""tail_log"": 0.66, ""list_files"": 0.0, ""read_file"": 0.0, ""git_status"": 0.0, ""search_content"": 0.0, ""find_files"": 0.0, ""done"": 0.33, ""cannot_proceed"": 0.01, ""port_listeners"": 0.0, ""git_log"": 0.0, ""process_list"": 0.0}",0.6,129,1909,267.4,jev-1.13.0
tail whichever npm log has the most content in it,truncated,2,3,tail_log,done,0,0.85,"{""find_files"": 0.0, ""git_log"": 0.0, ""port_listeners"": 0.0, ""tail_log"": 0.87, ""list_files"": 0.0, ""cannot_proceed"": 0.01, ""read_file"": 0.0, ""kill_process"": 0.0, ""process_list"": 0.0, ""search_content"": 0.0, ""done"": 0.12, ""disk_usage"": 0.0, ""git_status"": 0.0}",0.27,172,1976,263.8,jev-1.13.0
tail whichever npm log has the most content in it,truncated,2,4,tail_log,done,0,0.88,"{""disk_usage"": 0.0, ""kill_process"": 0.0, ""cannot_proceed"": 0.02, ""search_content"": 0.0, ""git_status"": 0.0, ""find_files"": 0.0, ""port_listeners"": 0.0, ""tail_log"": 0.9, ""process_list"": 0.0, ""git_log"": 0.0, ""list_files"": 0.0, ""done"": 0.08, ""read_file"": 0.0}",0.18,215,2043,248.3,jev-1.13.0
tail whichever npm log has the most content in it,truncated,2,5,tail_log,done,0,0.76,"{""kill_process"": 0.0, ""search_content"": 0.0, ""git_log"": 0.0, ""tail_log"": 0.78, ""read_file"": 0.01, ""process_list"": 0.0, ""port_listeners"": 0.0, ""cannot_proceed"": 0.04, ""disk_usage"": 0.0, ""git_status"": 0.0, ""find_files"": 0.01, ""done"": 0.16, ""list_files"": 0.0}",0.21,258,2110,360.8,jev-1.13.0
show the most recently changed file in the skills repo,truncated,2,0,find_files,find_files,1,0.64,"{""tail_log"": 0.0, ""port_listeners"": 0.0, ""git_status"": 0.11, ""read_file"": 0.0, ""git_log"": 0.15, ""find_files"": 0.67, ""search_content"": 0.0, ""kill_process"": 0.0, ""done"": 0.0, ""process_list"": 0.0, ""cannot_proceed"": 0.01, ""list_files"": 0.06, ""disk_usage"": 0.0}",0.03,20,1647,228.0,jev-1.13.0
show the most recently changed file in the skills repo,truncated,2,1,find_files,read_file,0,0.29,"{""list_files"": 0.1, ""find_files"": 0.34, ""cannot_proceed"": 0.02, ""port_listeners"": 0.0, ""tail_log"": 0.0, ""git_log"": 0.12, ""search_content"": 0.0, ""git_status"": 0.15, ""read_file"": 0.04, ""process_list"": 0.0, ""kill_process"": 0.0, ""disk_usage"": 0.0, ""done"": 0.23}",0.16,36,1675,286.7,jev-1.13.0
show the most recently changed file in the skills repo,truncated,2,2,find_files,done,0,0.48,"{""kill_process"": 0.0, ""tail_log"": 0.0, ""cannot_proceed"": 0.02, ""git_log"": 0.13, ""search_content"": 0.0, ""read_file"": 0.05, ""process_list"": 0.0, ""port_listeners"": 0.0, ""list_files"": 0.06, ""git_status"": 0.11, ""disk_usage"": 0.0, ""done"": 0.11, ""find_files"": 0.52}",0.09,53,1704,250.9,jev-1.13.0
show the most recently changed file in the skills repo,truncated,2,3,find_files,done,0,0.51,"{""tail_log"": 0.0, ""git_log"": 0.11, ""done"": 0.08, ""cannot_proceed"": 0.03, ""read_file"": 0.04, ""port_listeners"": 0.0, ""list_files"": 0.06, ""process_list"": 0.0, ""disk_usage"": 0.0, ""git_status"": 0.12, ""find_files"": 0.56, ""search_content"": 0.0, ""kill_process"": 0.0}",0.06,70,1733,247.2,jev-1.13.0
show the most recently changed file in the skills repo,truncated,2,4,find_files,done,0,0.52,"{""git_status"": 0.15, ""cannot_proceed"": 0.03, ""read_file"": 0.03, ""git_log"": 0.11, ""kill_process"": 0.0, ""disk_usage"": 0.0, ""list_files"": 0.05, ""process_list"": 0.0, ""search_content"": 0.0, ""tail_log"": 0.0, ""find_files"": 0.5700000000000001, ""port_listeners"": 0.0, ""done"": 0.06}",0.06,87,1762,256.9,jev-1.13.0
show the most recently changed file in the skills repo,truncated,2,5,find_files,done,0,0.48,"{""search_content"": 0.0, ""git_status"": 0.12, ""process_list"": 0.0, ""kill_process"": 0.0, ""list_files"": 0.05, ""disk_usage"": 0.0, ""git_log"": 0.12, ""read_file"": 0.04, ""done"": 0.11, ""port_listeners"": 0.0, ""tail_log"": 0.0, ""find_files"": 0.52, ""cannot_proceed"": 0.04}",0.07,103,1791,239.2,jev-1.13.0
tail whichever npm log is newest,truncated,2,0,find_files,find_files,1,0.95,"{""read_file"": 0.0, ""find_files"": 0.96, ""git_log"": 0.0, ""git_status"": 0.0, ""kill_process"": 0.0, ""list_files"": 0.02, ""port_listeners"": 0.0, ""cannot_proceed"": 0.01, ""disk_usage"": 0.0, ""tail_log"": 0.01, ""search_content"": 0.0, ""done"": 0.0, ""process_list"": 0.0}",0.04,15,1643,321.6,jev-1.13.0
tail whichever npm log is newest,truncated,2,1,tail_log,tail_log,1,0.98,"{""search_content"": 0.0, ""git_status"": 0.0, ""list_files"": 0.0, ""kill_process"": 0.0, ""process_list"": 0.0, ""disk_usage"": 0.0, ""find_files"": 0.01, ""read_file"": 0.0, ""done"": 0.0, ""git_log"": 0.0, ""tail_log"": 0.99, ""port_listeners"": 0.0, ""cannot_proceed"": 0.0}",0.08,74,1810,383.4,jev-1.13.0
tail whichever npm log is newest,truncated,2,2,done,done,1,0.82,"{""disk_usage"": 0.0, ""tail_log"": 0.14, ""search_content"": 0.0, ""find_files"": 0.01, ""git_status"": 0.0, ""cannot_proceed"": 0.01, ""done"": 0.84, ""port_listeners"": 0.0, ""list_files"": 0.0, ""read_file"": 0.0, ""kill_process"": 0.0, ""process_list"": 0.0, ""git_log"": 0.0}",0.79,139,1899,296.9,jev-1.13.0
deploy the app to production,truncated,2,0,cannot_proceed,cannot_proceed,1,0.93,"{""port_listeners"": 0.0, ""list_files"": 0.01, ""git_status"": 0.04, ""search_content"": 0.0, ""tail_log"": 0.0, ""disk_usage"": 0.0, ""kill_process"": 0.0, ""find_files"": 0.01, ""read_file"": 0.0, ""git_log"": 0.01, ""process_list"": 0.0, ""cannot_proceed"": 0.9299999999999999, ""done"": 0.0}",0.05,14,1642,325.9,jev-1.13.0
send a message to the team on slack,truncated,2,0,cannot_proceed,cannot_proceed,1,1.0,"{""done"": 0.0, ""port_listeners"": 0.0, ""process_list"": 0.0, ""disk_usage"": 0.0, ""git_log"": 0.0, ""search_content"": 0.0, ""find_files"": 0.0, ""git_status"": 0.0, ""kill_process"": 0.0, ""tail_log"": 0.0, ""list_files"": 0.0, ""cannot_proceed"": 1.0, ""read_file"": 0.0}",0.04,15,1645,332.3,jev-1.13.0
rename this file to something else,truncated,2,0,cannot_proceed,cannot_proceed,1,0.9,"{""tail_log"": 0.0, ""disk_usage"": 0.0, ""search_content"": 0.0, ""find_files"": 0.07, ""git_status"": 0.0, ""cannot_proceed"": 0.92, ""done"": 0.0, ""port_listeners"": 0.0, ""list_files"": 0.01, ""read_file"": 0.0, ""kill_process"": 0.0, ""process_list"": 0.0, ""git_log"": 0.0}",0.04,15,1643,484.9,jev-1.13.0
install the missing npm dependency,truncated,2,0,cannot_proceed,cannot_proceed,1,0.72,"{""port_listeners"": 0.0, ""list_files"": 0.11, ""git_status"": 0.0, ""git_log"": 0.0, ""find_files"": 0.03, ""disk_usage"": 0.0, ""cannot_proceed"": 0.74, ""search_content"": 0.03, ""read_file"": 0.08, ""tail_log"": 0.01, ""process_list"": 0.0, ""kill_process"": 0.0, ""done"": 0.0}",0.04,15,1642,233.5,jev-1.13.0
what's the most recent commit in driftmark,truncated,2,0,git_log,git_log,1,0.98,"{""disk_usage"": 0.0, ""port_listeners"": 0.0, ""process_list"": 0.0, ""list_files"": 0.0, ""git_log"": 0.99, ""search_content"": 0.0, ""find_files"": 0.01, ""git_status"": 0.0, ""kill_process"": 0.0, ""done"": 0.0, ""read_file"": 0.0, ""cannot_proceed"": 0.0, ""tail_log"": 0.0}",0.02,17,1647,250.2,jev-1.13.0
what's the most recent commit in driftmark,truncated,2,1,done,done,1,0.99,"{""git_status"": 0.0, ""disk_usage"": 0.0, ""find_files"": 0.0, ""done"": 0.99, ""tail_log"": 0.0, ""list_files"": 0.0, ""read_file"": 0.0, ""port_listeners"": 0.0, ""search_content"": 0.0, ""kill_process"": 0.0, ""cannot_proceed"": 0.0, ""git_log"": 0.01, ""process_list"": 0.0}",0.87,46,1703,309.9,jev-1.13.0
what does the go module for glow require,truncated,2,0,read_file,read_file,1,0.96,"{""git_status"": 0.0, ""read_file"": 0.97, ""cannot_proceed"": 0.0, ""port_listeners"": 0.0, ""process_list"": 0.0, ""find_files"": 0.02, ""search_content"": 0.01, ""list_files"": 0.0, ""done"": 0.0, ""tail_log"": 0.0, ""git_log"": 0.0, ""kill_process"": 0.0, ""disk_usage"": 0.0}",0.03,17,1645,386.8,jev-1.13.0
what does the go module for glow require,truncated,2,1,read_file,done,0,0.92,"{""read_file"": 0.9400000000000001, ""port_listeners"": 0.0, ""process_list"": 0.0, ""list_files"": 0.0, ""git_log"": 0.0, ""search_content"": 0.0, ""find_files"": 0.0, ""git_status"": 0.0, ""kill_process"": 0.0, ""tail_log"": 0.0, ""disk_usage"": 0.0, ""cannot_proceed"": 0.0, ""done"": 0.06}",0.08,42,1689,222.0,jev-1.13.0
what does the go module for glow require,truncated,2,2,read_file,done,0,0.93,"{""tail_log"": 0.0, ""list_files"": 0.0, ""read_file"": 0.94, ""git_log"": 0.0, ""port_listeners"": 0.0, ""process_list"": 0.0, ""done"": 0.05, ""kill_process"": 0.0, ""git_status"": 0.0, ""find_files"": 0.0, ""disk_usage"": 0.0, ""cannot_proceed"": 0.01, ""search_content"": 0.0}",0.07,69,1734,301.4,jev-1.13.0
what does the go module for glow require,truncated,2,3,read_file,done,0,0.95,"{""kill_process"": 0.0, ""tail_log"": 0.0, ""cannot_proceed"": 0.01, ""git_log"": 0.0, ""search_content"": 0.0, ""read_file"": 0.96, ""process_list"": 0.0, ""list_files"": 0.0, ""port_listeners"": 0.0, ""git_status"": 0.0, ""disk_usage"": 0.0, ""done"": 0.03, ""find_files"": 0.0}",0.05,95,1779,229.8,jev-1.13.0
what does the go module for glow require,truncated,2,4,read_file,done,0,0.96,"{""git_status"": 0.0, ""search_content"": 0.0, ""port_listeners"": 0.0, ""list_files"": 0.0, ""find_files"": 0.0, ""kill_process"": 0.0, ""disk_usage"": 0.0, ""process_list"": 0.0, ""cannot_proceed"": 0.01, ""done"": 0.02, ""git_log"": 0.0, ""read_file"": 0.97, ""tail_log"": 0.0}",0.05,121,1824,293.0,jev-1.13.0
what does the go module for glow require,truncated,2,5,read_file,done,0,0.94,"{""find_files"": 0.0, ""git_log"": 0.0, ""process_list"": 0.0, ""git_status"": 0.0, ""read_file"": 0.95, ""kill_process"": 0.0, ""cannot_proceed"": 0.01, ""list_files"": 0.0, ""disk_usage"": 0.0, ""search_content"": 0.0, ""done"": 0.04, ""port_listeners"": 0.0, ""tail_log"": 0.0}",0.05,147,1869,296.6,jev-1.13.0
are there uncommitted changes in the hermes project,truncated,2,0,git_status,git_status,1,0.87,"{""kill_process"": 0.0, ""search_content"": 0.0, ""git_log"": 0.0, ""tail_log"": 0.0, ""read_file"": 0.0, ""process_list"": 0.0, ""port_listeners"": 0.0, ""cannot_proceed"": 0.0, ""disk_usage"": 0.0, ""git_status"": 0.89, ""find_files"": 0.0, ""done"": 0.11, ""list_files"": 0.0}",0.42,19,1648,316.2,jev-1.13.0
are there uncommitted changes in the hermes project,truncated,2,1,done,done,1,0.89,"{""git_status"": 0.09, ""search_content"": 0.0, ""port_listeners"": 0.0, ""read_file"": 0.0, ""find_files"": 0.0, ""disk_usage"": 0.0, ""tail_log"": 0.0, ""kill_process"": 0.0, ""git_log"": 0.0, ""done"": 0.9, ""process_list"": 0.0, ""cannot_proceed"": 0.0, ""list_files"": 0.01}",0.88,37,1678,253.6,jev-1.13.0
which skill docs were modified,truncated,2,0,git_status,git_status,1,0.89,"{""port_listeners"": 0.0, ""list_files"": 0.0, ""disk_usage"": 0.0, ""process_list"": 0.0, ""tail_log"": 0.0, ""find_files"": 0.06, ""git_log"": 0.01, ""cannot_proceed"": 0.01, ""read_file"": 0.0, ""done"": 0.01, ""kill_process"": 0.0, ""search_content"": 0.0, ""git_status"": 0.91}",0.06,14,1642,339.5,jev-1.13.0
which skill docs were modified,truncated,2,1,done,done,1,0.93,"{""find_files"": 0.0, ""list_files"": 0.0, ""port_listeners"": 0.0, ""tail_log"": 0.0, ""git_log"": 0.01, ""cannot_proceed"": 0.0, ""read_file"": 0.03, ""kill_process"": 0.0, ""process_list"": 0.0, ""search_content"": 0.0, ""done"": 0.95, ""disk_usage"": 0.0, ""git_status"": 0.01}",0.86,32,1672,365.2,jev-1.13.0
