fixture_id,strategy,repeat,step_idx,chosen,expected,correct,confidence,probabilities_json,goal_noul,satisfiable_noul,state_tokens,input_tokens,latency_ms,model
kill whatever's on port 3000,truncated,0,0,port_listeners,port_listeners,1,0.98,"{""disk_usage"": 0.0, ""tail_log"": 0.0, ""port_listeners"": 0.99, ""find_files"": 0.0, ""cannot_proceed"": 0.01, ""process_list"": 0.0, ""search_content"": 0.0, ""done"": 0.0, ""list_files"": 0.0, ""read_file"": 0.0, ""git_status"": 0.0, ""kill_process"": 0.0, ""git_log"": 0.0}",0.07,0.92,14,1845,754.2,jev-1.13.0
kill whatever's on port 3000,truncated,0,1,kill_process,kill_process,1,1.0,"{""kill_process"": 1.0, ""find_files"": 0.0, ""cannot_proceed"": 0.0, ""read_file"": 0.0, ""git_log"": 0.0, ""tail_log"": 0.0, ""search_content"": 0.0, ""git_status"": 0.0, ""disk_usage"": 0.0, ""process_list"": 0.0, ""port_listeners"": 0.0, ""list_files"": 0.0, ""done"": 0.0}",0.03,0.96,59,1933,221.5,jev-1.13.0
kill whatever's on port 3000,truncated,0,2,kill_process,done,0,0.38,"{""find_files"": 0.0, ""list_files"": 0.0, ""port_listeners"": 0.28, ""tail_log"": 0.0, ""git_log"": 0.0, ""git_status"": 0.0, ""read_file"": 0.0, ""kill_process"": 0.44, ""process_list"": 0.01, ""search_content"": 0.0, ""done"": 0.24, ""disk_usage"": 0.0, ""cannot_proceed"": 0.03}",0.41,0.95,75,1960,296.8,jev-1.13.0
kill whatever's on port 3000,truncated,0,3,kill_process,done,0,0.51,"{""git_status"": 0.0, ""list_files"": 0.0, ""port_listeners"": 0.36, ""read_file"": 0.0, ""find_files"": 0.0, ""disk_usage"": 0.0, ""tail_log"": 0.0, ""kill_process"": 0.56, ""git_log"": 0.0, ""done"": 0.04, ""process_list"": 0.01, ""cannot_proceed"": 0.03, ""search_content"": 0.0}",0.25,0.88,91,1987,243.0,jev-1.13.0
kill whatever's on port 3000,truncated,0,4,kill_process,done,0,0.5,"{""port_listeners"": 0.37, ""search_content"": 0.0, ""process_list"": 0.01, ""done"": 0.03, ""list_files"": 0.0, ""read_file"": 0.0, ""git_log"": 0.0, ""cannot_proceed"": 0.05, ""disk_usage"": 0.0, ""tail_log"": 0.0, ""kill_process"": 0.54, ""find_files"": 0.0, ""git_status"": 0.0}",0.21,0.86,107,2014,300.9,jev-1.13.0
kill whatever's on port 3000,truncated,0,5,kill_process,done,0,0.57,"{""kill_process"": 0.61, ""process_list"": 0.01, ""git_log"": 0.0, ""tail_log"": 0.0, ""read_file"": 0.0, ""search_content"": 0.0, ""port_listeners"": 0.3, ""find_files"": 0.0, ""disk_usage"": 0.0, ""git_status"": 0.0, ""cannot_proceed"": 0.06, ""done"": 0.02, ""list_files"": 0.0}",0.2,0.84,122,2041,257.3,jev-1.13.0
kill the process eating the most CPU,truncated,0,0,process_list,process_list,1,1.0,"{""tail_log"": 0.0, ""port_listeners"": 0.0, ""disk_usage"": 0.0, ""kill_process"": 0.0, ""read_file"": 0.0, ""git_log"": 0.0, ""done"": 0.0, ""process_list"": 1.0, ""find_files"": 0.0, ""git_status"": 0.0, ""search_content"": 0.0, ""cannot_proceed"": 0.0, ""list_files"": 0.0}",0.03,0.93,16,1842,250.9,jev-1.13.0
kill the process eating the most CPU,truncated,0,1,kill_process,kill_process,1,1.0,"{""list_files"": 0.0, ""git_status"": 0.0, ""process_list"": 0.0, ""find_files"": 0.0, ""git_log"": 0.0, ""disk_usage"": 0.0, ""port_listeners"": 0.0, ""cannot_proceed"": 0.0, ""kill_process"": 1.0, ""search_content"": 0.0, ""read_file"": 0.0, ""tail_log"": 0.0, ""done"": 0.0}",0.04,0.96,55,1919,277.8,jev-1.13.0
kill the process eating the most CPU,truncated,0,2,kill_process,done,0,0.59,"{""done"": 0.28, ""git_log"": 0.0, ""tail_log"": 0.0, ""cannot_proceed"": 0.04, ""read_file"": 0.0, ""kill_process"": 0.63, ""disk_usage"": 0.0, ""process_list"": 0.05, ""list_files"": 0.0, ""search_content"": 0.0, ""find_files"": 0.0, ""port_listeners"": 0.0, ""git_status"": 0.0}",0.31,0.9,70,1946,323.1,jev-1.13.0
kill the process eating the most CPU,truncated,0,3,kill_process,done,0,0.68,"{""find_files"": 0.0, ""git_log"": 0.0, ""process_list"": 0.19, ""git_status"": 0.0, ""disk_usage"": 0.0, ""done"": 0.07, ""cannot_proceed"": 0.04, ""list_files"": 0.0, ""read_file"": 0.0, ""search_content"": 0.0, ""kill_process"": 0.7, ""port_listeners"": 0.0, ""tail_log"": 0.0}",0.23,0.9,86,1973,242.2,jev-1.13.0
kill the process eating the most CPU,truncated,0,4,kill_process,done,0,0.51,"{""find_files"": 0.0, ""git_log"": 0.0, ""port_listeners"": 0.0, ""disk_usage"": 0.0, ""tail_log"": 0.0, ""git_status"": 0.0, ""read_file"": 0.0, ""kill_process"": 0.55, ""process_list"": 0.35, ""search_content"": 0.0, ""done"": 0.06, ""list_files"": 0.0, ""cannot_proceed"": 0.04}",0.21,0.89,102,2000,212.1,jev-1.13.0
kill the process eating the most CPU,truncated,0,5,kill_process,done,0,0.47,"{""git_status"": 0.0, ""port_listeners"": 0.0, ""done"": 0.04, ""git_log"": 0.0, ""kill_process"": 0.52, ""disk_usage"": 0.0, ""list_files"": 0.0, ""process_list"": 0.4, ""search_content"": 0.0, ""tail_log"": 0.0, ""find_files"": 0.0, ""read_file"": 0.0, ""cannot_proceed"": 0.04}",0.19,0.88,118,2027,246.9,jev-1.13.0
tail the log that changed most recently,truncated,0,0,find_files,find_files,1,0.95,"{""port_listeners"": 0.0, ""list_files"": 0.03, ""git_status"": 0.0, ""search_content"": 0.0, ""find_files"": 0.95, ""disk_usage"": 0.0, ""git_log"": 0.0, ""kill_process"": 0.0, ""read_file"": 0.0, ""cannot_proceed"": 0.01, ""process_list"": 0.0, ""tail_log"": 0.01, ""done"": 0.0}",0.04,0.92,16,1842,268.2,jev-1.13.0
tail the log that changed most recently,truncated,0,1,tail_log,tail_log,1,1.0,"{""git_status"": 0.0, ""list_files"": 0.0, ""port_listeners"": 0.0, ""read_file"": 0.0, ""find_files"": 0.0, ""disk_usage"": 0.0, ""tail_log"": 1.0, ""kill_process"": 0.0, ""git_log"": 0.0, ""done"": 0.0, ""process_list"": 0.0, ""cannot_proceed"": 0.0, ""search_content"": 0.0}",0.07,0.96,59,1939,238.1,jev-1.13.0
tail the log that changed most recently,truncated,0,2,done,done,1,0.99,"{""kill_process"": 0.0, ""done"": 0.99, ""git_log"": 0.0, ""tail_log"": 0.01, ""read_file"": 0.0, ""find_files"": 0.0, ""port_listeners"": 0.0, ""cannot_proceed"": 0.0, ""disk_usage"": 0.0, ""git_status"": 0.0, ""search_content"": 0.0, ""process_list"": 0.0, ""list_files"": 0.0}",0.94,0.96,90,1994,284.8,jev-1.13.0
what's using the most disk space here,truncated,0,0,disk_usage,disk_usage,1,1.0,"{""git_status"": 0.0, ""list_files"": 0.0, ""port_listeners"": 0.0, ""read_file"": 0.0, ""find_files"": 0.0, ""disk_usage"": 1.0, ""tail_log"": 0.0, ""kill_process"": 0.0, ""git_log"": 0.0, ""done"": 0.0, ""process_list"": 0.0, ""cannot_proceed"": 0.0, ""search_content"": 0.0}",0.03,0.95,16,1843,236.9,jev-1.13.0
what's using the most disk space here,truncated,0,1,done,done,1,0.74,"{""git_status"": 0.0, ""disk_usage"": 0.08, ""find_files"": 0.03, ""done"": 0.77, ""tail_log"": 0.0, ""list_files"": 0.12, ""read_file"": 0.0, ""port_listeners"": 0.0, ""search_content"": 0.0, ""kill_process"": 0.0, ""cannot_proceed"": 0.0, ""git_log"": 0.0, ""process_list"": 0.0}",0.88,0.94,40,1891,287.5,jev-1.13.0
restart the database,truncated,0,0,cannot_proceed,cannot_proceed,1,0.98,"{""tail_log"": 0.0, ""port_listeners"": 0.0, ""list_files"": 0.0, ""git_log"": 0.0, ""read_file"": 0.0, ""find_files"": 0.0, ""search_content"": 0.0, ""kill_process"": 0.0, ""done"": 0.0, ""process_list"": 0.01, ""cannot_proceed"": 0.99, ""git_status"": 0.0, ""disk_usage"": 0.0}",0.06,0.17,12,1838,237.5,jev-1.13.0
which files have uncommitted changes,truncated,0,0,git_status,git_status,1,0.55,"{""git_log"": 0.0, ""disk_usage"": 0.0, ""find_files"": 0.0, ""read_file"": 0.0, ""port_listeners"": 0.0, ""done"": 0.42, ""cannot_proceed"": 0.0, ""kill_process"": 0.0, ""tail_log"": 0.0, ""process_list"": 0.0, ""list_files"": 0.0, ""git_status"": 0.58, ""search_content"": 0.0}",0.64,0.94,16,1842,286.6,jev-1.13.0
which files have uncommitted changes,truncated,0,1,done,done,1,0.98,"{""find_files"": 0.0, ""git_log"": 0.0, ""process_list"": 0.0, ""git_status"": 0.01, ""read_file"": 0.0, ""done"": 0.99, ""search_content"": 0.0, ""list_files"": 0.0, ""disk_usage"": 0.0, ""cannot_proceed"": 0.0, ""kill_process"": 0.0, ""port_listeners"": 0.0, ""tail_log"": 0.0}",0.95,0.97,44,1884,267.0,jev-1.13.0
show me the commit history for this repo,truncated,0,0,git_log,git_log,1,1.0,"{""git_status"": 0.0, ""search_content"": 0.0, ""port_listeners"": 0.0, ""read_file"": 0.0, ""process_list"": 0.0, ""disk_usage"": 0.0, ""tail_log"": 0.0, ""kill_process"": 0.0, ""git_log"": 1.0, ""done"": 0.0, ""find_files"": 0.0, ""cannot_proceed"": 0.0, ""list_files"": 0.0}",0.03,0.95,17,1843,257.7,jev-1.13.0
show me the commit history for this repo,truncated,0,1,done,done,1,0.99,"{""git_log"": 0.01, ""find_files"": 0.0, ""done"": 0.99, ""process_list"": 0.0, ""list_files"": 0.0, ""read_file"": 0.0, ""kill_process"": 0.0, ""cannot_proceed"": 0.0, ""git_status"": 0.0, ""disk_usage"": 0.0, ""search_content"": 0.0, ""tail_log"": 0.0, ""port_listeners"": 0.0}",0.94,0.98,64,1922,237.9,jev-1.13.0
what files are in the internal directory of the glow project,truncated,0,0,list_files,list_files,1,0.93,"{""cannot_proceed"": 0.01, ""list_files"": 0.93, ""git_log"": 0.0, ""tail_log"": 0.0, ""find_files"": 0.06, ""port_listeners"": 0.0, ""search_content"": 0.0, ""read_file"": 0.0, ""kill_process"": 0.0, ""disk_usage"": 0.0, ""process_list"": 0.0, ""done"": 0.0, ""git_status"": 0.0}",0.03,0.91,22,1846,283.4,jev-1.13.0
what files are in the internal directory of the glow project,truncated,0,1,done,done,1,0.89,"{""port_listeners"": 0.0, ""tail_log"": 0.0, ""disk_usage"": 0.0, ""find_files"": 0.0, ""cannot_proceed"": 0.0, ""process_list"": 0.0, ""search_content"": 0.0, ""done"": 0.91, ""git_status"": 0.0, ""read_file"": 0.0, ""list_files"": 0.09, ""kill_process"": 0.0, ""git_log"": 0.0}",0.77,0.96,41,1882,312.5,jev-1.13.0
show me the contents of the go module file,truncated,0,0,read_file,read_file,1,0.98,"{""git_log"": 0.0, ""tail_log"": 0.0, ""disk_usage"": 0.0, ""git_status"": 0.0, ""process_list"": 0.0, ""port_listeners"": 0.0, ""find_files"": 0.01, ""search_content"": 0.0, ""cannot_proceed"": 0.0, ""list_files"": 0.01, ""read_file"": 0.98, ""kill_process"": 0.0, ""done"": 0.0}",0.03,0.91,17,1844,264.4,jev-1.13.0
show me the contents of the go module file,truncated,0,1,read_file,done,0,0.64,"{""done"": 0.32, ""git_log"": 0.0, ""read_file"": 0.68, ""cannot_proceed"": 0.0, ""tail_log"": 0.0, ""kill_process"": 0.0, ""list_files"": 0.0, ""process_list"": 0.0, ""port_listeners"": 0.0, ""search_content"": 0.0, ""find_files"": 0.0, ""git_status"": 0.0, ""disk_usage"": 0.0}",0.11,0.94,43,1888,256.5,jev-1.13.0
show me the contents of the go module file,truncated,0,2,read_file,done,0,0.65,"{""port_listeners"": 0.0, ""find_files"": 0.0, ""done"": 0.32, ""read_file"": 0.68, ""kill_process"": 0.0, ""list_files"": 0.0, ""process_list"": 0.0, ""cannot_proceed"": 0.0, ""git_status"": 0.0, ""disk_usage"": 0.0, ""search_content"": 0.0, ""tail_log"": 0.0, ""git_log"": 0.0}",0.16,0.93,69,1933,226.5,jev-1.13.0
show me the contents of the go module file,truncated,0,3,read_file,done,0,0.66,"{""git_log"": 0.0, ""find_files"": 0.0, ""read_file"": 0.7, ""git_status"": 0.0, ""kill_process"": 0.0, ""list_files"": 0.0, ""port_listeners"": 0.0, ""cannot_proceed"": 0.0, ""disk_usage"": 0.0, ""tail_log"": 0.0, ""search_content"": 0.0, ""done"": 0.3, ""process_list"": 0.0}",0.15,0.93,95,1978,276.8,jev-1.13.0
show me the contents of the go module file,truncated,0,4,read_file,done,0,0.65,"{""find_files"": 0.0, ""git_status"": 0.0, ""process_list"": 0.0, ""git_log"": 0.0, ""read_file"": 0.68, ""kill_process"": 0.0, ""cannot_proceed"": 0.0, ""list_files"": 0.0, ""search_content"": 0.0, ""disk_usage"": 0.0, ""done"": 0.32, ""port_listeners"": 0.0, ""tail_log"": 0.0}",0.16,0.94,122,2023,281.4,jev-1.13.0
show me the contents of the go module file,truncated,0,5,read_file,done,0,0.68,"{""disk_usage"": 0.0, ""tail_log"": 0.0, ""port_listeners"": 0.0, ""find_files"": 0.0, ""cannot_proceed"": 0.0, ""process_list"": 0.0, ""search_content"": 0.0, ""done"": 0.29, ""git_status"": 0.0, ""read_file"": 0.71, ""list_files"": 0.0, ""kill_process"": 0.0, ""git_log"": 0.0}",0.14,0.93,148,2068,263.4,jev-1.13.0
is anything listening on port 9999,truncated,0,0,port_listeners,port_listeners,1,0.5,"{""tail_log"": 0.0, ""port_listeners"": 0.55, ""disk_usage"": 0.0, ""kill_process"": 0.0, ""read_file"": 0.0, ""git_log"": 0.0, ""done"": 0.43, ""process_list"": 0.0, ""find_files"": 0.0, ""git_status"": 0.0, ""search_content"": 0.0, ""cannot_proceed"": 0.02, ""list_files"": 0.0}",0.71,0.93,15,1845,231.8,jev-1.13.0
is anything listening on port 9999,truncated,0,1,done,done,1,0.59,"{""find_files"": 0.0, ""list_files"": 0.0, ""port_listeners"": 0.35, ""disk_usage"": 0.0, ""git_log"": 0.0, ""git_status"": 0.0, ""read_file"": 0.0, ""kill_process"": 0.0, ""process_list"": 0.01, ""search_content"": 0.0, ""done"": 0.63, ""cannot_proceed"": 0.01, ""tail_log"": 0.0}",0.82,0.94,31,1873,213.9,jev-1.13.0
kill whichever process is using the most memory,truncated,0,0,process_list,process_list,1,1.0,"{""list_files"": 0.0, ""port_listeners"": 0.0, ""process_list"": 1.0, ""disk_usage"": 0.0, ""git_log"": 0.0, ""search_content"": 0.0, ""find_files"": 0.0, ""git_status"": 0.0, ""kill_process"": 0.0, ""tail_log"": 0.0, ""read_file"": 0.0, ""cannot_proceed"": 0.0, ""done"": 0.0}",0.03,0.77,18,1843,290.8,jev-1.13.0
kill whichever process is using the most memory,truncated,0,1,kill_process,kill_process,1,0.98,"{""git_log"": 0.0, ""find_files"": 0.0, ""read_file"": 0.0, ""search_content"": 0.0, ""done"": 0.0, ""cannot_proceed"": 0.0, ""port_listeners"": 0.0, ""git_status"": 0.0, ""disk_usage"": 0.0, ""tail_log"": 0.0, ""kill_process"": 0.99, ""list_files"": 0.0, ""process_list"": 0.01}",0.05,0.96,92,1982,369.0,jev-1.13.0
kill whichever process is using the most memory,truncated,0,2,kill_process,done,0,0.63,"{""kill_process"": 0.66, ""read_file"": 0.0, ""cannot_proceed"": 0.05, ""port_listeners"": 0.0, ""tail_log"": 0.0, ""find_files"": 0.0, ""list_files"": 0.0, ""done"": 0.26, ""process_list"": 0.03, ""search_content"": 0.0, ""git_log"": 0.0, ""git_status"": 0.0, ""disk_usage"": 0.0}",0.28,0.92,108,2009,277.9,jev-1.13.0
kill whichever process is using the most memory,truncated,0,3,kill_process,done,0,0.73,"{""port_listeners"": 0.0, ""list_files"": 0.0, ""disk_usage"": 0.0, ""process_list"": 0.11, ""tail_log"": 0.0, ""find_files"": 0.0, ""git_log"": 0.0, ""cannot_proceed"": 0.03, ""read_file"": 0.0, ""done"": 0.11, ""kill_process"": 0.75, ""search_content"": 0.0, ""git_status"": 0.0}",0.26,0.92,124,2036,237.3,jev-1.13.0
kill whichever process is using the most memory,truncated,0,4,kill_process,done,0,0.59,"{""find_files"": 0.0, ""git_status"": 0.0, ""process_list"": 0.22, ""git_log"": 0.0, ""disk_usage"": 0.0, ""kill_process"": 0.63, ""search_content"": 0.0, ""list_files"": 0.0, ""cannot_proceed"": 0.03, ""done"": 0.12, ""read_file"": 0.0, ""port_listeners"": 0.0, ""tail_log"": 0.0}",0.22,0.9,139,2063,244.4,jev-1.13.0
kill whichever process is using the most memory,truncated,0,5,kill_process,done,0,0.51,"{""read_file"": 0.0, ""kill_process"": 0.55, ""disk_usage"": 0.0, ""search_content"": 0.0, ""port_listeners"": 0.0, ""git_status"": 0.0, ""process_list"": 0.29, ""git_log"": 0.0, ""find_files"": 0.0, ""tail_log"": 0.0, ""cannot_proceed"": 0.05, ""done"": 0.11, ""list_files"": 0.0}",0.18,0.9,155,2090,280.7,jev-1.13.0
show me the file that uses the jpeg encoder library,truncated,0,0,search_content,search_content,1,0.99,"{""tail_log"": 0.0, ""done"": 0.0, ""read_file"": 0.0, ""port_listeners"": 0.0, ""list_files"": 0.0, ""process_list"": 0.0, ""git_log"": 0.0, ""git_status"": 0.0, ""kill_process"": 0.0, ""find_files"": 0.01, ""disk_usage"": 0.0, ""cannot_proceed"": 0.0, ""search_content"": 0.99}",0.03,0.87,19,1845,229.6,jev-1.13.0
show me the file that uses the jpeg encoder library,truncated,0,1,read_file,read_file,1,0.59,"{""port_listeners"": 0.0, ""find_files"": 0.0, ""done"": 0.37, ""read_file"": 0.63, ""list_files"": 0.0, ""kill_process"": 0.0, ""process_list"": 0.0, ""git_status"": 0.0, ""cannot_proceed"": 0.0, ""disk_usage"": 0.0, ""search_content"": 0.0, ""tail_log"": 0.0, ""git_log"": 0.0}",0.77,0.9,89,1946,284.4,jev-1.13.0
show me the file that uses the jpeg encoder library,truncated,0,2,read_file,done,0,0.6,"{""git_log"": 0.0, ""tail_log"": 0.0, ""disk_usage"": 0.0, ""git_status"": 0.0, ""process_list"": 0.0, ""port_listeners"": 0.0, ""find_files"": 0.0, ""search_content"": 0.0, ""cannot_proceed"": 0.0, ""kill_process"": 0.0, ""read_file"": 0.64, ""list_files"": 0.0, ""done"": 0.36}",0.69,0.92,133,1996,262.4,jev-1.13.0
show me the file that uses the jpeg encoder library,truncated,0,3,read_file,done,0,0.52,"{""tail_log"": 0.0, ""git_log"": 0.0, ""done"": 0.43, ""cannot_proceed"": 0.0, ""read_file"": 0.5700000000000001, ""port_listeners"": 0.0, ""disk_usage"": 0.0, ""process_list"": 0.0, ""list_files"": 0.0, ""git_status"": 0.0, ""find_files"": 0.0, ""search_content"": 0.0, ""kill_process"": 0.0}",0.74,0.93,178,2046,233.5,jev-1.13.0
show me the file that uses the jpeg encoder library,truncated,0,4,read_file,done,0,0.54,"{""kill_process"": 0.0, ""find_files"": 0.0, ""cannot_proceed"": 0.0, ""disk_usage"": 0.0, ""search_content"": 0.0, ""tail_log"": 0.0, ""git_log"": 0.0, ""git_status"": 0.0, ""read_file"": 0.59, ""process_list"": 0.0, ""port_listeners"": 0.0, ""list_files"": 0.0, ""done"": 0.41}",0.69,0.94,222,2096,249.3,jev-1.13.0
show me the file that uses the jpeg encoder library,truncated,0,5,read_file,done,0,0.59,"{""find_files"": 0.0, ""list_files"": 0.0, ""port_listeners"": 0.0, ""disk_usage"": 0.0, ""tail_log"": 0.0, ""cannot_proceed"": 0.0, ""read_file"": 0.63, ""kill_process"": 0.0, ""process_list"": 0.0, ""search_content"": 0.0, ""done"": 0.37, ""git_status"": 0.0, ""git_log"": 0.0}",0.65,0.93,267,2146,240.5,jev-1.13.0
find recently modified go files and show the most recent one,truncated,0,0,find_files,find_files,1,0.96,"{""git_status"": 0.0, ""read_file"": 0.0, ""cannot_proceed"": 0.01, ""port_listeners"": 0.0, ""tail_log"": 0.0, ""find_files"": 0.97, ""list_files"": 0.0, ""process_list"": 0.0, ""done"": 0.02, ""search_content"": 0.0, ""git_log"": 0.0, ""kill_process"": 0.0, ""disk_usage"": 0.0}",0.05,0.9,22,1846,242.1,jev-1.13.0
find recently modified go files and show the most recent one,truncated,0,1,read_file,read_file,1,0.35,"{""tail_log"": 0.0, ""disk_usage"": 0.0, ""cannot_proceed"": 0.09, ""find_files"": 0.27, ""git_status"": 0.05, ""port_listeners"": 0.0, ""done"": 0.07, ""search_content"": 0.0, ""list_files"": 0.11, ""read_file"": 0.4, ""kill_process"": 0.0, ""process_list"": 0.0, ""git_log"": 0.01}",0.09,0.84,59,1902,232.1,jev-1.13.0
find recently modified go files and show the most recent one,truncated,0,2,read_file,done,0,0.5,"{""find_files"": 0.25, ""git_log"": 0.01, ""process_list"": 0.0, ""git_status"": 0.03, ""read_file"": 0.55, ""kill_process"": 0.0, ""search_content"": 0.0, ""list_files"": 0.05, ""cannot_proceed"": 0.06, ""done"": 0.05, ""disk_usage"": 0.0, ""port_listeners"": 0.0, ""tail_log"": 0.0}",0.11,0.72,98,1950,283.4,jev-1.13.0
find recently modified go files and show the most recent one,truncated,0,3,read_file,done,0,0.38,"{""git_status"": 0.03, ""disk_usage"": 0.0, ""find_files"": 0.39, ""done"": 0.04, ""kill_process"": 0.0, ""list_files"": 0.03, ""read_file"": 0.43, ""port_listeners"": 0.0, ""search_content"": 0.0, ""tail_log"": 0.0, ""process_list"": 0.0, ""git_log"": 0.01, ""cannot_proceed"": 0.07}",0.08,0.76,138,1998,265.6,jev-1.13.0
find recently modified go files and show the most recent one,truncated,0,4,find_files,done,0,0.32,"{""port_listeners"": 0.0, ""read_file"": 0.38, ""cannot_proceed"": 0.12, ""done"": 0.06, ""git_log"": 0.01, ""disk_usage"": 0.0, ""process_list"": 0.0, ""git_status"": 0.03, ""tail_log"": 0.0, ""search_content"": 0.0, ""kill_process"": 0.0, ""find_files"": 0.37, ""list_files"": 0.03}",0.06,0.72,177,2046,258.2,jev-1.13.0
find recently modified go files and show the most recent one,truncated,0,5,find_files,done,0,0.66,"{""git_log"": 0.01, ""tail_log"": 0.0, ""disk_usage"": 0.0, ""git_status"": 0.02, ""process_list"": 0.0, ""port_listeners"": 0.0, ""list_files"": 0.02, ""search_content"": 0.0, ""cannot_proceed"": 0.08, ""find_files"": 0.69, ""read_file"": 0.15, ""kill_process"": 0.0, ""done"": 0.03}",0.05,0.77,215,2103,229.1,jev-1.13.0
read whichever readme is in the skills project,truncated,0,0,find_files,list_files,0,0.59,"{""find_files"": 0.63, ""list_files"": 0.34, ""port_listeners"": 0.0, ""disk_usage"": 0.0, ""tail_log"": 0.0, ""cannot_proceed"": 0.0, ""read_file"": 0.03, ""kill_process"": 0.0, ""process_list"": 0.0, ""search_content"": 0.0, ""done"": 0.0, ""git_status"": 0.0, ""git_log"": 0.0}",0.04,0.91,18,1844,311.6,jev-1.13.0
read whichever readme is in the skills project,truncated,0,1,find_files,read_file,0,0.4,"{""read_file"": 0.11, ""process_list"": 0.0, ""done"": 0.0, ""find_files"": 0.46, ""disk_usage"": 0.0, ""tail_log"": 0.0, ""kill_process"": 0.0, ""git_status"": 0.0, ""git_log"": 0.0, ""search_content"": 0.01, ""cannot_proceed"": 0.0, ""list_files"": 0.42, ""port_listeners"": 0.0}",0.04,0.92,49,1888,261.6,jev-1.13.0
read whichever readme is in the skills project,truncated,0,2,find_files,done,0,0.49,"{""git_status"": 0.0, ""search_content"": 0.02, ""process_list"": 0.0, ""kill_process"": 0.0, ""list_files"": 0.32, ""git_log"": 0.0, ""disk_usage"": 0.0, ""read_file"": 0.12, ""done"": 0.0, ""port_listeners"": 0.0, ""tail_log"": 0.0, ""find_files"": 0.54, ""cannot_proceed"": 0.0}",0.04,0.92,80,1933,257.9,jev-1.13.0
read whichever readme is in the skills project,truncated,0,3,find_files,done,0,0.42,"{""find_files"": 0.48, ""git_log"": 0.0, ""process_list"": 0.0, ""git_status"": 0.0, ""disk_usage"": 0.0, ""kill_process"": 0.0, ""search_content"": 0.03, ""list_files"": 0.37, ""cannot_proceed"": 0.01, ""read_file"": 0.11, ""done"": 0.0, ""port_listeners"": 0.0, ""tail_log"": 0.0}",0.04,0.91,111,1978,290.2,jev-1.13.0
read whichever readme is in the skills project,truncated,0,4,find_files,done,0,0.42,"{""find_files"": 0.45999999999999996, ""list_files"": 0.34, ""port_listeners"": 0.0, ""disk_usage"": 0.0, ""git_log"": 0.0, ""git_status"": 0.0, ""read_file"": 0.15, ""kill_process"": 0.0, ""process_list"": 0.0, ""search_content"": 0.03, ""done"": 0.01, ""cannot_proceed"": 0.01, ""tail_log"": 0.0}",0.03,0.93,143,2023,246.5,jev-1.13.0
read whichever readme is in the skills project,truncated,0,5,find_files,done,0,0.38,"{""cannot_proceed"": 0.01, ""tail_log"": 0.0, ""git_log"": 0.0, ""find_files"": 0.44, ""list_files"": 0.34, ""port_listeners"": 0.0, ""search_content"": 0.03, ""read_file"": 0.17, ""kill_process"": 0.0, ""disk_usage"": 0.0, ""process_list"": 0.0, ""done"": 0.01, ""git_status"": 0.0}",0.03,0.92,174,2068,279.6,jev-1.13.0
tail whichever npm log has the most content in it,truncated,0,0,find_files,find_files,1,0.69,"{""find_files"": 0.72, ""git_log"": 0.0, ""process_list"": 0.0, ""git_status"": 0.0, ""read_file"": 0.0, ""kill_process"": 0.0, ""cannot_proceed"": 0.03, ""list_files"": 0.2, ""disk_usage"": 0.04, ""search_content"": 0.0, ""done"": 0.0, ""port_listeners"": 0.0, ""tail_log"": 0.01}",0.03,0.85,19,1845,276.4,jev-1.13.0
tail whichever npm log has the most content in it,truncated,0,1,tail_log,tail_log,1,1.0,"{""read_file"": 0.0, ""disk_usage"": 0.0, ""done"": 0.0, ""find_files"": 0.0, ""cannot_proceed"": 0.0, ""tail_log"": 1.0, ""kill_process"": 0.0, ""process_list"": 0.0, ""git_status"": 0.0, ""search_content"": 0.0, ""git_log"": 0.0, ""list_files"": 0.0, ""port_listeners"": 0.0}",0.09,0.94,87,2040,240.7,jev-1.13.0
tail whichever npm log has the most content in it,truncated,0,2,tail_log,done,0,0.54,"{""tail_log"": 0.58, ""port_listeners"": 0.0, ""process_list"": 0.0, ""disk_usage"": 0.0, ""git_log"": 0.0, ""search_content"": 0.0, ""find_files"": 0.0, ""git_status"": 0.0, ""kill_process"": 0.0, ""done"": 0.41, ""read_file"": 0.0, ""cannot_proceed"": 0.01, ""list_files"": 0.0}",0.63,0.95,129,2107,282.7,jev-1.13.0
tail whichever npm log has the most content in it,truncated,0,3,tail_log,done,0,0.64,"{""git_log"": 0.0, ""tail_log"": 0.68, ""disk_usage"": 0.0, ""git_status"": 0.0, ""process_list"": 0.0, ""port_listeners"": 0.0, ""list_files"": 0.0, ""search_content"": 0.0, ""cannot_proceed"": 0.01, ""kill_process"": 0.0, ""read_file"": 0.0, ""find_files"": 0.0, ""done"": 0.31}",0.47,0.93,172,2174,226.4,jev-1.13.0
tail whichever npm log has the most content in it,truncated,0,4,tail_log,done,0,0.81,"{""find_files"": 0.0, ""git_log"": 0.0, ""process_list"": 0.0, ""git_status"": 0.0, ""read_file"": 0.01, ""kill_process"": 0.0, ""search_content"": 0.0, ""list_files"": 0.0, ""done"": 0.14, ""cannot_proceed"": 0.03, ""disk_usage"": 0.0, ""port_listeners"": 0.0, ""tail_log"": 0.82}",0.22,0.93,215,2241,238.4,jev-1.13.0
tail whichever npm log has the most content in it,truncated,0,5,tail_log,done,0,0.75,"{""disk_usage"": 0.0, ""kill_process"": 0.0, ""cannot_proceed"": 0.03, ""search_content"": 0.0, ""git_status"": 0.0, ""find_files"": 0.01, ""port_listeners"": 0.0, ""git_log"": 0.0, ""process_list"": 0.0, ""done"": 0.18, ""list_files"": 0.0, ""tail_log"": 0.77, ""read_file"": 0.01}",0.18,0.93,258,2308,370.4,jev-1.13.0
show the most recently changed file in the skills repo,truncated,0,0,find_files,find_files,1,0.66,"{""disk_usage"": 0.0, ""tail_log"": 0.0, ""search_content"": 0.0, ""find_files"": 0.7, ""git_status"": 0.09, ""cannot_proceed"": 0.01, ""done"": 0.0, ""port_listeners"": 0.0, ""list_files"": 0.05, ""read_file"": 0.0, ""kill_process"": 0.0, ""process_list"": 0.0, ""git_log"": 0.15}",0.02,0.89,20,1845,230.1,jev-1.13.0
show the most recently changed file in the skills repo,truncated,0,1,find_files,read_file,0,0.28,"{""port_listeners"": 0.0, ""list_files"": 0.12, ""git_status"": 0.13, ""search_content"": 0.0, ""find_files"": 0.33, ""disk_usage"": 0.0, ""tail_log"": 0.0, ""cannot_proceed"": 0.02, ""read_file"": 0.05, ""git_log"": 0.09, ""process_list"": 0.0, ""kill_process"": 0.0, ""done"": 0.26}",0.17,0.88,36,1873,239.6,jev-1.13.0
show the most recently changed file in the skills repo,truncated,0,2,find_files,done,0,0.48,"{""tail_log"": 0.0, ""git_status"": 0.13, ""port_listeners"": 0.0, ""read_file"": 0.04, ""git_log"": 0.1, ""find_files"": 0.53, ""search_content"": 0.0, ""kill_process"": 0.0, ""done"": 0.1, ""process_list"": 0.0, ""cannot_proceed"": 0.02, ""list_files"": 0.08, ""disk_usage"": 0.0}",0.09,0.89,53,1902,316.5,jev-1.13.0
show the most recently changed file in the skills repo,truncated,0,3,find_files,done,0,0.55,"{""disk_usage"": 0.0, ""tail_log"": 0.0, ""port_listeners"": 0.0, ""find_files"": 0.58, ""git_status"": 0.12, ""search_content"": 0.0, ""done"": 0.08, ""cannot_proceed"": 0.03, ""list_files"": 0.05, ""read_file"": 0.04, ""kill_process"": 0.0, ""process_list"": 0.0, ""git_log"": 0.1}",0.07,0.89,70,1931,322.1,jev-1.13.0
show the most recently changed file in the skills repo,truncated,0,4,find_files,done,0,0.49,"{""read_file"": 0.04, ""git_status"": 0.13, ""find_files"": 0.53, ""disk_usage"": 0.0, ""kill_process"": 0.0, ""cannot_proceed"": 0.03, ""git_log"": 0.11, ""list_files"": 0.07, ""search_content"": 0.0, ""process_list"": 0.0, ""tail_log"": 0.0, ""port_listeners"": 0.0, ""done"": 0.09}",0.07,0.9,87,1960,296.6,jev-1.13.0
show the most recently changed file in the skills repo,truncated,0,5,find_files,done,0,0.42,"{""kill_process"": 0.0, ""disk_usage"": 0.0, ""search_content"": 0.0, ""cannot_proceed"": 0.04, ""git_status"": 0.17, ""find_files"": 0.47000000000000003, ""port_listeners"": 0.0, ""done"": 0.08, ""process_list"": 0.0, ""tail_log"": 0.0, ""list_files"": 0.07, ""git_log"": 0.12, ""read_file"": 0.05}",0.07,0.89,103,1989,319.1,jev-1.13.0
tail whichever npm log is newest,truncated,0,0,find_files,find_files,1,0.93,"{""list_files"": 0.03, ""process_list"": 0.0, ""cannot_proceed"": 0.01, ""find_files"": 0.95, ""git_status"": 0.0, ""kill_process"": 0.0, ""disk_usage"": 0.0, ""git_log"": 0.0, ""done"": 0.0, ""port_listeners"": 0.0, ""read_file"": 0.0, ""search_content"": 0.0, ""tail_log"": 0.01}",0.04,0.89,15,1841,260.4,jev-1.13.0
tail whichever npm log is newest,truncated,0,1,tail_log,tail_log,1,0.98,"{""tail_log"": 0.98, ""git_log"": 0.0, ""done"": 0.0, ""read_file"": 0.0, ""cannot_proceed"": 0.01, ""kill_process"": 0.0, ""list_files"": 0.0, ""process_list"": 0.0, ""disk_usage"": 0.0, ""search_content"": 0.0, ""find_files"": 0.01, ""git_status"": 0.0, ""port_listeners"": 0.0}",0.07,0.95,74,2008,269.2,jev-1.13.0
tail whichever npm log is newest,truncated,0,2,done,done,1,0.82,"{""read_file"": 0.0, ""git_log"": 0.0, ""disk_usage"": 0.0, ""process_list"": 0.0, ""port_listeners"": 0.0, ""list_files"": 0.0, ""find_files"": 0.01, ""search_content"": 0.0, ""kill_process"": 0.0, ""tail_log"": 0.15, ""cannot_proceed"": 0.0, ""git_status"": 0.0, ""done"": 0.84}",0.76,0.95,139,2097,271.0,jev-1.13.0
deploy the app to production,truncated,0,0,cannot_proceed,cannot_proceed,1,0.93,"{""git_status"": 0.04, ""list_files"": 0.01, ""port_listeners"": 0.0, ""read_file"": 0.0, ""find_files"": 0.01, ""disk_usage"": 0.0, ""tail_log"": 0.0, ""kill_process"": 0.0, ""git_log"": 0.0, ""done"": 0.0, ""process_list"": 0.0, ""cannot_proceed"": 0.94, ""search_content"": 0.0}",0.05,0.05,14,1840,245.9,jev-1.13.0
send a message to the team on slack,truncated,0,0,cannot_proceed,cannot_proceed,1,1.0,"{""tail_log"": 0.0, ""list_files"": 0.0, ""read_file"": 0.0, ""port_listeners"": 0.0, ""process_list"": 0.0, ""done"": 0.0, ""git_log"": 0.0, ""cannot_proceed"": 1.0, ""kill_process"": 0.0, ""find_files"": 0.0, ""disk_usage"": 0.0, ""git_status"": 0.0, ""search_content"": 0.0}",0.04,0.03,15,1843,262.0,jev-1.13.0
rename this file to something else,truncated,0,0,cannot_proceed,cannot_proceed,1,0.92,"{""list_files"": 0.01, ""disk_usage"": 0.0, ""find_files"": 0.06, ""read_file"": 0.0, ""port_listeners"": 0.0, ""done"": 0.0, ""cannot_proceed"": 0.93, ""search_content"": 0.0, ""kill_process"": 0.0, ""process_list"": 0.0, ""tail_log"": 0.0, ""git_status"": 0.0, ""git_log"": 0.0}",0.04,0.05,15,1841,288.5,jev-1.13.0
install the missing npm dependency,truncated,0,0,cannot_proceed,cannot_proceed,1,0.75,"{""port_listeners"": 0.0, ""find_files"": 0.03, ""done"": 0.0, ""process_list"": 0.0, ""list_files"": 0.09, ""kill_process"": 0.0, ""read_file"": 0.07, ""git_status"": 0.0, ""cannot_proceed"": 0.77, ""disk_usage"": 0.0, ""search_content"": 0.03, ""tail_log"": 0.01, ""git_log"": 0.0}",0.04,0.05,15,1840,256.3,jev-1.13.0
what's the most recent commit in driftmark,truncated,0,0,git_log,git_log,1,0.98,"{""read_file"": 0.0, ""kill_process"": 0.0, ""git_status"": 0.0, ""search_content"": 0.0, ""disk_usage"": 0.0, ""cannot_proceed"": 0.0, ""process_list"": 0.0, ""git_log"": 0.98, ""find_files"": 0.01, ""tail_log"": 0.0, ""port_listeners"": 0.0, ""done"": 0.0, ""list_files"": 0.01}",0.02,0.87,17,1845,240.3,jev-1.13.0
what's the most recent commit in driftmark,truncated,0,1,done,done,1,0.99,"{""disk_usage"": 0.0, ""tail_log"": 0.0, ""port_listeners"": 0.0, ""find_files"": 0.0, ""cannot_proceed"": 0.0, ""process_list"": 0.0, ""search_content"": 0.0, ""done"": 0.99, ""git_status"": 0.0, ""read_file"": 0.0, ""list_files"": 0.0, ""kill_process"": 0.0, ""git_log"": 0.01}",0.89,0.95,46,1901,282.3,jev-1.13.0
what does the go module for glow require,truncated,0,0,read_file,read_file,1,0.97,"{""tail_log"": 0.0, ""disk_usage"": 0.0, ""cannot_proceed"": 0.0, ""find_files"": 0.01, ""git_status"": 0.0, ""search_content"": 0.01, ""done"": 0.0, ""port_listeners"": 0.0, ""kill_process"": 0.0, ""read_file"": 0.98, ""list_files"": 0.0, ""process_list"": 0.0, ""git_log"": 0.0}",0.03,0.6,17,1843,252.1,jev-1.13.0
what does the go module for glow require,truncated,0,1,read_file,done,0,0.91,"{""list_files"": 0.0, ""search_content"": 0.0, ""cannot_proceed"": 0.0, ""disk_usage"": 0.0, ""git_log"": 0.0, ""find_files"": 0.0, ""git_status"": 0.0, ""kill_process"": 0.0, ""port_listeners"": 0.0, ""done"": 0.08, ""read_file"": 0.92, ""process_list"": 0.0, ""tail_log"": 0.0}",0.08,0.8,42,1887,334.1,jev-1.13.0
what does the go module for glow require,truncated,0,2,read_file,done,0,0.96,"{""read_file"": 0.97, ""git_log"": 0.0, ""done"": 0.03, ""cannot_proceed"": 0.0, ""tail_log"": 0.0, ""kill_process"": 0.0, ""list_files"": 0.0, ""process_list"": 0.0, ""port_listeners"": 0.0, ""search_content"": 0.0, ""find_files"": 0.0, ""disk_usage"": 0.0, ""git_status"": 0.0}",0.07,0.81,69,1932,245.5,jev-1.13.0
what does the go module for glow require,truncated,0,3,read_file,done,0,0.96,"{""port_listeners"": 0.0, ""list_files"": 0.0, ""find_files"": 0.0, ""process_list"": 0.0, ""tail_log"": 0.0, ""disk_usage"": 0.0, ""git_log"": 0.0, ""cannot_proceed"": 0.01, ""read_file"": 0.97, ""done"": 0.02, ""kill_process"": 0.0, ""search_content"": 0.0, ""git_status"": 0.0}",0.05,0.82,95,1977,286.5,jev-1.13.0
what does the go module for glow require,truncated,0,4,read_file,done,0,0.95,"{""disk_usage"": 0.0, ""tail_log"": 0.0, ""port_listeners"": 0.0, ""find_files"": 0.0, ""cannot_proceed"": 0.01, ""process_list"": 0.0, ""search_content"": 0.0, ""done"": 0.03, ""git_status"": 0.0, ""read_file"": 0.96, ""list_files"": 0.0, ""kill_process"": 0.0, ""git_log"": 0.0}",0.05,0.84,121,2022,288.9,jev-1.13.0
what does the go module for glow require,truncated,0,5,read_file,done,0,0.95,"{""search_content"": 0.0, ""kill_process"": 0.0, ""cannot_proceed"": 0.01, ""disk_usage"": 0.0, ""git_status"": 0.0, ""read_file"": 0.96, ""git_log"": 0.0, ""process_list"": 0.0, ""find_files"": 0.0, ""tail_log"": 0.0, ""port_listeners"": 0.0, ""done"": 0.03, ""list_files"": 0.0}",0.05,0.83,147,2067,266.1,jev-1.13.0
are there uncommitted changes in the hermes project,truncated,0,0,git_status,git_status,1,0.93,"{""git_status"": 0.94, ""port_listeners"": 0.0, ""done"": 0.06, ""git_log"": 0.0, ""kill_process"": 0.0, ""cannot_proceed"": 0.0, ""list_files"": 0.0, ""process_list"": 0.0, ""search_content"": 0.0, ""tail_log"": 0.0, ""find_files"": 0.0, ""read_file"": 0.0, ""disk_usage"": 0.0}",0.36,0.94,19,1846,306.6,jev-1.13.0
are there uncommitted changes in the hermes project,truncated,0,1,done,done,1,0.87,"{""git_status"": 0.1, ""search_content"": 0.0, ""port_listeners"": 0.0, ""list_files"": 0.01, ""find_files"": 0.0, ""cannot_proceed"": 0.0, ""disk_usage"": 0.0, ""process_list"": 0.0, ""kill_process"": 0.0, ""done"": 0.88, ""git_log"": 0.0, ""read_file"": 0.01, ""tail_log"": 0.0}",0.88,0.96,37,1876,253.4,jev-1.13.0
which skill docs were modified,truncated,0,0,git_status,git_status,1,0.87,"{""search_content"": 0.0, ""disk_usage"": 0.0, ""find_files"": 0.08, ""read_file"": 0.0, ""port_listeners"": 0.0, ""done"": 0.01, ""cannot_proceed"": 0.01, ""kill_process"": 0.0, ""tail_log"": 0.0, ""process_list"": 0.0, ""list_files"": 0.0, ""git_status"": 0.89, ""git_log"": 0.01}",0.07,0.72,14,1840,314.2,jev-1.13.0
which skill docs were modified,truncated,0,1,done,done,1,0.94,"{""disk_usage"": 0.0, ""tail_log"": 0.0, ""port_listeners"": 0.0, ""find_files"": 0.0, ""git_status"": 0.01, ""search_content"": 0.0, ""done"": 0.95, ""cannot_proceed"": 0.0, ""list_files"": 0.0, ""read_file"": 0.03, ""kill_process"": 0.0, ""process_list"": 0.0, ""git_log"": 0.01}",0.86,0.89,32,1870,308.7,jev-1.13.0
kill whatever's on port 3000,truncated,1,0,port_listeners,port_listeners,1,0.98,"{""find_files"": 0.0, ""git_log"": 0.0, ""process_list"": 0.0, ""git_status"": 0.0, ""read_file"": 0.0, ""done"": 0.0, ""cannot_proceed"": 0.01, ""list_files"": 0.0, ""disk_usage"": 0.0, ""kill_process"": 0.0, ""search_content"": 0.0, ""port_listeners"": 0.99, ""tail_log"": 0.0}",0.07,0.92,14,1845,389.1,jev-1.13.0
kill whatever's on port 3000,truncated,1,1,kill_process,kill_process,1,1.0,"{""read_file"": 0.0, ""search_content"": 0.0, ""cannot_proceed"": 0.0, ""process_list"": 0.0, ""port_listeners"": 0.0, ""disk_usage"": 0.0, ""find_files"": 0.0, ""git_log"": 0.0, ""list_files"": 0.0, ""tail_log"": 0.0, ""git_status"": 0.0, ""done"": 0.0, ""kill_process"": 1.0}",0.03,0.97,59,1933,220.2,jev-1.13.0
kill whatever's on port 3000,truncated,1,2,kill_process,done,0,0.47,"{""kill_process"": 0.51, ""disk_usage"": 0.0, ""search_content"": 0.0, ""cannot_proceed"": 0.04, ""git_status"": 0.0, ""find_files"": 0.0, ""port_listeners"": 0.21, ""tail_log"": 0.0, ""process_list"": 0.01, ""git_log"": 0.0, ""list_files"": 0.0, ""done"": 0.23, ""read_file"": 0.0}",0.4,0.94,75,1960,246.7,jev-1.13.0
kill whatever's on port 3000,truncated,1,3,kill_process,done,0,0.62,"{""disk_usage"": 0.0, ""git_log"": 0.0, ""find_files"": 0.0, ""read_file"": 0.0, ""port_listeners"": 0.26, ""done"": 0.04, ""cannot_proceed"": 0.04, ""list_files"": 0.0, ""kill_process"": 0.65, ""process_list"": 0.01, ""tail_log"": 0.0, ""git_status"": 0.0, ""search_content"": 0.0}",0.24,0.88,91,1987,214.4,jev-1.13.0
kill whatever's on port 3000,truncated,1,4,kill_process,done,0,0.54,"{""read_file"": 0.0, ""cannot_proceed"": 0.04, ""disk_usage"": 0.0, ""process_list"": 0.01, ""port_listeners"": 0.34, ""done"": 0.03, ""find_files"": 0.0, ""git_log"": 0.0, ""kill_process"": 0.58, ""tail_log"": 0.0, ""git_status"": 0.0, ""search_content"": 0.0, ""list_files"": 0.0}",0.23,0.86,107,2014,324.4,jev-1.13.0
kill whatever's on port 3000,truncated,1,5,kill_process,done,0,0.47,"{""kill_process"": 0.52, ""tail_log"": 0.0, ""cannot_proceed"": 0.04, ""git_log"": 0.0, ""search_content"": 0.0, ""read_file"": 0.0, ""list_files"": 0.0, ""process_list"": 0.01, ""port_listeners"": 0.41, ""disk_usage"": 0.0, ""git_status"": 0.0, ""done"": 0.02, ""find_files"": 0.0}",0.2,0.84,122,2041,273.8,jev-1.13.0
kill the process eating the most CPU,truncated,1,0,process_list,process_list,1,1.0,"{""kill_process"": 0.0, ""tail_log"": 0.0, ""cannot_proceed"": 0.0, ""git_log"": 0.0, ""search_content"": 0.0, ""read_file"": 0.0, ""process_list"": 1.0, ""list_files"": 0.0, ""port_listeners"": 0.0, ""git_status"": 0.0, ""disk_usage"": 0.0, ""done"": 0.0, ""find_files"": 0.0}",0.03,0.89,16,1842,277.4,jev-1.13.0
kill the process eating the most CPU,truncated,1,1,kill_process,kill_process,1,1.0,"{""git_status"": 0.0, ""port_listeners"": 0.0, ""disk_usage"": 0.0, ""git_log"": 0.0, ""kill_process"": 1.0, ""cannot_proceed"": 0.0, ""list_files"": 0.0, ""process_list"": 0.0, ""search_content"": 0.0, ""tail_log"": 0.0, ""find_files"": 0.0, ""read_file"": 0.0, ""done"": 0.0}",0.04,0.96,55,1919,273.2,jev-1.13.0
kill the process eating the most CPU,truncated,1,2,kill_process,done,0,0.54,"{""read_file"": 0.0, ""search_content"": 0.0, ""done"": 0.29, ""process_list"": 0.06, ""port_listeners"": 0.0, ""list_files"": 0.0, ""find_files"": 0.0, ""git_log"": 0.0, ""disk_usage"": 0.0, ""tail_log"": 0.0, ""git_status"": 0.0, ""kill_process"": 0.59, ""cannot_proceed"": 0.06}",0.33,0.91,70,1946,252.9,jev-1.13.0
kill the process eating the most CPU,truncated,1,3,kill_process,done,0,0.52,"{""tail_log"": 0.0, ""port_listeners"": 0.0, ""disk_usage"": 0.0, ""kill_process"": 0.56, ""read_file"": 0.0, ""git_log"": 0.0, ""done"": 0.11, ""process_list"": 0.3, ""find_files"": 0.0, ""git_status"": 0.0, ""search_content"": 0.0, ""cannot_proceed"": 0.03, ""list_files"": 0.0}",0.27,0.91,86,1973,281.9,jev-1.13.0
kill the process eating the most CPU,truncated,1,4,kill_process,done,0,0.59,"{""kill_process"": 0.62, ""find_files"": 0.0, ""cannot_proceed"": 0.04, ""disk_usage"": 0.0, ""tail_log"": 0.0, ""search_content"": 0.0, ""git_log"": 0.0, ""git_status"": 0.0, ""read_file"": 0.0, ""process_list"": 0.28, ""port_listeners"": 0.0, ""list_files"": 0.0, ""done"": 0.06}",0.19,0.89,102,2000,226.4,jev-1.13.0
kill the process eating the most CPU,truncated,1,5,kill_process,done,0,0.46,"{""tail_log"": 0.0, ""git_log"": 0.0, ""cannot_proceed"": 0.04, ""read_file"": 0.0, ""done"": 0.04, ""kill_process"": 0.5, ""disk_usage"": 0.0, ""process_list"": 0.42, ""port_listeners"": 0.0, ""git_status"": 0.0, ""find_files"": 0.0, ""search_content"": 0.0, ""list_files"": 0.0}",0.18,0.86,118,2027,337.9,jev-1.13.0
tail the log that changed most recently,truncated,1,0,find_files,find_files,1,0.96,"{""read_file"": 0.0, ""done"": 0.0, ""git_status"": 0.0, ""process_list"": 0.0, ""port_listeners"": 0.0, ""disk_usage"": 0.0, ""find_files"": 0.96, ""git_log"": 0.0, ""search_content"": 0.0, ""tail_log"": 0.01, ""cannot_proceed"": 0.01, ""kill_process"": 0.0, ""list_files"": 0.02}",0.04,0.92,16,1842,346.5,jev-1.13.0
tail the log that changed most recently,truncated,1,1,tail_log,tail_log,1,1.0,"{""process_list"": 0.0, ""port_listeners"": 0.0, ""disk_usage"": 0.0, ""cannot_proceed"": 0.0, ""list_files"": 0.0, ""done"": 0.0, ""git_status"": 0.0, ""tail_log"": 1.0, ""kill_process"": 0.0, ""search_content"": 0.0, ""find_files"": 0.0, ""git_log"": 0.0, ""read_file"": 0.0}",0.08,0.96,59,1939,277.8,jev-1.13.0
tail the log that changed most recently,truncated,1,2,done,done,1,0.98,"{""git_status"": 0.0, ""disk_usage"": 0.0, ""cannot_proceed"": 0.0, ""git_log"": 0.0, ""kill_process"": 0.0, ""port_listeners"": 0.0, ""list_files"": 0.0, ""process_list"": 0.0, ""search_content"": 0.0, ""tail_log"": 0.01, ""find_files"": 0.0, ""read_file"": 0.0, ""done"": 0.99}",0.94,0.97,90,1994,245.2,jev-1.13.0
what's using the most disk space here,truncated,1,0,disk_usage,disk_usage,1,1.0,"{""git_log"": 0.0, ""tail_log"": 0.0, ""disk_usage"": 1.0, ""git_status"": 0.0, ""process_list"": 0.0, ""port_listeners"": 0.0, ""list_files"": 0.0, ""kill_process"": 0.0, ""cannot_proceed"": 0.0, ""search_content"": 0.0, ""read_file"": 0.0, ""find_files"": 0.0, ""done"": 0.0}",0.03,0.95,16,1843,210.9,jev-1.13.0
what's using the most disk space here,truncated,1,1,done,done,1,0.76,"{""tail_log"": 0.0, ""git_status"": 0.0, ""port_listeners"": 0.0, ""git_log"": 0.0, ""read_file"": 0.0, ""done"": 0.78, ""search_content"": 0.0, ""kill_process"": 0.0, ""find_files"": 0.03, ""process_list"": 0.0, ""cannot_proceed"": 0.0, ""list_files"": 0.12, ""disk_usage"": 0.07}",0.86,0.93,40,1891,316.5,jev-1.13.0
restart the database,truncated,1,0,cannot_proceed,cannot_proceed,1,0.98,"{""tail_log"": 0.0, ""port_listeners"": 0.0, ""kill_process"": 0.0, ""disk_usage"": 0.0, ""read_file"": 0.0, ""git_log"": 0.0, ""done"": 0.0, ""process_list"": 0.01, ""find_files"": 0.0, ""git_status"": 0.0, ""search_content"": 0.0, ""cannot_proceed"": 0.99, ""list_files"": 0.0}",0.06,0.19,12,1838,239.3,jev-1.13.0
which files have uncommitted changes,truncated,1,0,git_status,git_status,1,0.52,"{""read_file"": 0.0, ""process_list"": 0.0, ""done"": 0.44, ""cannot_proceed"": 0.0, ""find_files"": 0.0, ""tail_log"": 0.0, ""kill_process"": 0.0, ""git_status"": 0.56, ""disk_usage"": 0.0, ""search_content"": 0.0, ""git_log"": 0.0, ""list_files"": 0.0, ""port_listeners"": 0.0}",0.65,0.94,16,1842,295.4,jev-1.13.0
which files have uncommitted changes,truncated,1,1,done,done,1,0.99,"{""tail_log"": 0.0, ""disk_usage"": 0.0, ""search_content"": 0.0, ""find_files"": 0.0, ""git_status"": 0.01, ""cannot_proceed"": 0.0, ""done"": 0.99, ""port_listeners"": 0.0, ""kill_process"": 0.0, ""read_file"": 0.0, ""list_files"": 0.0, ""process_list"": 0.0, ""git_log"": 0.0}",0.94,0.96,44,1884,285.2,jev-1.13.0
show me the commit history for this repo,truncated,1,0,git_log,git_log,1,1.0,"{""process_list"": 0.0, ""find_files"": 0.0, ""cannot_proceed"": 0.0, ""disk_usage"": 0.0, ""git_log"": 1.0, ""tail_log"": 0.0, ""search_content"": 0.0, ""git_status"": 0.0, ""read_file"": 0.0, ""list_files"": 0.0, ""port_listeners"": 0.0, ""kill_process"": 0.0, ""done"": 0.0}",0.03,0.94,17,1843,247.9,jev-1.13.0
show me the commit history for this repo,truncated,1,1,done,done,1,0.99,"{""disk_usage"": 0.0, ""tail_log"": 0.0, ""port_listeners"": 0.0, ""find_files"": 0.0, ""cannot_proceed"": 0.0, ""process_list"": 0.0, ""search_content"": 0.0, ""done"": 0.99, ""git_status"": 0.0, ""read_file"": 0.0, ""list_files"": 0.0, ""kill_process"": 0.0, ""git_log"": 0.01}",0.95,0.98,64,1922,504.8,jev-1.13.0
what files are in the internal directory of the glow project,truncated,1,0,list_files,list_files,1,0.94,"{""list_files"": 0.94, ""find_files"": 0.05, ""cannot_proceed"": 0.01, ""disk_usage"": 0.0, ""search_content"": 0.0, ""git_log"": 0.0, ""tail_log"": 0.0, ""git_status"": 0.0, ""read_file"": 0.0, ""process_list"": 0.0, ""port_listeners"": 0.0, ""kill_process"": 0.0, ""done"": 0.0}",0.03,0.91,22,1846,262.7,jev-1.13.0
what files are in the internal directory of the glow project,truncated,1,1,done,done,1,0.88,"{""git_status"": 0.0, ""search_content"": 0.0, ""port_listeners"": 0.0, ""read_file"": 0.01, ""process_list"": 0.0, ""disk_usage"": 0.0, ""tail_log"": 0.0, ""kill_process"": 0.0, ""git_log"": 0.0, ""done"": 0.89, ""find_files"": 0.0, ""cannot_proceed"": 0.0, ""list_files"": 0.1}",0.72,0.96,41,1882,257.7,jev-1.13.0
show me the contents of the go module file,truncated,1,0,read_file,read_file,1,0.99,"{""read_file"": 0.99, ""git_log"": 0.0, ""done"": 0.0, ""cannot_proceed"": 0.0, ""tail_log"": 0.0, ""port_listeners"": 0.0, ""disk_usage"": 0.0, ""process_list"": 0.0, ""list_files"": 0.01, ""search_content"": 0.0, ""find_files"": 0.0, ""git_status"": 0.0, ""kill_process"": 0.0}",0.03,0.9,17,1844,233.6,jev-1.13.0
show me the contents of the go module file,truncated,1,1,read_file,done,0,0.65,"{""port_listeners"": 0.0, ""list_files"": 0.0, ""git_status"": 0.0, ""git_log"": 0.0, ""kill_process"": 0.0, ""disk_usage"": 0.0, ""search_content"": 0.0, ""cannot_proceed"": 0.0, ""read_file"": 0.68, ""find_files"": 0.0, ""process_list"": 0.0, ""tail_log"": 0.0, ""done"": 0.32}",0.13,0.93,43,1888,291.1,jev-1.13.0
show me the contents of the go module file,truncated,1,2,read_file,done,0,0.63,"{""kill_process"": 0.0, ""disk_usage"": 0.0, ""search_content"": 0.0, ""cannot_proceed"": 0.0, ""git_status"": 0.0, ""find_files"": 0.0, ""port_listeners"": 0.0, ""git_log"": 0.0, ""process_list"": 0.0, ""done"": 0.34, ""list_files"": 0.0, ""tail_log"": 0.0, ""read_file"": 0.66}",0.17,0.93,69,1933,260.4,jev-1.13.0
show me the contents of the go module file,truncated,1,3,read_file,done,0,0.59,"{""list_files"": 0.0, ""find_files"": 0.0, ""tail_log"": 0.0, ""git_log"": 0.0, ""git_status"": 0.0, ""disk_usage"": 0.0, ""cannot_proceed"": 0.0, ""port_listeners"": 0.0, ""kill_process"": 0.0, ""search_content"": 0.0, ""read_file"": 0.64, ""process_list"": 0.0, ""done"": 0.36}",0.18,0.94,95,1978,262.3,jev-1.13.0
show me the contents of the go module file,truncated,1,4,read_file,done,0,0.55,"{""cannot_proceed"": 0.0, ""list_files"": 0.0, ""git_log"": 0.0, ""tail_log"": 0.0, ""find_files"": 0.0, ""port_listeners"": 0.0, ""search_content"": 0.0, ""read_file"": 0.59, ""kill_process"": 0.0, ""disk_usage"": 0.0, ""process_list"": 0.0, ""done"": 0.41, ""git_status"": 0.0}",0.15,0.94,122,2023,244.9,jev-1.13.0
show me the contents of the go module file,truncated,1,5,read_file,done,0,0.7,"{""tail_log"": 0.0, ""disk_usage"": 0.0, ""search_content"": 0.0, ""find_files"": 0.0, ""git_status"": 0.0, ""cannot_proceed"": 0.0, ""done"": 0.26, ""port_listeners"": 0.0, ""kill_process"": 0.0, ""read_file"": 0.74, ""list_files"": 0.0, ""process_list"": 0.0, ""git_log"": 0.0}",0.11,0.92,148,2068,279.1,jev-1.13.0
is anything listening on port 9999,truncated,1,0,port_listeners,port_listeners,1,0.53,"{""read_file"": 0.0, ""disk_usage"": 0.0, ""git_log"": 0.0, ""process_list"": 0.0, ""port_listeners"": 0.58, ""list_files"": 0.0, ""kill_process"": 0.0, ""search_content"": 0.0, ""done"": 0.41, ""tail_log"": 0.0, ""cannot_proceed"": 0.01, ""git_status"": 0.0, ""find_files"": 0.0}",0.74,0.94,15,1845,244.6,jev-1.13.0
is anything listening on port 9999,truncated,1,1,done,done,1,0.63,"{""read_file"": 0.0, ""list_files"": 0.0, ""done"": 0.67, ""process_list"": 0.02, ""port_listeners"": 0.31, ""disk_usage"": 0.0, ""kill_process"": 0.0, ""search_content"": 0.0, ""find_files"": 0.0, ""tail_log"": 0.0, ""git_status"": 0.0, ""cannot_proceed"": 0.0, ""git_log"": 0.0}",0.84,0.95,31,1873,279.5,jev-1.13.0
kill whichever process is using the most memory,truncated,1,0,process_list,process_list,1,1.0,"{""process_list"": 1.0, ""port_listeners"": 0.0, ""disk_usage"": 0.0, ""cannot_proceed"": 0.0, ""list_files"": 0.0, ""done"": 0.0, ""git_status"": 0.0, ""tail_log"": 0.0, ""kill_process"": 0.0, ""search_content"": 0.0, ""find_files"": 0.0, ""git_log"": 0.0, ""read_file"": 0.0}",0.03,0.78,18,1843,252.0,jev-1.13.0
kill whichever process is using the most memory,truncated,1,1,kill_process,kill_process,1,0.99,"{""list_files"": 0.0, ""find_files"": 0.0, ""cannot_proceed"": 0.0, ""port_listeners"": 0.0, ""git_log"": 0.0, ""tail_log"": 0.0, ""search_content"": 0.0, ""git_status"": 0.0, ""read_file"": 0.0, ""process_list"": 0.01, ""kill_process"": 0.99, ""disk_usage"": 0.0, ""done"": 0.0}",0.05,0.96,92,1982,272.6,jev-1.13.0
kill whichever process is using the most memory,truncated,1,2,kill_process,done,0,0.62,"{""list_files"": 0.0, ""git_status"": 0.0, ""git_log"": 0.0, ""process_list"": 0.03, ""tail_log"": 0.0, ""disk_usage"": 0.0, ""port_listeners"": 0.0, ""cannot_proceed"": 0.04, ""kill_process"": 0.66, ""search_content"": 0.0, ""read_file"": 0.0, ""find_files"": 0.0, ""done"": 0.27}",0.31,0.89,108,2009,341.0,jev-1.13.0
kill whichever process is using the most memory,truncated,1,3,kill_process,done,0,0.66,"{""find_files"": 0.0, ""list_files"": 0.0, ""port_listeners"": 0.0, ""tail_log"": 0.0, ""disk_usage"": 0.0, ""git_status"": 0.0, ""read_file"": 0.0, ""kill_process"": 0.69, ""process_list"": 0.13, ""search_content"": 0.0, ""done"": 0.15, ""cannot_proceed"": 0.03, ""git_log"": 0.0}",0.26,0.91,124,2036,264.3,jev-1.13.0
kill whichever process is using the most memory,truncated,1,4,kill_process,done,0,0.62,"{""cannot_proceed"": 0.03, ""port_listeners"": 0.0, ""disk_usage"": 0.0, ""process_list"": 0.18, ""list_files"": 0.0, ""done"": 0.13, ""git_status"": 0.0, ""tail_log"": 0.0, ""kill_process"": 0.66, ""search_content"": 0.0, ""find_files"": 0.0, ""git_log"": 0.0, ""read_file"": 0.0}",0.24,0.91,139,2063,274.4,jev-1.13.0
kill whichever process is using the most memory,truncated,1,5,kill_process,done,0,0.41,"{""git_status"": 0.0, ""tail_log"": 0.0, ""port_listeners"": 0.0, ""list_files"": 0.0, ""find_files"": 0.0, ""kill_process"": 0.47000000000000003, ""disk_usage"": 0.0, ""process_list"": 0.35, ""cannot_proceed"": 0.04, ""git_log"": 0.0, ""done"": 0.14, ""read_file"": 0.0, ""search_content"": 0.0}",0.23,0.91,155,2090,269.7,jev-1.13.0
show me the file that uses the jpeg encoder library,truncated,1,0,search_content,search_content,1,0.98,"{""git_status"": 0.0, ""search_content"": 0.99, ""port_listeners"": 0.0, ""read_file"": 0.0, ""find_files"": 0.01, ""disk_usage"": 0.0, ""tail_log"": 0.0, ""kill_process"": 0.0, ""git_log"": 0.0, ""done"": 0.0, ""process_list"": 0.0, ""cannot_proceed"": 0.0, ""list_files"": 0.0}",0.03,0.87,19,1845,242.3,jev-1.13.0
show me the file that uses the jpeg encoder library,truncated,1,1,read_file,read_file,1,0.58,"{""process_list"": 0.0, ""disk_usage"": 0.0, ""tail_log"": 0.0, ""list_files"": 0.0, ""read_file"": 0.62, ""git_status"": 0.0, ""search_content"": 0.0, ""find_files"": 0.0, ""done"": 0.38, ""git_log"": 0.0, ""port_listeners"": 0.0, ""cannot_proceed"": 0.0, ""kill_process"": 0.0}",0.73,0.89,89,1946,287.3,jev-1.13.0
show me the file that uses the jpeg encoder library,truncated,1,2,read_file,done,0,0.65,"{""kill_process"": 0.0, ""read_file"": 0.6900000000000001, ""cannot_proceed"": 0.0, ""port_listeners"": 0.0, ""tail_log"": 0.0, ""find_files"": 0.0, ""search_content"": 0.0, ""done"": 0.31, ""list_files"": 0.0, ""process_list"": 0.0, ""git_log"": 0.0, ""git_status"": 0.0, ""disk_usage"": 0.0}",0.7,0.92,133,1996,212.7,jev-1.13.0
show me the file that uses the jpeg encoder library,truncated,1,3,read_file,done,0,0.49,"{""git_status"": 0.0, ""read_file"": 0.54, ""cannot_proceed"": 0.0, ""port_listeners"": 0.0, ""done"": 0.46, ""find_files"": 0.0, ""list_files"": 0.0, ""tail_log"": 0.0, ""search_content"": 0.0, ""process_list"": 0.0, ""git_log"": 0.0, ""kill_process"": 0.0, ""disk_usage"": 0.0}",0.74,0.93,178,2046,266.8,jev-1.13.0
show me the file that uses the jpeg encoder library,truncated,1,4,read_file,done,0,0.5,"{""git_log"": 0.0, ""tail_log"": 0.0, ""disk_usage"": 0.0, ""git_status"": 0.0, ""process_list"": 0.0, ""port_listeners"": 0.0, ""find_files"": 0.0, ""search_content"": 0.0, ""cannot_proceed"": 0.0, ""kill_process"": 0.0, ""read_file"": 0.55, ""list_files"": 0.0, ""done"": 0.45}",0.68,0.93,222,2096,271.5,jev-1.13.0
show me the file that uses the jpeg encoder library,truncated,1,5,read_file,done,0,0.53,"{""search_content"": 0.0, ""git_status"": 0.0, ""process_list"": 0.0, ""kill_process"": 0.0, ""list_files"": 0.0, ""disk_usage"": 0.0, ""git_log"": 0.0, ""read_file"": 0.5700000000000001, ""done"": 0.43, ""find_files"": 0.0, ""tail_log"": 0.0, ""port_listeners"": 0.0, ""cannot_proceed"": 0.0}",0.67,0.94,267,2146,266.4,jev-1.13.0
find recently modified go files and show the most recent one,truncated,1,0,find_files,find_files,1,0.96,"{""git_log"": 0.0, ""find_files"": 0.96, ""done"": 0.03, ""read_file"": 0.0, ""kill_process"": 0.0, ""process_list"": 0.0, ""list_files"": 0.0, ""cannot_proceed"": 0.01, ""git_status"": 0.0, ""disk_usage"": 0.0, ""search_content"": 0.0, ""tail_log"": 0.0, ""port_listeners"": 0.0}",0.06,0.88,22,1846,263.3,jev-1.13.0
find recently modified go files and show the most recent one,truncated,1,1,read_file,read_file,1,0.32,"{""git_status"": 0.06, ""disk_usage"": 0.0, ""port_listeners"": 0.0, ""git_log"": 0.02, ""kill_process"": 0.0, ""done"": 0.08, ""list_files"": 0.12, ""process_list"": 0.0, ""search_content"": 0.0, ""tail_log"": 0.0, ""find_files"": 0.27, ""read_file"": 0.37, ""cannot_proceed"": 0.08}",0.09,0.84,59,1902,300.1,jev-1.13.0
find recently modified go files and show the most recent one,truncated,1,2,read_file,done,0,0.59,"{""process_list"": 0.0, ""disk_usage"": 0.0, ""tail_log"": 0.0, ""list_files"": 0.04, ""done"": 0.06, ""git_status"": 0.02, ""search_content"": 0.0, ""find_files"": 0.19, ""read_file"": 0.62, ""cannot_proceed"": 0.06, ""port_listeners"": 0.0, ""git_log"": 0.01, ""kill_process"": 0.0}",0.11,0.74,98,1950,211.8,jev-1.13.0
find recently modified go files and show the most recent one,truncated,1,3,read_file,done,0,0.41,"{""kill_process"": 0.0, ""disk_usage"": 0.0, ""list_files"": 0.02, ""tail_log"": 0.0, ""read_file"": 0.46, ""git_status"": 0.02, ""search_content"": 0.0, ""find_files"": 0.36, ""done"": 0.06, ""cannot_proceed"": 0.07, ""port_listeners"": 0.0, ""git_log"": 0.01, ""process_list"": 0.0}",0.09,0.76,138,1998,249.4,jev-1.13.0
find recently modified go files and show the most recent one,truncated,1,4,read_file,done,0,0.38,"{""find_files"": 0.32, ""git_status"": 0.02, ""process_list"": 0.0, ""git_log"": 0.01, ""read_file"": 0.44, ""done"": 0.05, ""cannot_proceed"": 0.12, ""list_files"": 0.04, ""disk_usage"": 0.0, ""search_content"": 0.0, ""kill_process"": 0.0, ""port_listeners"": 0.0, ""tail_log"": 0.0}",0.07,0.66,177,2046,243.1,jev-1.13.0
find recently modified go files and show the most recent one,truncated,1,5,find_files,done,0,0.52,"{""read_file"": 0.1, ""disk_usage"": 0.0, ""search_content"": 0.0, ""process_list"": 0.0, ""port_listeners"": 0.0, ""list_files"": 0.05, ""find_files"": 0.56, ""git_log"": 0.01, ""done"": 0.07, ""tail_log"": 0.0, ""git_status"": 0.05, ""kill_process"": 0.0, ""cannot_proceed"": 0.15}",0.05,0.72,216,2094,234.1,jev-1.13.0
read whichever readme is in the skills project,truncated,1,0,find_files,list_files,0,0.69,"{""git_log"": 0.0, ""find_files"": 0.72, ""done"": 0.0, ""process_list"": 0.0, ""list_files"": 0.26, ""kill_process"": 0.0, ""read_file"": 0.02, ""git_status"": 0.0, ""cannot_proceed"": 0.0, ""disk_usage"": 0.0, ""search_content"": 0.0, ""tail_log"": 0.0, ""port_listeners"": 0.0}",0.04,0.9,18,1844,248.8,jev-1.13.0
read whichever readme is in the skills project,truncated,1,1,find_files,read_file,0,0.39,"{""kill_process"": 0.0, ""process_list"": 0.0, ""git_log"": 0.0, ""tail_log"": 0.0, ""read_file"": 0.1, ""cannot_proceed"": 0.0, ""port_listeners"": 0.0, ""done"": 0.0, ""disk_usage"": 0.0, ""git_status"": 0.0, ""find_files"": 0.44, ""search_content"": 0.02, ""list_files"": 0.44}",0.05,0.92,49,1888,266.1,jev-1.13.0
read whichever readme is in the skills project,truncated,1,2,find_files,done,0,0.49,"{""tail_log"": 0.0, ""done"": 0.0, ""read_file"": 0.12, ""git_log"": 0.0, ""port_listeners"": 0.0, ""process_list"": 0.0, ""list_files"": 0.32, ""cannot_proceed"": 0.0, ""kill_process"": 0.0, ""git_status"": 0.0, ""disk_usage"": 0.0, ""find_files"": 0.54, ""search_content"": 0.02}",0.05,0.91,80,1933,275.0,jev-1.13.0
read whichever readme is in the skills project,truncated,1,3,find_files,done,0,0.42,"{""read_file"": 0.13, ""find_files"": 0.46, ""cannot_proceed"": 0.01, ""process_list"": 0.0, ""search_content"": 0.04, ""tail_log"": 0.0, ""git_log"": 0.0, ""git_status"": 0.0, ""disk_usage"": 0.0, ""list_files"": 0.34, ""port_listeners"": 0.0, ""kill_process"": 0.0, ""done"": 0.01}",0.04,0.92,111,1978,269.0,jev-1.13.0
read whichever readme is in the skills project,truncated,1,4,find_files,done,0,0.33,"{""kill_process"": 0.0, ""cannot_proceed"": 0.01, ""git_log"": 0.0, ""tail_log"": 0.0, ""read_file"": 0.2, ""search_content"": 0.03, ""port_listeners"": 0.0, ""process_list"": 0.0, ""disk_usage"": 0.0, ""git_status"": 0.0, ""find_files"": 0.38, ""done"": 0.01, ""list_files"": 0.37}",0.03,0.91,143,2023,227.2,jev-1.13.0
read whichever readme is in the skills project,truncated,1,5,list_files,done,0,0.34,"{""tail_log"": 0.0, ""disk_usage"": 0.0, ""cannot_proceed"": 0.01, ""find_files"": 0.37, ""git_status"": 0.0, ""port_listeners"": 0.0, ""done"": 0.01, ""search_content"": 0.04, ""list_files"": 0.4, ""read_file"": 0.17, ""kill_process"": 0.0, ""process_list"": 0.0, ""git_log"": 0.0}",0.03,0.92,174,2068,290.1,jev-1.13.0
tail whichever npm log has the most content in it,truncated,1,0,find_files,find_files,1,0.64,"{""port_listeners"": 0.0, ""find_files"": 0.67, ""done"": 0.0, ""read_file"": 0.0, ""list_files"": 0.23, ""process_list"": 0.0, ""kill_process"": 0.0, ""git_status"": 0.0, ""cannot_proceed"": 0.04, ""disk_usage"": 0.04, ""search_content"": 0.0, ""tail_log"": 0.02, ""git_log"": 0.0}",0.03,0.82,19,1845,271.6,jev-1.13.0
tail whichever npm log has the most content in it,truncated,1,1,tail_log,tail_log,1,0.99,"{""git_status"": 0.0, ""cannot_proceed"": 0.0, ""done"": 0.0, ""git_log"": 0.0, ""kill_process"": 0.0, ""read_file"": 0.0, ""list_files"": 0.0, ""process_list"": 0.0, ""search_content"": 0.0, ""tail_log"": 1.0, ""find_files"": 0.0, ""port_listeners"": 0.0, ""disk_usage"": 0.0}",0.11,0.94,87,2040,302.9,jev-1.13.0
tail whichever npm log has the most content in it,truncated,1,2,tail_log,done,0,0.59,"{""read_file"": 0.0, ""process_list"": 0.0, ""done"": 0.37, ""cannot_proceed"": 0.0, ""disk_usage"": 0.0, ""tail_log"": 0.63, ""kill_process"": 0.0, ""search_content"": 0.0, ""git_log"": 0.0, ""find_files"": 0.0, ""git_status"": 0.0, ""list_files"": 0.0, ""port_listeners"": 0.0}",0.58,0.95,129,2107,282.6,jev-1.13.0
tail whichever npm log has the most content in it,truncated,1,3,tail_log,done,0,0.75,"{""port_listeners"": 0.0, ""search_content"": 0.0, ""git_status"": 0.0, ""list_files"": 0.0, ""find_files"": 0.0, ""kill_process"": 0.0, ""disk_usage"": 0.0, ""process_list"": 0.0, ""cannot_proceed"": 0.01, ""done"": 0.21000000000000002, ""git_log"": 0.0, ""read_file"": 0.0, ""tail_log"": 0.78}",0.37,0.93,172,2174,235.2,jev-1.13.0
tail whichever npm log has the most content in it,truncated,1,4,tail_log,done,0,0.9,"{""cannot_proceed"": 0.03, ""list_files"": 0.0, ""git_log"": 0.0, ""find_files"": 0.0, ""tail_log"": 0.9, ""port_listeners"": 0.0, ""search_content"": 0.0, ""read_file"": 0.01, ""kill_process"": 0.0, ""disk_usage"": 0.0, ""process_list"": 0.0, ""done"": 0.06, ""git_status"": 0.0}",0.12,0.94,215,2241,255.9,jev-1.13.0
tail whichever npm log has the most content in it,truncated,1,5,tail_log,done,0,0.85,"{""git_status"": 0.0, ""process_list"": 0.0, ""read_file"": 0.01, ""port_listeners"": 0.0, ""tail_log"": 0.87, ""done"": 0.08, ""find_files"": 0.0, ""disk_usage"": 0.0, ""kill_process"": 0.0, ""list_files"": 0.0, ""cannot_proceed"": 0.04, ""git_log"": 0.0, ""search_content"": 0.0}",0.15,0.92,258,2308,257.6,jev-1.13.0
show the most recently changed file in the skills repo,truncated,1,0,find_files,find_files,1,0.62,"{""git_status"": 0.12, ""disk_usage"": 0.0, ""find_files"": 0.65, ""done"": 0.0, ""kill_process"": 0.0, ""list_files"": 0.06, ""read_file"": 0.0, ""port_listeners"": 0.0, ""search_content"": 0.0, ""tail_log"": 0.0, ""cannot_proceed"": 0.01, ""git_log"": 0.16, ""process_list"": 0.0}",0.02,0.88,20,1845,281.8,jev-1.13.0
show the most recently changed file in the skills repo,truncated,1,1,find_files,read_file,0,0.26,"{""port_listeners"": 0.0, ""list_files"": 0.11, ""disk_usage"": 0.0, ""process_list"": 0.0, ""tail_log"": 0.0, ""find_files"": 0.32, ""git_log"": 0.11, ""cannot_proceed"": 0.02, ""read_file"": 0.04, ""done"": 0.26, ""kill_process"": 0.0, ""search_content"": 0.0, ""git_status"": 0.14}",0.17,0.87,36,1873,244.0,jev-1.13.0
show the most recently changed file in the skills repo,truncated,1,2,find_files,done,0,0.43,"{""port_listeners"": 0.0, ""search_content"": 0.0, ""process_list"": 0.0, ""done"": 0.11, ""list_files"": 0.09, ""read_file"": 0.04, ""git_log"": 0.13, ""cannot_proceed"": 0.02, ""disk_usage"": 0.0, ""tail_log"": 0.0, ""kill_process"": 0.0, ""find_files"": 0.47, ""git_status"": 0.14}",0.09,0.87,53,1902,292.2,jev-1.13.0
show the most recently changed file in the skills repo,truncated,1,3,find_files,done,0,0.47,"{""port_listeners"": 0.0, ""search_content"": 0.0, ""process_list"": 0.0, ""done"": 0.06, ""list_files"": 0.07, ""cannot_proceed"": 0.03, ""git_log"": 0.12, ""read_file"": 0.04, ""kill_process"": 0.0, ""tail_log"": 0.0, ""disk_usage"": 0.0, ""git_status"": 0.16, ""find_files"": 0.52}",0.07,0.9,70,1931,363.3,jev-1.13.0
show the most recently changed file in the skills repo,truncated,1,4,find_files,done,0,0.48,"{""git_status"": 0.12, ""disk_usage"": 0.0, ""find_files"": 0.52, ""done"": 0.1, ""kill_process"": 0.0, ""list_files"": 0.08, ""read_file"": 0.05, ""port_listeners"": 0.0, ""search_content"": 0.0, ""tail_log"": 0.0, ""process_list"": 0.0, ""git_log"": 0.11, ""cannot_proceed"": 0.02}",0.1,0.89,87,1960,339.1,jev-1.13.0
show the most recently changed file in the skills repo,truncated,1,5,find_files,done,0,0.44,"{""git_status"": 0.17, ""disk_usage"": 0.0, ""find_files"": 0.48, ""done"": 0.07, ""kill_process"": 0.0, ""list_files"": 0.05, ""read_file"": 0.05, ""port_listeners"": 0.0, ""search_content"": 0.0, ""tail_log"": 0.0, ""process_list"": 0.0, ""git_log"": 0.14, ""cannot_proceed"": 0.04}",0.06,0.89,103,1989,326.2,jev-1.13.0
tail whichever npm log is newest,truncated,1,0,find_files,find_files,1,0.95,"{""port_listeners"": 0.0, ""search_content"": 0.0, ""read_file"": 0.0, ""done"": 0.0, ""list_files"": 0.02, ""cannot_proceed"": 0.01, ""git_log"": 0.0, ""process_list"": 0.0, ""kill_process"": 0.0, ""tail_log"": 0.01, ""disk_usage"": 0.0, ""find_files"": 0.96, ""git_status"": 0.0}",0.04,0.88,15,1841,251.4,jev-1.13.0
tail whichever npm log is newest,truncated,1,1,tail_log,tail_log,1,0.98,"{""port_listeners"": 0.0, ""search_content"": 0.0, ""cannot_proceed"": 0.0, ""done"": 0.0, ""list_files"": 0.0, ""process_list"": 0.0, ""git_log"": 0.0, ""read_file"": 0.0, ""kill_process"": 0.0, ""tail_log"": 0.99, ""disk_usage"": 0.0, ""find_files"": 0.01, ""git_status"": 0.0}",0.08,0.95,74,2008,247.0,jev-1.13.0
tail whichever npm log is newest,truncated,1,2,done,done,1,0.77,"{""read_file"": 0.0, ""done"": 0.79, ""search_content"": 0.0, ""process_list"": 0.0, ""port_listeners"": 0.0, ""disk_usage"": 0.0, ""kill_process"": 0.0, ""git_log"": 0.0, ""list_files"": 0.0, ""tail_log"": 0.18, ""cannot_proceed"": 0.01, ""git_status"": 0.0, ""find_files"": 0.02}",0.73,0.95,139,2097,229.0,jev-1.13.0
deploy the app to production,truncated,1,0,cannot_proceed,cannot_proceed,1,0.92,"{""git_status"": 0.04, ""read_file"": 0.0, ""cannot_proceed"": 0.93, ""git_log"": 0.01, ""kill_process"": 0.0, ""done"": 0.0, ""list_files"": 0.01, ""process_list"": 0.0, ""search_content"": 0.0, ""tail_log"": 0.0, ""find_files"": 0.01, ""port_listeners"": 0.0, ""disk_usage"": 0.0}",0.05,0.04,14,1840,245.0,jev-1.13.0
send a message to the team on slack,truncated,1,0,cannot_proceed,cannot_proceed,1,1.0,"{""disk_usage"": 0.0, ""kill_process"": 0.0, ""cannot_proceed"": 1.0, ""search_content"": 0.0, ""git_status"": 0.0, ""find_files"": 0.0, ""port_listeners"": 0.0, ""git_log"": 0.0, ""process_list"": 0.0, ""done"": 0.0, ""list_files"": 0.0, ""tail_log"": 0.0, ""read_file"": 0.0}",0.04,0.03,15,1843,323.7,jev-1.13.0
rename this file to something else,truncated,1,0,cannot_proceed,cannot_proceed,1,0.94,"{""disk_usage"": 0.0, ""tail_log"": 0.0, ""search_content"": 0.0, ""find_files"": 0.04, ""git_status"": 0.0, ""cannot_proceed"": 0.95, ""done"": 0.0, ""port_listeners"": 0.0, ""kill_process"": 0.0, ""read_file"": 0.0, ""list_files"": 0.01, ""process_list"": 0.0, ""git_log"": 0.0}",0.04,0.05,15,1841,279.0,jev-1.13.0
install the missing npm dependency,truncated,1,0,cannot_proceed,cannot_proceed,1,0.68,"{""process_list"": 0.0, ""disk_usage"": 0.0, ""list_files"": 0.12, ""tail_log"": 0.01, ""done"": 0.0, ""git_status"": 0.0, ""search_content"": 0.04, ""find_files"": 0.03, ""read_file"": 0.09, ""git_log"": 0.0, ""port_listeners"": 0.0, ""cannot_proceed"": 0.71, ""kill_process"": 0.0}",0.04,0.05,15,1840,233.2,jev-1.13.0
what's the most recent commit in driftmark,truncated,1,0,git_log,git_log,1,0.98,"{""cannot_proceed"": 0.0, ""list_files"": 0.01, ""git_status"": 0.0, ""git_log"": 0.98, ""kill_process"": 0.0, ""disk_usage"": 0.0, ""port_listeners"": 0.0, ""tail_log"": 0.0, ""read_file"": 0.0, ""search_content"": 0.0, ""process_list"": 0.0, ""find_files"": 0.01, ""done"": 0.0}",0.02,0.87,17,1845,281.1,jev-1.13.0
what's the most recent commit in driftmark,truncated,1,1,done,done,1,0.99,"{""kill_process"": 0.0, ""search_content"": 0.0, ""git_log"": 0.01, ""tail_log"": 0.0, ""read_file"": 0.0, ""find_files"": 0.0, ""port_listeners"": 0.0, ""cannot_proceed"": 0.0, ""disk_usage"": 0.0, ""git_status"": 0.0, ""process_list"": 0.0, ""done"": 0.99, ""list_files"": 0.0}",0.89,0.95,46,1901,284.2,jev-1.13.0
what does the go module for glow require,truncated,1,0,read_file,read_file,1,0.97,"{""kill_process"": 0.0, ""read_file"": 0.97, ""cannot_proceed"": 0.0, ""port_listeners"": 0.0, ""done"": 0.0, ""find_files"": 0.01, ""search_content"": 0.01, ""list_files"": 0.01, ""process_list"": 0.0, ""tail_log"": 0.0, ""git_log"": 0.0, ""git_status"": 0.0, ""disk_usage"": 0.0}",0.03,0.6,17,1843,229.4,jev-1.13.0
what does the go module for glow require,truncated,1,1,read_file,done,0,0.92,"{""tail_log"": 0.0, ""git_log"": 0.0, ""cannot_proceed"": 0.0, ""done"": 0.06, ""read_file"": 0.9400000000000001, ""kill_process"": 0.0, ""list_files"": 0.0, ""process_list"": 0.0, ""port_listeners"": 0.0, ""git_status"": 0.0, ""find_files"": 0.0, ""search_content"": 0.0, ""disk_usage"": 0.0}",0.09,0.83,42,1887,252.7,jev-1.13.0
what does the go module for glow require,truncated,1,2,read_file,done,0,0.96,"{""search_content"": 0.0, ""git_status"": 0.0, ""list_files"": 0.0, ""kill_process"": 0.0, ""process_list"": 0.0, ""port_listeners"": 0.0, ""git_log"": 0.0, ""read_file"": 0.97, ""done"": 0.03, ""disk_usage"": 0.0, ""tail_log"": 0.0, ""find_files"": 0.0, ""cannot_proceed"": 0.0}",0.06,0.83,69,1932,255.8,jev-1.13.0
what does the go module for glow require,truncated,1,3,read_file,done,0,0.96,"{""git_log"": 0.0, ""tail_log"": 0.0, ""disk_usage"": 0.0, ""git_status"": 0.0, ""process_list"": 0.0, ""port_listeners"": 0.0, ""list_files"": 0.0, ""kill_process"": 0.0, ""cannot_proceed"": 0.01, ""search_content"": 0.0, ""read_file"": 0.96, ""find_files"": 0.0, ""done"": 0.03}",0.05,0.79,95,1977,293.9,jev-1.13.0
what does the go module for glow require,truncated,1,4,read_file,done,0,0.95,"{""tail_log"": 0.0, ""list_files"": 0.0, ""port_listeners"": 0.0, ""read_file"": 0.96, ""git_log"": 0.0, ""find_files"": 0.0, ""search_content"": 0.0, ""kill_process"": 0.0, ""done"": 0.03, ""process_list"": 0.0, ""cannot_proceed"": 0.01, ""git_status"": 0.0, ""disk_usage"": 0.0}",0.05,0.83,121,2022,240.6,jev-1.13.0
what does the go module for glow require,truncated,1,5,read_file,done,0,0.94,"{""tail_log"": 0.0, ""disk_usage"": 0.0, ""port_listeners"": 0.0, ""find_files"": 0.0, ""git_status"": 0.0, ""search_content"": 0.0, ""done"": 0.03, ""cannot_proceed"": 0.01, ""kill_process"": 0.0, ""read_file"": 0.96, ""list_files"": 0.0, ""process_list"": 0.0, ""git_log"": 0.0}",0.05,0.81,147,2067,218.5,jev-1.13.0
are there uncommitted changes in the hermes project,truncated,1,0,git_status,git_status,1,0.9,"{""git_status"": 0.91, ""disk_usage"": 0.0, ""find_files"": 0.0, ""done"": 0.09, ""kill_process"": 0.0, ""list_files"": 0.0, ""read_file"": 0.0, ""port_listeners"": 0.0, ""search_content"": 0.0, ""tail_log"": 0.0, ""process_list"": 0.0, ""git_log"": 0.0, ""cannot_proceed"": 0.0}",0.48,0.95,19,1846,237.1,jev-1.13.0
are there uncommitted changes in the hermes project,truncated,1,1,done,done,1,0.87,"{""kill_process"": 0.0, ""disk_usage"": 0.0, ""tail_log"": 0.0, ""list_files"": 0.01, ""read_file"": 0.01, ""git_status"": 0.1, ""search_content"": 0.0, ""find_files"": 0.0, ""done"": 0.88, ""git_log"": 0.0, ""port_listeners"": 0.0, ""cannot_proceed"": 0.0, ""process_list"": 0.0}",0.89,0.96,37,1876,287.9,jev-1.13.0
which skill docs were modified,truncated,1,0,git_status,git_status,1,0.9,"{""process_list"": 0.0, ""done"": 0.01, ""disk_usage"": 0.0, ""cannot_proceed"": 0.01, ""list_files"": 0.0, ""port_listeners"": 0.0, ""search_content"": 0.0, ""tail_log"": 0.0, ""kill_process"": 0.0, ""git_status"": 0.91, ""find_files"": 0.06, ""git_log"": 0.01, ""read_file"": 0.0}",0.05,0.7,14,1840,240.0,jev-1.13.0
which skill docs were modified,truncated,1,1,done,done,1,0.94,"{""kill_process"": 0.0, ""tail_log"": 0.0, ""cannot_proceed"": 0.0, ""git_log"": 0.01, ""search_content"": 0.0, ""read_file"": 0.04, ""port_listeners"": 0.0, ""process_list"": 0.0, ""list_files"": 0.0, ""git_status"": 0.0, ""disk_usage"": 0.0, ""done"": 0.95, ""find_files"": 0.0}",0.85,0.9,32,1870,283.5,jev-1.13.0
kill whatever's on port 3000,truncated,2,0,port_listeners,port_listeners,1,0.99,"{""read_file"": 0.0, ""git_status"": 0.0, ""kill_process"": 0.0, ""process_list"": 0.0, ""git_log"": 0.0, ""cannot_proceed"": 0.01, ""disk_usage"": 0.0, ""list_files"": 0.0, ""find_files"": 0.0, ""search_content"": 0.0, ""port_listeners"": 0.99, ""tail_log"": 0.0, ""done"": 0.0}",0.07,0.92,14,1845,261.3,jev-1.13.0
kill whatever's on port 3000,truncated,2,1,kill_process,kill_process,1,1.0,"{""git_status"": 0.0, ""process_list"": 0.0, ""read_file"": 0.0, ""port_listeners"": 0.0, ""tail_log"": 0.0, ""done"": 0.0, ""find_files"": 0.0, ""disk_usage"": 0.0, ""kill_process"": 1.0, ""list_files"": 0.0, ""cannot_proceed"": 0.0, ""search_content"": 0.0, ""git_log"": 0.0}",0.03,0.97,59,1933,263.7,jev-1.13.0
kill whatever's on port 3000,truncated,2,2,kill_process,done,0,0.44,"{""tail_log"": 0.0, ""done"": 0.21, ""read_file"": 0.0, ""process_list"": 0.01, ""port_listeners"": 0.25, ""list_files"": 0.0, ""git_log"": 0.0, ""cannot_proceed"": 0.04, ""kill_process"": 0.49, ""find_files"": 0.0, ""disk_usage"": 0.0, ""git_status"": 0.0, ""search_content"": 0.0}",0.37,0.93,75,1960,254.1,jev-1.13.0
kill whatever's on port 3000,truncated,2,3,kill_process,done,0,0.56,"{""list_files"": 0.0, ""search_content"": 0.0, ""cannot_proceed"": 0.05, ""disk_usage"": 0.0, ""git_log"": 0.0, ""kill_process"": 0.6, ""find_files"": 0.0, ""git_status"": 0.0, ""port_listeners"": 0.3, ""done"": 0.04, ""read_file"": 0.0, ""process_list"": 0.01, ""tail_log"": 0.0}",0.23,0.87,91,1987,268.3,jev-1.13.0
kill whatever's on port 3000,truncated,2,4,kill_process,done,0,0.51,"{""git_status"": 0.0, ""search_content"": 0.0, ""port_listeners"": 0.36, ""list_files"": 0.0, ""find_files"": 0.0, ""kill_process"": 0.56, ""disk_usage"": 0.0, ""process_list"": 0.01, ""cannot_proceed"": 0.04, ""git_log"": 0.0, ""done"": 0.03, ""read_file"": 0.0, ""tail_log"": 0.0}",0.22,0.86,107,2014,273.7,jev-1.13.0
kill whatever's on port 3000,truncated,2,5,kill_process,done,0,0.49,"{""tail_log"": 0.0, ""disk_usage"": 0.0, ""find_files"": 0.0, ""kill_process"": 0.53, ""port_listeners"": 0.4, ""done"": 0.02, ""cannot_proceed"": 0.04, ""search_content"": 0.0, ""read_file"": 0.0, ""process_list"": 0.01, ""list_files"": 0.0, ""git_status"": 0.0, ""git_log"": 0.0}",0.19,0.85,122,2041,245.0,jev-1.13.0
kill the process eating the most CPU,truncated,2,0,process_list,process_list,1,1.0,"{""git_status"": 0.0, ""process_list"": 1.0, ""read_file"": 0.0, ""port_listeners"": 0.0, ""tail_log"": 0.0, ""git_log"": 0.0, ""find_files"": 0.0, ""disk_usage"": 0.0, ""search_content"": 0.0, ""kill_process"": 0.0, ""cannot_proceed"": 0.0, ""list_files"": 0.0, ""done"": 0.0}",0.03,0.93,16,1842,265.0,jev-1.13.0
kill the process eating the most CPU,truncated,2,1,kill_process,kill_process,1,1.0,"{""git_log"": 0.0, ""disk_usage"": 0.0, ""find_files"": 0.0, ""read_file"": 0.0, ""port_listeners"": 0.0, ""done"": 0.0, ""cannot_proceed"": 0.0, ""tail_log"": 0.0, ""kill_process"": 1.0, ""process_list"": 0.0, ""list_files"": 0.0, ""git_status"": 0.0, ""search_content"": 0.0}",0.04,0.96,55,1919,259.6,jev-1.13.0
kill the process eating the most CPU,truncated,2,2,kill_process,done,0,0.6,"{""git_status"": 0.0, ""disk_usage"": 0.0, ""find_files"": 0.0, ""done"": 0.28, ""kill_process"": 0.64, ""list_files"": 0.0, ""read_file"": 0.0, ""port_listeners"": 0.0, ""search_content"": 0.0, ""tail_log"": 0.0, ""cannot_proceed"": 0.05, ""git_log"": 0.0, ""process_list"": 0.03}",0.28,0.88,70,1946,413.8,jev-1.13.0
kill the process eating the most CPU,truncated,2,3,kill_process,done,0,0.7,"{""port_listeners"": 0.0, ""list_files"": 0.0, ""git_status"": 0.0, ""search_content"": 0.0, ""tail_log"": 0.0, ""disk_usage"": 0.0, ""git_log"": 0.0, ""kill_process"": 0.73, ""read_file"": 0.0, ""cannot_proceed"": 0.04, ""process_list"": 0.17, ""find_files"": 0.0, ""done"": 0.06}",0.22,0.89,86,1973,274.5,jev-1.13.0
kill the process eating the most CPU,truncated,2,4,kill_process,done,0,0.58,"{""tail_log"": 0.0, ""disk_usage"": 0.0, ""cannot_proceed"": 0.04, ""find_files"": 0.0, ""git_status"": 0.0, ""port_listeners"": 0.0, ""done"": 0.04, ""search_content"": 0.0, ""list_files"": 0.0, ""read_file"": 0.0, ""kill_process"": 0.61, ""process_list"": 0.31, ""git_log"": 0.0}",0.19,0.88,102,2000,361.2,jev-1.13.0
kill the process eating the most CPU,truncated,2,5,kill_process,done,0,0.58,"{""search_content"": 0.0, ""kill_process"": 0.62, ""done"": 0.03, ""port_listeners"": 0.0, ""git_status"": 0.0, ""read_file"": 0.0, ""process_list"": 0.31, ""git_log"": 0.0, ""find_files"": 0.0, ""tail_log"": 0.0, ""cannot_proceed"": 0.04, ""disk_usage"": 0.0, ""list_files"": 0.0}",0.18,0.88,118,2027,206.0,jev-1.13.0
tail the log that changed most recently,truncated,2,0,find_files,find_files,1,0.96,"{""cannot_proceed"": 0.0, ""done"": 0.0, ""disk_usage"": 0.0, ""port_listeners"": 0.0, ""list_files"": 0.03, ""process_list"": 0.0, ""git_status"": 0.0, ""tail_log"": 0.01, ""kill_process"": 0.0, ""search_content"": 0.0, ""find_files"": 0.96, ""git_log"": 0.0, ""read_file"": 0.0}",0.04,0.92,16,1842,323.6,jev-1.13.0
tail the log that changed most recently,truncated,2,1,tail_log,tail_log,1,1.0,"{""port_listeners"": 0.0, ""read_file"": 0.0, ""cannot_proceed"": 0.0, ""done"": 0.0, ""git_log"": 0.0, ""disk_usage"": 0.0, ""process_list"": 0.0, ""git_status"": 0.0, ""tail_log"": 1.0, ""search_content"": 0.0, ""kill_process"": 0.0, ""find_files"": 0.0, ""list_files"": 0.0}",0.07,0.96,59,1939,223.7,jev-1.13.0
tail the log that changed most recently,truncated,2,2,done,done,1,0.98,"{""kill_process"": 0.0, ""process_list"": 0.0, ""git_log"": 0.0, ""tail_log"": 0.01, ""read_file"": 0.0, ""search_content"": 0.0, ""port_listeners"": 0.0, ""find_files"": 0.0, ""disk_usage"": 0.0, ""git_status"": 0.0, ""done"": 0.99, ""cannot_proceed"": 0.0, ""list_files"": 0.0}",0.94,0.97,90,1994,293.4,jev-1.13.0
what's using the most disk space here,truncated,2,0,disk_usage,disk_usage,1,1.0,"{""process_list"": 0.0, ""done"": 0.0, ""disk_usage"": 1.0, ""cannot_proceed"": 0.0, ""list_files"": 0.0, ""port_listeners"": 0.0, ""git_status"": 0.0, ""tail_log"": 0.0, ""kill_process"": 0.0, ""search_content"": 0.0, ""find_files"": 0.0, ""git_log"": 0.0, ""read_file"": 0.0}",0.03,0.94,16,1843,258.1,jev-1.13.0
what's using the most disk space here,truncated,2,1,done,done,1,0.76,"{""disk_usage"": 0.07, ""read_file"": 0.0, ""cannot_proceed"": 0.0, ""done"": 0.78, ""git_log"": 0.0, ""port_listeners"": 0.0, ""process_list"": 0.0, ""git_status"": 0.0, ""tail_log"": 0.0, ""search_content"": 0.0, ""kill_process"": 0.0, ""find_files"": 0.03, ""list_files"": 0.12}",0.87,0.94,40,1891,275.7,jev-1.13.0
restart the database,truncated,2,0,cannot_proceed,cannot_proceed,1,0.97,"{""read_file"": 0.0, ""process_list"": 0.02, ""git_status"": 0.0, ""cannot_proceed"": 0.98, ""find_files"": 0.0, ""tail_log"": 0.0, ""kill_process"": 0.0, ""disk_usage"": 0.0, ""git_log"": 0.0, ""search_content"": 0.0, ""done"": 0.0, ""list_files"": 0.0, ""port_listeners"": 0.0}",0.06,0.2,12,1838,221.1,jev-1.13.0
which files have uncommitted changes,truncated,2,0,git_status,git_status,1,0.56,"{""kill_process"": 0.0, ""read_file"": 0.0, ""cannot_proceed"": 0.0, ""port_listeners"": 0.0, ""tail_log"": 0.0, ""find_files"": 0.0, ""search_content"": 0.0, ""process_list"": 0.0, ""done"": 0.4, ""list_files"": 0.0, ""git_log"": 0.0, ""git_status"": 0.6, ""disk_usage"": 0.0}",0.59,0.95,16,1842,293.0,jev-1.13.0
which files have uncommitted changes,truncated,2,1,done,done,1,0.98,"{""git_status"": 0.01, ""process_list"": 0.0, ""read_file"": 0.01, ""port_listeners"": 0.0, ""tail_log"": 0.0, ""git_log"": 0.0, ""find_files"": 0.0, ""disk_usage"": 0.0, ""list_files"": 0.0, ""kill_process"": 0.0, ""cannot_proceed"": 0.0, ""search_content"": 0.0, ""done"": 0.98}",0.94,0.96,44,1884,209.3,jev-1.13.0
show me the commit history for this repo,truncated,2,0,git_log,git_log,1,1.0,"{""read_file"": 0.0, ""find_files"": 0.0, ""git_log"": 1.0, ""git_status"": 0.0, ""kill_process"": 0.0, ""list_files"": 0.0, ""port_listeners"": 0.0, ""done"": 0.0, ""disk_usage"": 0.0, ""tail_log"": 0.0, ""cannot_proceed"": 0.0, ""search_content"": 0.0, ""process_list"": 0.0}",0.03,0.94,17,1843,316.4,jev-1.13.0
show me the commit history for this repo,truncated,2,1,done,done,1,0.99,"{""tail_log"": 0.0, ""disk_usage"": 0.0, ""list_files"": 0.0, ""git_log"": 0.01, ""read_file"": 0.0, ""done"": 0.99, ""search_content"": 0.0, ""kill_process"": 0.0, ""find_files"": 0.0, ""process_list"": 0.0, ""cannot_proceed"": 0.0, ""git_status"": 0.0, ""port_listeners"": 0.0}",0.95,0.98,64,1922,256.8,jev-1.13.0
what files are in the internal directory of the glow project,truncated,2,0,list_files,list_files,1,0.95,"{""cannot_proceed"": 0.01, ""git_log"": 0.0, ""done"": 0.0, ""tail_log"": 0.0, ""read_file"": 0.0, ""port_listeners"": 0.0, ""disk_usage"": 0.0, ""process_list"": 0.0, ""list_files"": 0.95, ""git_status"": 0.0, ""find_files"": 0.04, ""kill_process"": 0.0, ""search_content"": 0.0}",0.03,0.91,22,1846,302.1,jev-1.13.0
what files are in the internal directory of the glow project,truncated,2,1,done,done,1,0.9,"{""kill_process"": 0.0, ""tail_log"": 0.0, ""cannot_proceed"": 0.0, ""git_log"": 0.0, ""search_content"": 0.0, ""read_file"": 0.01, ""port_listeners"": 0.0, ""list_files"": 0.08, ""process_list"": 0.0, ""disk_usage"": 0.0, ""git_status"": 0.0, ""done"": 0.91, ""find_files"": 0.0}",0.78,0.95,41,1882,241.5,jev-1.13.0
show me the contents of the go module file,truncated,2,0,read_file,read_file,1,0.98,"{""read_file"": 0.98, ""git_status"": 0.0, ""git_log"": 0.0, ""process_list"": 0.0, ""disk_usage"": 0.0, ""cannot_proceed"": 0.0, ""search_content"": 0.0, ""list_files"": 0.01, ""kill_process"": 0.0, ""find_files"": 0.01, ""port_listeners"": 0.0, ""tail_log"": 0.0, ""done"": 0.0}",0.03,0.91,17,1844,247.2,jev-1.13.0
show me the contents of the go module file,truncated,2,1,read_file,done,0,0.69,"{""git_status"": 0.0, ""process_list"": 0.0, ""read_file"": 0.72, ""port_listeners"": 0.0, ""tail_log"": 0.0, ""git_log"": 0.0, ""find_files"": 0.0, ""disk_usage"": 0.0, ""search_content"": 0.0, ""kill_process"": 0.0, ""cannot_proceed"": 0.0, ""list_files"": 0.0, ""done"": 0.28}",0.12,0.93,43,1888,233.6,jev-1.13.0
show me the contents of the go module file,truncated,2,2,read_file,done,0,0.63,"{""disk_usage"": 0.0, ""port_listeners"": 0.0, ""cannot_proceed"": 0.0, ""done"": 0.33, ""git_log"": 0.0, ""read_file"": 0.67, ""process_list"": 0.0, ""git_status"": 0.0, ""tail_log"": 0.0, ""search_content"": 0.0, ""kill_process"": 0.0, ""find_files"": 0.0, ""list_files"": 0.0}",0.14,0.93,69,1933,286.9,jev-1.13.0
show me the contents of the go module file,truncated,2,3,read_file,done,0,0.66,"{""disk_usage"": 0.0, ""kill_process"": 0.0, ""search_content"": 0.0, ""cannot_proceed"": 0.0, ""git_status"": 0.0, ""find_files"": 0.0, ""port_listeners"": 0.0, ""tail_log"": 0.0, ""process_list"": 0.0, ""done"": 0.3, ""list_files"": 0.0, ""git_log"": 0.0, ""read_file"": 0.7}",0.14,0.94,95,1978,333.7,jev-1.13.0
show me the contents of the go module file,truncated,2,4,read_file,done,0,0.61,"{""disk_usage"": 0.0, ""read_file"": 0.65, ""cannot_proceed"": 0.0, ""done"": 0.35, ""git_log"": 0.0, ""port_listeners"": 0.0, ""process_list"": 0.0, ""git_status"": 0.0, ""tail_log"": 0.0, ""search_content"": 0.0, ""kill_process"": 0.0, ""find_files"": 0.0, ""list_files"": 0.0}",0.15,0.94,122,2023,268.6,jev-1.13.0
show me the contents of the go module file,truncated,2,5,read_file,done,0,0.73,"{""disk_usage"": 0.0, ""tail_log"": 0.0, ""cannot_proceed"": 0.0, ""find_files"": 0.0, ""git_status"": 0.0, ""port_listeners"": 0.0, ""done"": 0.24, ""search_content"": 0.0, ""list_files"": 0.0, ""read_file"": 0.76, ""kill_process"": 0.0, ""process_list"": 0.0, ""git_log"": 0.0}",0.13,0.94,148,2068,266.8,jev-1.13.0
is anything listening on port 9999,truncated,2,0,port_listeners,port_listeners,1,0.47,"{""git_log"": 0.0, ""list_files"": 0.0, ""find_files"": 0.0, ""kill_process"": 0.0, ""port_listeners"": 0.52, ""done"": 0.47, ""cannot_proceed"": 0.01, ""read_file"": 0.0, ""disk_usage"": 0.0, ""process_list"": 0.0, ""tail_log"": 0.0, ""git_status"": 0.0, ""search_content"": 0.0}",0.75,0.93,15,1845,230.8,jev-1.13.0
is anything listening on port 9999,truncated,2,1,done,done,1,0.59,"{""port_listeners"": 0.36, ""list_files"": 0.0, ""disk_usage"": 0.0, ""process_list"": 0.01, ""tail_log"": 0.0, ""cannot_proceed"": 0.0, ""git_log"": 0.0, ""find_files"": 0.0, ""read_file"": 0.0, ""done"": 0.63, ""kill_process"": 0.0, ""search_content"": 0.0, ""git_status"": 0.0}",0.82,0.95,31,1873,231.9,jev-1.13.0
kill whichever process is using the most memory,truncated,2,0,process_list,process_list,1,1.0,"{""disk_usage"": 0.0, ""tail_log"": 0.0, ""port_listeners"": 0.0, ""find_files"": 0.0, ""cannot_proceed"": 0.0, ""process_list"": 1.0, ""search_content"": 0.0, ""done"": 0.0, ""list_files"": 0.0, ""read_file"": 0.0, ""git_status"": 0.0, ""kill_process"": 0.0, ""git_log"": 0.0}",0.03,0.84,18,1843,241.9,jev-1.13.0
kill whichever process is using the most memory,truncated,2,1,kill_process,kill_process,1,0.99,"{""cannot_proceed"": 0.0, ""done"": 0.0, ""disk_usage"": 0.0, ""process_list"": 0.01, ""list_files"": 0.0, ""port_listeners"": 0.0, ""search_content"": 0.0, ""tail_log"": 0.0, ""kill_process"": 0.99, ""git_status"": 0.0, ""find_files"": 0.0, ""git_log"": 0.0, ""read_file"": 0.0}",0.05,0.96,92,1982,346.2,jev-1.13.0
kill whichever process is using the most memory,truncated,2,2,kill_process,done,0,0.61,"{""read_file"": 0.0, ""git_status"": 0.0, ""find_files"": 0.0, ""process_list"": 0.04, ""port_listeners"": 0.0, ""list_files"": 0.0, ""kill_process"": 0.64, ""search_content"": 0.0, ""disk_usage"": 0.0, ""tail_log"": 0.0, ""cannot_proceed"": 0.05, ""git_log"": 0.0, ""done"": 0.27}",0.3,0.92,108,2009,265.9,jev-1.13.0
kill whichever process is using the most memory,truncated,2,3,kill_process,done,0,0.73,"{""done"": 0.09, ""git_log"": 0.0, ""read_file"": 0.0, ""tail_log"": 0.0, ""cannot_proceed"": 0.03, ""port_listeners"": 0.0, ""disk_usage"": 0.0, ""process_list"": 0.12, ""kill_process"": 0.76, ""git_status"": 0.0, ""find_files"": 0.0, ""search_content"": 0.0, ""list_files"": 0.0}",0.24,0.91,124,2036,215.9,jev-1.13.0
kill whichever process is using the most memory,truncated,2,4,kill_process,done,0,0.52,"{""tail_log"": 0.0, ""list_files"": 0.0, ""read_file"": 0.0, ""process_list"": 0.28, ""git_log"": 0.0, ""port_listeners"": 0.0, ""done"": 0.13, ""kill_process"": 0.55, ""find_files"": 0.0, ""cannot_proceed"": 0.03, ""disk_usage"": 0.0, ""git_status"": 0.0, ""search_content"": 0.0}",0.24,0.9,139,2063,269.9,jev-1.13.0
kill whichever process is using the most memory,truncated,2,5,kill_process,done,0,0.63,"{""read_file"": 0.0, ""disk_usage"": 0.0, ""cannot_proceed"": 0.04, ""done"": 0.09, ""git_log"": 0.0, ""port_listeners"": 0.0, ""process_list"": 0.21, ""git_status"": 0.0, ""tail_log"": 0.0, ""list_files"": 0.0, ""kill_process"": 0.66, ""find_files"": 0.0, ""search_content"": 0.0}",0.23,0.91,155,2090,266.0,jev-1.13.0
show me the file that uses the jpeg encoder library,truncated,2,0,search_content,search_content,1,0.99,"{""git_status"": 0.0, ""process_list"": 0.0, ""read_file"": 0.0, ""port_listeners"": 0.0, ""tail_log"": 0.0, ""done"": 0.0, ""find_files"": 0.01, ""disk_usage"": 0.0, ""search_content"": 0.99, ""kill_process"": 0.0, ""cannot_proceed"": 0.0, ""git_log"": 0.0, ""list_files"": 0.0}",0.03,0.88,19,1845,234.0,jev-1.13.0
show me the file that uses the jpeg encoder library,truncated,2,1,read_file,read_file,1,0.61,"{""disk_usage"": 0.0, ""kill_process"": 0.0, ""cannot_proceed"": 0.0, ""search_content"": 0.0, ""git_status"": 0.0, ""find_files"": 0.0, ""port_listeners"": 0.0, ""tail_log"": 0.0, ""process_list"": 0.0, ""done"": 0.35, ""list_files"": 0.0, ""git_log"": 0.0, ""read_file"": 0.65}",0.75,0.91,89,1946,209.2,jev-1.13.0
show me the file that uses the jpeg encoder library,truncated,2,2,read_file,done,0,0.62,"{""kill_process"": 0.0, ""disk_usage"": 0.0, ""search_content"": 0.0, ""cannot_proceed"": 0.0, ""git_status"": 0.0, ""find_files"": 0.0, ""port_listeners"": 0.0, ""tail_log"": 0.0, ""process_list"": 0.0, ""done"": 0.34, ""list_files"": 0.0, ""git_log"": 0.0, ""read_file"": 0.66}",0.71,0.91,133,1996,286.1,jev-1.13.0
show me the file that uses the jpeg encoder library,truncated,2,3,read_file,done,0,0.53,"{""process_list"": 0.0, ""disk_usage"": 0.0, ""list_files"": 0.0, ""tail_log"": 0.0, ""done"": 0.43, ""git_status"": 0.0, ""search_content"": 0.0, ""find_files"": 0.0, ""read_file"": 0.5700000000000001, ""cannot_proceed"": 0.0, ""port_listeners"": 0.0, ""git_log"": 0.0, ""kill_process"": 0.0}",0.73,0.93,178,2046,230.6,jev-1.13.0
show me the file that uses the jpeg encoder library,truncated,2,4,read_file,done,0,0.51,"{""read_file"": 0.56, ""find_files"": 0.0, ""cannot_proceed"": 0.0, ""list_files"": 0.0, ""tail_log"": 0.0, ""git_log"": 0.0, ""search_content"": 0.0, ""git_status"": 0.0, ""disk_usage"": 0.0, ""process_list"": 0.0, ""kill_process"": 0.0, ""port_listeners"": 0.0, ""done"": 0.44}",0.68,0.93,222,2096,310.8,jev-1.13.0
show me the file that uses the jpeg encoder library,truncated,2,5,read_file,done,0,0.52,"{""cannot_proceed"": 0.0, ""list_files"": 0.0, ""find_files"": 0.0, ""git_log"": 0.0, ""tail_log"": 0.0, ""port_listeners"": 0.0, ""search_content"": 0.01, ""read_file"": 0.56, ""kill_process"": 0.0, ""done"": 0.43, ""process_list"": 0.0, ""disk_usage"": 0.0, ""git_status"": 0.0}",0.65,0.93,267,2146,257.6,jev-1.13.0
find recently modified go files and show the most recent one,truncated,2,0,find_files,find_files,1,0.97,"{""disk_usage"": 0.0, ""port_listeners"": 0.0, ""process_list"": 0.0, ""tail_log"": 0.0, ""git_log"": 0.0, ""search_content"": 0.0, ""find_files"": 0.97, ""git_status"": 0.0, ""kill_process"": 0.0, ""done"": 0.02, ""list_files"": 0.0, ""cannot_proceed"": 0.01, ""read_file"": 0.0}",0.05,0.89,22,1846,269.6,jev-1.13.0
find recently modified go files and show the most recent one,truncated,2,1,read_file,read_file,1,0.34,"{""read_file"": 0.4, ""disk_usage"": 0.0, ""done"": 0.06, ""find_files"": 0.28, ""git_status"": 0.06, ""tail_log"": 0.0, ""kill_process"": 0.0, ""git_log"": 0.01, ""process_list"": 0.0, ""cannot_proceed"": 0.1, ""search_content"": 0.0, ""list_files"": 0.09, ""port_listeners"": 0.0}",0.09,0.83,59,1902,266.4,jev-1.13.0
find recently modified go files and show the most recent one,truncated,2,2,read_file,done,0,0.61,"{""tail_log"": 0.0, ""disk_usage"": 0.0, ""git_status"": 0.03, ""git_log"": 0.01, ""read_file"": 0.65, ""find_files"": 0.15, ""search_content"": 0.0, ""kill_process"": 0.0, ""done"": 0.06, ""process_list"": 0.0, ""cannot_proceed"": 0.07, ""list_files"": 0.03, ""port_listeners"": 0.0}",0.13,0.77,98,1950,234.8,jev-1.13.0
find recently modified go files and show the most recent one,truncated,2,3,read_file,done,0,0.35,"{""cannot_proceed"": 0.09, ""list_files"": 0.03, ""find_files"": 0.34, ""git_log"": 0.01, ""tail_log"": 0.0, ""port_listeners"": 0.0, ""search_content"": 0.0, ""read_file"": 0.41000000000000003, ""kill_process"": 0.0, ""disk_usage"": 0.0, ""process_list"": 0.0, ""done"": 0.07, ""git_status"": 0.04}",0.08,0.68,138,1998,259.3,jev-1.13.0
find recently modified go files and show the most recent one,truncated,2,4,read_file,done,0,0.38,"{""find_files"": 0.34, ""list_files"": 0.03, ""port_listeners"": 0.0, ""tail_log"": 0.0, ""disk_usage"": 0.0, ""cannot_proceed"": 0.1, ""read_file"": 0.44, ""kill_process"": 0.0, ""process_list"": 0.0, ""search_content"": 0.0, ""done"": 0.05, ""git_log"": 0.01, ""git_status"": 0.03}",0.07,0.74,177,2046,274.0,jev-1.13.0
find recently modified go files and show the most recent one,truncated,2,5,find_files,done,0,0.49,"{""process_list"": 0.0, ""done"": 0.09, ""disk_usage"": 0.0, ""port_listeners"": 0.0, ""list_files"": 0.04, ""cannot_proceed"": 0.14, ""git_status"": 0.03, ""tail_log"": 0.0, ""kill_process"": 0.0, ""search_content"": 0.0, ""find_files"": 0.54, ""git_log"": 0.01, ""read_file"": 0.15}",0.05,0.72,216,2094,282.9,jev-1.13.0
read whichever readme is in the skills project,truncated,2,0,find_files,list_files,0,0.71,"{""done"": 0.0, ""port_listeners"": 0.0, ""process_list"": 0.0, ""list_files"": 0.24, ""git_log"": 0.0, ""search_content"": 0.0, ""find_files"": 0.74, ""git_status"": 0.0, ""kill_process"": 0.0, ""tail_log"": 0.0, ""disk_usage"": 0.0, ""cannot_proceed"": 0.0, ""read_file"": 0.02}",0.04,0.9,18,1844,251.4,jev-1.13.0
read whichever readme is in the skills project,truncated,2,1,find_files,read_file,0,0.4,"{""read_file"": 0.12, ""git_log"": 0.0, ""done"": 0.0, ""process_list"": 0.0, ""port_listeners"": 0.0, ""list_files"": 0.41, ""find_files"": 0.46, ""search_content"": 0.01, ""kill_process"": 0.0, ""tail_log"": 0.0, ""cannot_proceed"": 0.0, ""git_status"": 0.0, ""disk_usage"": 0.0}",0.05,0.92,49,1888,288.5,jev-1.13.0
read whichever readme is in the skills project,truncated,2,2,find_files,done,0,0.53,"{""git_status"": 0.0, ""cannot_proceed"": 0.0, ""read_file"": 0.13, ""git_log"": 0.0, ""kill_process"": 0.0, ""done"": 0.0, ""list_files"": 0.26, ""process_list"": 0.0, ""search_content"": 0.03, ""tail_log"": 0.0, ""find_files"": 0.58, ""port_listeners"": 0.0, ""disk_usage"": 0.0}",0.04,0.92,80,1933,285.1,jev-1.13.0
read whichever readme is in the skills project,truncated,2,3,find_files,done,0,0.38,"{""read_file"": 0.16, ""git_log"": 0.0, ""done"": 0.01, ""search_content"": 0.03, ""disk_usage"": 0.0, ""tail_log"": 0.0, ""kill_process"": 0.0, ""git_status"": 0.0, ""cannot_proceed"": 0.01, ""process_list"": 0.0, ""find_files"": 0.41, ""list_files"": 0.38, ""port_listeners"": 0.0}",0.03,0.92,111,1978,218.3,jev-1.13.0
read whichever readme is in the skills project,truncated,2,4,find_files,done,0,0.42,"{""tail_log"": 0.0, ""disk_usage"": 0.0, ""port_listeners"": 0.0, ""find_files"": 0.46, ""git_status"": 0.0, ""search_content"": 0.03, ""done"": 0.01, ""cannot_proceed"": 0.01, ""list_files"": 0.33, ""read_file"": 0.16, ""kill_process"": 0.0, ""process_list"": 0.0, ""git_log"": 0.0}",0.03,0.92,143,2023,245.5,jev-1.13.0
read whichever readme is in the skills project,truncated,2,5,find_files,done,0,0.38,"{""read_file"": 0.18, ""port_listeners"": 0.0, ""cannot_proceed"": 0.01, ""done"": 0.0, ""git_log"": 0.0, ""disk_usage"": 0.0, ""process_list"": 0.0, ""git_status"": 0.0, ""tail_log"": 0.0, ""search_content"": 0.04, ""kill_process"": 0.0, ""find_files"": 0.43, ""list_files"": 0.34}",0.03,0.92,174,2068,233.8,jev-1.13.0
tail whichever npm log has the most content in it,truncated,2,0,find_files,find_files,1,0.68,"{""disk_usage"": 0.04, ""tail_log"": 0.02, ""port_listeners"": 0.0, ""find_files"": 0.71, ""cannot_proceed"": 0.05, ""process_list"": 0.0, ""search_content"": 0.01, ""done"": 0.0, ""list_files"": 0.17, ""read_file"": 0.0, ""git_status"": 0.0, ""kill_process"": 0.0, ""git_log"": 0.0}",0.03,0.82,19,1845,360.0,jev-1.13.0
tail whichever npm log has the most content in it,truncated,2,1,tail_log,tail_log,1,1.0,"{""read_file"": 0.0, ""git_log"": 0.0, ""cannot_proceed"": 0.0, ""process_list"": 0.0, ""port_listeners"": 0.0, ""done"": 0.0, ""kill_process"": 0.0, ""search_content"": 0.0, ""disk_usage"": 0.0, ""tail_log"": 1.0, ""git_status"": 0.0, ""list_files"": 0.0, ""find_files"": 0.0}",0.09,0.95,87,2040,271.6,jev-1.13.0
tail whichever npm log has the most content in it,truncated,2,2,tail_log,done,0,0.64,"{""find_files"": 0.0, ""git_log"": 0.0, ""port_listeners"": 0.0, ""disk_usage"": 0.0, ""tail_log"": 0.68, ""git_status"": 0.0, ""read_file"": 0.0, ""kill_process"": 0.0, ""process_list"": 0.0, ""search_content"": 0.0, ""done"": 0.31, ""cannot_proceed"": 0.01, ""list_files"": 0.0}",0.54,0.95,129,2107,223.0,jev-1.13.0
tail whichever npm log has the most content in it,truncated,2,3,tail_log,done,0,0.8,"{""kill_process"": 0.0, ""tail_log"": 0.81, ""cannot_proceed"": 0.01, ""git_log"": 0.0, ""search_content"": 0.0, ""read_file"": 0.0, ""process_list"": 0.0, ""list_files"": 0.0, ""port_listeners"": 0.0, ""disk_usage"": 0.0, ""git_status"": 0.0, ""done"": 0.17, ""find_files"": 0.0}",0.35,0.93,172,2174,273.3,jev-1.13.0
tail whichever npm log has the most content in it,truncated,2,4,tail_log,done,0,0.91,"{""kill_process"": 0.0, ""done"": 0.05, ""git_log"": 0.0, ""tail_log"": 0.93, ""read_file"": 0.0, ""find_files"": 0.0, ""port_listeners"": 0.0, ""search_content"": 0.0, ""disk_usage"": 0.0, ""git_status"": 0.0, ""cannot_proceed"": 0.02, ""process_list"": 0.0, ""list_files"": 0.0}",0.14,0.92,215,2241,255.3,jev-1.13.0
tail whichever npm log has the most content in it,truncated,2,5,tail_log,done,0,0.73,"{""cannot_proceed"": 0.04, ""list_files"": 0.0, ""find_files"": 0.01, ""git_log"": 0.0, ""tail_log"": 0.76, ""port_listeners"": 0.0, ""search_content"": 0.0, ""read_file"": 0.01, ""kill_process"": 0.0, ""done"": 0.18, ""process_list"": 0.0, ""disk_usage"": 0.0, ""git_status"": 0.0}",0.21,0.93,258,2308,233.3,jev-1.13.0
show the most recently changed file in the skills repo,truncated,2,0,find_files,find_files,1,0.66,"{""search_content"": 0.0, ""git_status"": 0.11, ""list_files"": 0.07, ""kill_process"": 0.0, ""process_list"": 0.0, ""disk_usage"": 0.0, ""find_files"": 0.69, ""read_file"": 0.0, ""done"": 0.0, ""port_listeners"": 0.0, ""tail_log"": 0.0, ""git_log"": 0.12, ""cannot_proceed"": 0.01}",0.03,0.88,20,1845,257.6,jev-1.13.0
show the most recently changed file in the skills repo,truncated,2,1,find_files,read_file,0,0.26,"{""list_files"": 0.11, ""process_list"": 0.0, ""cannot_proceed"": 0.02, ""disk_usage"": 0.0, ""git_status"": 0.14, ""git_log"": 0.11, ""kill_process"": 0.0, ""find_files"": 0.32, ""port_listeners"": 0.0, ""done"": 0.25, ""read_file"": 0.05, ""search_content"": 0.0, ""tail_log"": 0.0}",0.18,0.85,36,1873,215.3,jev-1.13.0
show the most recently changed file in the skills repo,truncated,2,2,find_files,done,0,0.5,"{""find_files"": 0.55, ""git_status"": 0.12, ""process_list"": 0.0, ""git_log"": 0.1, ""disk_usage"": 0.0, ""done"": 0.12, ""search_content"": 0.0, ""list_files"": 0.06, ""read_file"": 0.03, ""kill_process"": 0.0, ""cannot_proceed"": 0.02, ""port_listeners"": 0.0, ""tail_log"": 0.0}",0.09,0.87,53,1902,284.6,jev-1.13.0
show the most recently changed file in the skills repo,truncated,2,3,find_files,done,0,0.53,"{""git_log"": 0.12, ""tail_log"": 0.0, ""disk_usage"": 0.0, ""git_status"": 0.11, ""process_list"": 0.0, ""port_listeners"": 0.0, ""list_files"": 0.06, ""search_content"": 0.0, ""cannot_proceed"": 0.02, ""find_files"": 0.56, ""read_file"": 0.04, ""kill_process"": 0.0, ""done"": 0.08}",0.07,0.89,70,1931,284.9,jev-1.13.0
show the most recently changed file in the skills repo,truncated,2,4,find_files,done,0,0.46,"{""process_list"": 0.0, ""disk_usage"": 0.0, ""list_files"": 0.06, ""tail_log"": 0.0, ""read_file"": 0.05, ""git_status"": 0.12, ""search_content"": 0.0, ""find_files"": 0.51, ""done"": 0.11, ""git_log"": 0.12, ""port_listeners"": 0.0, ""cannot_proceed"": 0.03, ""kill_process"": 0.0}",0.09,0.89,87,1960,244.6,jev-1.13.0
show the most recently changed file in the skills repo,truncated,2,5,find_files,done,0,0.46,"{""tail_log"": 0.0, ""disk_usage"": 0.0, ""find_files"": 0.5, ""kill_process"": 0.0, ""port_listeners"": 0.0, ""done"": 0.09, ""cannot_proceed"": 0.04, ""read_file"": 0.04, ""git_log"": 0.12, ""process_list"": 0.0, ""list_files"": 0.08, ""git_status"": 0.13, ""search_content"": 0.0}",0.07,0.89,103,1989,276.2,jev-1.13.0
tail whichever npm log is newest,truncated,2,0,find_files,find_files,1,0.94,"{""cannot_proceed"": 0.02, ""tail_log"": 0.01, ""git_log"": 0.0, ""list_files"": 0.02, ""find_files"": 0.95, ""port_listeners"": 0.0, ""search_content"": 0.0, ""read_file"": 0.0, ""kill_process"": 0.0, ""disk_usage"": 0.0, ""process_list"": 0.0, ""done"": 0.0, ""git_status"": 0.0}",0.04,0.89,15,1841,243.6,jev-1.13.0
tail whichever npm log is newest,truncated,2,1,tail_log,tail_log,1,0.97,"{""git_log"": 0.0, ""tail_log"": 0.98, ""disk_usage"": 0.0, ""git_status"": 0.0, ""process_list"": 0.0, ""port_listeners"": 0.0, ""list_files"": 0.0, ""kill_process"": 0.0, ""cannot_proceed"": 0.0, ""search_content"": 0.0, ""read_file"": 0.0, ""find_files"": 0.02, ""done"": 0.0}",0.08,0.94,74,2008,255.9,jev-1.13.0
tail whichever npm log is newest,truncated,2,2,done,done,1,0.84,"{""find_files"": 0.01, ""list_files"": 0.0, ""port_listeners"": 0.0, ""tail_log"": 0.12, ""disk_usage"": 0.0, ""cannot_proceed"": 0.01, ""read_file"": 0.0, ""kill_process"": 0.0, ""process_list"": 0.0, ""search_content"": 0.0, ""done"": 0.86, ""git_log"": 0.0, ""git_status"": 0.0}",0.78,0.96,139,2097,265.9,jev-1.13.0
deploy the app to production,truncated,2,0,cannot_proceed,cannot_proceed,1,0.92,"{""git_status"": 0.05, ""search_content"": 0.0, ""list_files"": 0.01, ""kill_process"": 0.0, ""process_list"": 0.0, ""port_listeners"": 0.0, ""disk_usage"": 0.0, ""read_file"": 0.0, ""done"": 0.0, ""git_log"": 0.01, ""tail_log"": 0.0, ""find_files"": 0.01, ""cannot_proceed"": 0.92}",0.05,0.04,14,1840,278.8,jev-1.13.0
send a message to the team on slack,truncated,2,0,cannot_proceed,cannot_proceed,1,1.0,"{""tail_log"": 0.0, ""list_files"": 0.0, ""read_file"": 0.0, ""git_log"": 0.0, ""process_list"": 0.0, ""port_listeners"": 0.0, ""done"": 0.0, ""cannot_proceed"": 1.0, ""git_status"": 0.0, ""find_files"": 0.0, ""disk_usage"": 0.0, ""kill_process"": 0.0, ""search_content"": 0.0}",0.04,0.03,15,1843,245.4,jev-1.13.0
rename this file to something else,truncated,2,0,cannot_proceed,cannot_proceed,1,0.92,"{""kill_process"": 0.0, ""tail_log"": 0.0, ""cannot_proceed"": 0.93, ""git_log"": 0.0, ""search_content"": 0.0, ""read_file"": 0.0, ""port_listeners"": 0.0, ""list_files"": 0.01, ""process_list"": 0.0, ""git_status"": 0.0, ""disk_usage"": 0.0, ""done"": 0.0, ""find_files"": 0.05}",0.04,0.05,15,1841,405.1,jev-1.13.0
install the missing npm dependency,truncated,2,0,cannot_proceed,cannot_proceed,1,0.72,"{""port_listeners"": 0.0, ""list_files"": 0.11, ""disk_usage"": 0.0, ""cannot_proceed"": 0.76, ""tail_log"": 0.01, ""find_files"": 0.02, ""git_log"": 0.0, ""process_list"": 0.0, ""read_file"": 0.07, ""done"": 0.0, ""kill_process"": 0.0, ""search_content"": 0.03, ""git_status"": 0.0}",0.05,0.06,15,1840,231.3,jev-1.13.0
what's the most recent commit in driftmark,truncated,2,0,git_log,git_log,1,0.98,"{""read_file"": 0.0, ""git_log"": 0.99, ""disk_usage"": 0.0, ""process_list"": 0.0, ""port_listeners"": 0.0, ""done"": 0.0, ""find_files"": 0.01, ""search_content"": 0.0, ""list_files"": 0.0, ""tail_log"": 0.0, ""cannot_proceed"": 0.0, ""git_status"": 0.0, ""kill_process"": 0.0}",0.03,0.88,17,1845,209.1,jev-1.13.0
what's the most recent commit in driftmark,truncated,2,1,done,done,1,0.98,"{""git_status"": 0.0, ""disk_usage"": 0.0, ""done"": 0.99, ""git_log"": 0.01, ""kill_process"": 0.0, ""port_listeners"": 0.0, ""list_files"": 0.0, ""process_list"": 0.0, ""search_content"": 0.0, ""tail_log"": 0.0, ""find_files"": 0.0, ""read_file"": 0.0, ""cannot_proceed"": 0.0}",0.88,0.95,46,1901,370.2,jev-1.13.0
what does the go module for glow require,truncated,2,0,read_file,read_file,1,0.97,"{""cannot_proceed"": 0.0, ""list_files"": 0.0, ""git_status"": 0.0, ""git_log"": 0.0, ""tail_log"": 0.0, ""disk_usage"": 0.0, ""kill_process"": 0.0, ""search_content"": 0.01, ""read_file"": 0.98, ""port_listeners"": 0.0, ""process_list"": 0.0, ""find_files"": 0.01, ""done"": 0.0}",0.03,0.63,17,1843,355.6,jev-1.13.0
what does the go module for glow require,truncated,2,1,read_file,done,0,0.9,"{""port_listeners"": 0.0, ""list_files"": 0.0, ""disk_usage"": 0.0, ""cannot_proceed"": 0.0, ""tail_log"": 0.0, ""process_list"": 0.0, ""git_log"": 0.0, ""find_files"": 0.0, ""read_file"": 0.91, ""done"": 0.09, ""kill_process"": 0.0, ""search_content"": 0.0, ""git_status"": 0.0}",0.08,0.83,42,1887,235.4,jev-1.13.0
what does the go module for glow require,truncated,2,2,read_file,done,0,0.95,"{""tail_log"": 0.0, ""done"": 0.04, ""read_file"": 0.96, ""git_log"": 0.0, ""process_list"": 0.0, ""port_listeners"": 0.0, ""list_files"": 0.0, ""git_status"": 0.0, ""find_files"": 0.0, ""kill_process"": 0.0, ""disk_usage"": 0.0, ""cannot_proceed"": 0.0, ""search_content"": 0.0}",0.07,0.83,69,1932,288.7,jev-1.13.0
what does the go module for glow require,truncated,2,3,read_file,done,0,0.96,"{""search_content"": 0.0, ""kill_process"": 0.0, ""read_file"": 0.96, ""disk_usage"": 0.0, ""git_status"": 0.0, ""port_listeners"": 0.0, ""process_list"": 0.0, ""git_log"": 0.0, ""find_files"": 0.0, ""tail_log"": 0.0, ""cannot_proceed"": 0.01, ""done"": 0.03, ""list_files"": 0.0}",0.06,0.81,95,1977,233.5,jev-1.13.0
what does the go module for glow require,truncated,2,4,read_file,done,0,0.96,"{""port_listeners"": 0.0, ""list_files"": 0.0, ""disk_usage"": 0.0, ""process_list"": 0.0, ""tail_log"": 0.0, ""find_files"": 0.0, ""git_log"": 0.0, ""cannot_proceed"": 0.01, ""read_file"": 0.97, ""done"": 0.02, ""kill_process"": 0.0, ""search_content"": 0.0, ""git_status"": 0.0}",0.05,0.83,121,2022,290.0,jev-1.13.0
what does the go module for glow require,truncated,2,5,read_file,done,0,0.95,"{""cannot_proceed"": 0.01, ""tail_log"": 0.0, ""find_files"": 0.0, ""list_files"": 0.0, ""git_log"": 0.0, ""port_listeners"": 0.0, ""search_content"": 0.0, ""read_file"": 0.96, ""kill_process"": 0.0, ""disk_usage"": 0.0, ""process_list"": 0.0, ""done"": 0.03, ""git_status"": 0.0}",0.05,0.81,147,2067,339.3,jev-1.13.0
are there uncommitted changes in the hermes project,truncated,2,0,git_status,git_status,1,0.89,"{""tail_log"": 0.0, ""port_listeners"": 0.0, ""list_files"": 0.0, ""git_log"": 0.0, ""read_file"": 0.0, ""find_files"": 0.0, ""search_content"": 0.0, ""kill_process"": 0.0, ""done"": 0.1, ""process_list"": 0.0, ""cannot_proceed"": 0.0, ""git_status"": 0.9, ""disk_usage"": 0.0}",0.45,0.95,19,1846,300.6,jev-1.13.0
are there uncommitted changes in the hermes project,truncated,2,1,done,done,1,0.89,"{""list_files"": 0.01, ""search_content"": 0.0, ""cannot_proceed"": 0.0, ""kill_process"": 0.0, ""git_log"": 0.0, ""find_files"": 0.0, ""disk_usage"": 0.0, ""git_status"": 0.09, ""port_listeners"": 0.0, ""done"": 0.9, ""read_file"": 0.0, ""process_list"": 0.0, ""tail_log"": 0.0}",0.88,0.95,37,1876,231.5,jev-1.13.0
which skill docs were modified,truncated,2,0,git_status,git_status,1,0.88,"{""read_file"": 0.0, ""git_status"": 0.89, ""search_content"": 0.0, ""disk_usage"": 0.0, ""process_list"": 0.0, ""cannot_proceed"": 0.01, ""find_files"": 0.07, ""list_files"": 0.0, ""git_log"": 0.02, ""kill_process"": 0.0, ""tail_log"": 0.0, ""port_listeners"": 0.0, ""done"": 0.01}",0.07,0.73,14,1840,240.6,jev-1.13.0
which skill docs were modified,truncated,2,1,done,done,1,0.94,"{""port_listeners"": 0.0, ""list_files"": 0.0, ""git_status"": 0.01, ""search_content"": 0.0, ""find_files"": 0.0, ""disk_usage"": 0.0, ""tail_log"": 0.0, ""cannot_proceed"": 0.0, ""read_file"": 0.04, ""kill_process"": 0.0, ""process_list"": 0.0, ""git_log"": 0.01, ""done"": 0.94}",0.85,0.89,32,1870,253.5,jev-1.13.0
