fixture_id,strategy,repeat,step_idx,chosen,expected,correct,confidence,probabilities_json,goal_noul,state_tokens,input_tokens,latency_ms,model
kill whatever's on port 3000,truncated,0,0,port_listeners,port_listeners,1,1.0,"{""search_content"": 0.0, ""disk_usage"": 0.0, ""tail_log"": 0.0, ""process_list"": 0.0, ""port_listeners"": 1.0, ""git_log"": 0.0, ""cannot_proceed"": 0.0, ""kill_process"": 0.0, ""done"": 0.0, ""list_files"": 0.0, ""git_status"": 0.0, ""read_file"": 0.0, ""find_files"": 0.0}",0.07,14,589,718.3,jev-1.13.0
kill whatever's on port 3000,truncated,0,1,kill_process,kill_process,1,1.0,"{""git_status"": 0.0, ""cannot_proceed"": 0.0, ""git_log"": 0.0, ""list_files"": 0.0, ""read_file"": 0.0, ""process_list"": 0.0, ""tail_log"": 0.0, ""search_content"": 0.0, ""kill_process"": 1.0, ""find_files"": 0.0, ""done"": 0.0, ""port_listeners"": 0.0, ""disk_usage"": 0.0}",0.03,59,677,210.4,jev-1.13.0
kill whatever's on port 3000,truncated,0,2,port_listeners,done,0,0.49,"{""cannot_proceed"": 0.04, ""find_files"": 0.0, ""process_list"": 0.01, ""read_file"": 0.0, ""list_files"": 0.0, ""search_content"": 0.0, ""tail_log"": 0.0, ""port_listeners"": 0.54, ""kill_process"": 0.23, ""git_status"": 0.0, ""git_log"": 0.0, ""disk_usage"": 0.0, ""done"": 0.18}",0.4,75,704,314.9,jev-1.13.0
kill whatever's on port 3000,truncated,0,3,kill_process,done,0,0.95,"{""git_log"": 0.0, ""tail_log"": 0.0, ""cannot_proceed"": 0.04, ""disk_usage"": 0.0, ""list_files"": 0.0, ""read_file"": 0.0, ""port_listeners"": 0.0, ""done"": 0.0, ""process_list"": 0.01, ""find_files"": 0.0, ""kill_process"": 0.95, ""search_content"": 0.0, ""git_status"": 0.0}",0.03,121,793,260.2,jev-1.13.0
kill whatever's on port 3000,truncated,0,4,kill_process,done,0,0.78,"{""process_list"": 0.02, ""read_file"": 0.0, ""search_content"": 0.0, ""kill_process"": 0.8, ""disk_usage"": 0.0, ""git_log"": 0.0, ""list_files"": 0.0, ""git_status"": 0.0, ""port_listeners"": 0.05, ""tail_log"": 0.0, ""find_files"": 0.0, ""cannot_proceed"": 0.13, ""done"": 0.0}",0.03,137,820,496.8,jev-1.13.0
kill whatever's on port 3000,truncated,0,5,kill_process,done,0,0.57,"{""port_listeners"": 0.23, ""cannot_proceed"": 0.14, ""read_file"": 0.0, ""tail_log"": 0.0, ""process_list"": 0.02, ""git_status"": 0.0, ""search_content"": 0.0, ""find_files"": 0.0, ""kill_process"": 0.61, ""git_log"": 0.0, ""list_files"": 0.0, ""done"": 0.0, ""disk_usage"": 0.0}",0.03,153,847,435.9,jev-1.13.0
kill the process eating the most CPU,truncated,0,0,process_list,process_list,1,1.0,"{""process_list"": 1.0, ""read_file"": 0.0, ""disk_usage"": 0.0, ""kill_process"": 0.0, ""search_content"": 0.0, ""git_log"": 0.0, ""list_files"": 0.0, ""git_status"": 0.0, ""port_listeners"": 0.0, ""tail_log"": 0.0, ""done"": 0.0, ""cannot_proceed"": 0.0, ""find_files"": 0.0}",0.03,16,586,225.4,jev-1.13.0
kill the process eating the most CPU,truncated,0,1,kill_process,kill_process,1,1.0,"{""tail_log"": 0.0, ""disk_usage"": 0.0, ""list_files"": 0.0, ""find_files"": 0.0, ""port_listeners"": 0.0, ""kill_process"": 1.0, ""read_file"": 0.0, ""cannot_proceed"": 0.0, ""git_log"": 0.0, ""done"": 0.0, ""git_status"": 0.0, ""process_list"": 0.0, ""search_content"": 0.0}",0.04,55,663,271.9,jev-1.13.0
kill the process eating the most CPU,truncated,0,2,done,done,1,0.35,"{""process_list"": 0.12, ""port_listeners"": 0.0, ""done"": 0.41000000000000003, ""read_file"": 0.0, ""disk_usage"": 0.0, ""tail_log"": 0.0, ""search_content"": 0.0, ""list_files"": 0.0, ""find_files"": 0.0, ""kill_process"": 0.34, ""git_status"": 0.0, ""cannot_proceed"": 0.13, ""git_log"": 0.0}",0.3,70,690,241.2,jev-1.13.0
tail the log that changed most recently,truncated,0,0,find_files,find_files,1,0.42,"{""search_content"": 0.0, ""process_list"": 0.0, ""port_listeners"": 0.0, ""done"": 0.0, ""kill_process"": 0.0, ""disk_usage"": 0.0, ""find_files"": 0.46, ""list_files"": 0.46, ""cannot_proceed"": 0.02, ""git_status"": 0.0, ""read_file"": 0.0, ""tail_log"": 0.05, ""git_log"": 0.01}",0.04,16,586,296.7,jev-1.13.0
tail the log that changed most recently,truncated,0,1,tail_log,tail_log,1,1.0,"{""git_log"": 0.0, ""git_status"": 0.0, ""tail_log"": 1.0, ""cannot_proceed"": 0.0, ""kill_process"": 0.0, ""read_file"": 0.0, ""process_list"": 0.0, ""search_content"": 0.0, ""done"": 0.0, ""port_listeners"": 0.0, ""list_files"": 0.0, ""find_files"": 0.0, ""disk_usage"": 0.0}",0.07,59,683,267.4,jev-1.13.0
tail the log that changed most recently,truncated,0,2,done,done,1,0.99,"{""port_listeners"": 0.0, ""cannot_proceed"": 0.0, ""search_content"": 0.0, ""tail_log"": 0.0, ""process_list"": 0.0, ""git_status"": 0.0, ""read_file"": 0.0, ""find_files"": 0.0, ""kill_process"": 0.0, ""git_log"": 0.0, ""list_files"": 0.0, ""done"": 1.0, ""disk_usage"": 0.0}",0.94,90,738,280.7,jev-1.13.0
what's using the most disk space here,truncated,0,0,disk_usage,disk_usage,1,1.0,"{""port_listeners"": 0.0, ""read_file"": 0.0, ""search_content"": 0.0, ""kill_process"": 0.0, ""disk_usage"": 1.0, ""git_log"": 0.0, ""list_files"": 0.0, ""git_status"": 0.0, ""process_list"": 0.0, ""tail_log"": 0.0, ""find_files"": 0.0, ""cannot_proceed"": 0.0, ""done"": 0.0}",0.03,16,587,232.2,jev-1.13.0
what's using the most disk space here,truncated,0,1,done,done,1,0.79,"{""git_status"": 0.0, ""tail_log"": 0.0, ""process_list"": 0.0, ""search_content"": 0.0, ""list_files"": 0.05, ""cannot_proceed"": 0.0, ""port_listeners"": 0.0, ""git_log"": 0.0, ""kill_process"": 0.0, ""read_file"": 0.0, ""find_files"": 0.04, ""disk_usage"": 0.1, ""done"": 0.81}",0.87,40,635,209.4,jev-1.13.0
restart the database,truncated,0,0,process_list,cannot_proceed,0,0.3,"{""disk_usage"": 0.0, ""process_list"": 0.36, ""read_file"": 0.0, ""port_listeners"": 0.06, ""git_log"": 0.0, ""find_files"": 0.0, ""search_content"": 0.0, ""tail_log"": 0.02, ""cannot_proceed"": 0.22, ""list_files"": 0.01, ""git_status"": 0.0, ""kill_process"": 0.33, ""done"": 0.0}",0.06,12,582,246.5,jev-1.13.0
restart the database,truncated,0,1,port_listeners,done,0,0.3,"{""disk_usage"": 0.0, ""process_list"": 0.19, ""read_file"": 0.0, ""done"": 0.0, ""git_log"": 0.0, ""find_files"": 0.0, ""tail_log"": 0.02, ""cannot_proceed"": 0.33, ""port_listeners"": 0.35, ""list_files"": 0.01, ""git_status"": 0.0, ""kill_process"": 0.09, ""search_content"": 0.01}",0.03,40,637,283.7,jev-1.13.0
restart the database,truncated,0,2,kill_process,done,0,0.34,"{""cannot_proceed"": 0.25, ""list_files"": 0.01, ""find_files"": 0.01, ""git_status"": 0.0, ""done"": 0.0, ""tail_log"": 0.07, ""process_list"": 0.06, ""read_file"": 0.01, ""disk_usage"": 0.0, ""port_listeners"": 0.18, ""kill_process"": 0.4, ""search_content"": 0.01, ""git_log"": 0.0}",0.03,156,873,281.1,jev-1.13.0
restart the database,truncated,0,3,kill_process,done,0,0.2,"{""search_content"": 0.01, ""cannot_proceed"": 0.19, ""read_file"": 0.01, ""tail_log"": 0.05, ""git_status"": 0.0, ""process_list"": 0.24, ""port_listeners"": 0.19, ""find_files"": 0.0, ""kill_process"": 0.26, ""git_log"": 0.0, ""list_files"": 0.01, ""done"": 0.04, ""disk_usage"": 0.0}",0.09,172,900,225.9,jev-1.13.0
restart the database,truncated,0,4,process_list,done,0,0.27,"{""list_files"": 0.01, ""port_listeners"": 0.17, ""cannot_proceed"": 0.12, ""done"": 0.03, ""kill_process"": 0.3, ""git_status"": 0.0, ""find_files"": 0.0, ""process_list"": 0.31, ""disk_usage"": 0.0, ""git_log"": 0.0, ""tail_log"": 0.04, ""search_content"": 0.01, ""read_file"": 0.01}",0.11,188,927,349.7,jev-1.13.0
restart the database,truncated,0,5,port_listeners,done,0,0.38,"{""done"": 0.01, ""port_listeners"": 0.43, ""git_log"": 0.0, ""cannot_proceed"": 0.23, ""git_status"": 0.0, ""find_files"": 0.01, ""list_files"": 0.01, ""kill_process"": 0.19, ""read_file"": 0.01, ""search_content"": 0.01, ""tail_log"": 0.02, ""process_list"": 0.08, ""disk_usage"": 0.0}",0.09,217,983,259.5,jev-1.13.0
which files have uncommitted changes,truncated,0,0,done,git_status,0,0.84,"{""process_list"": 0.0, ""search_content"": 0.0, ""list_files"": 0.0, ""git_log"": 0.0, ""read_file"": 0.0, ""done"": 0.86, ""tail_log"": 0.0, ""kill_process"": 0.0, ""cannot_proceed"": 0.0, ""port_listeners"": 0.0, ""git_status"": 0.14, ""find_files"": 0.0, ""disk_usage"": 0.0}",0.68,16,586,266.2,jev-1.13.0
show me the commit history for this repo,truncated,0,0,git_log,git_log,1,0.99,"{""read_file"": 0.0, ""kill_process"": 0.0, ""port_listeners"": 0.0, ""find_files"": 0.0, ""done"": 0.0, ""list_files"": 0.0, ""git_status"": 0.0, ""git_log"": 1.0, ""cannot_proceed"": 0.0, ""tail_log"": 0.0, ""search_content"": 0.0, ""process_list"": 0.0, ""disk_usage"": 0.0}",0.03,17,587,249.8,jev-1.13.0
show me the commit history for this repo,truncated,0,1,done,done,1,1.0,"{""port_listeners"": 0.0, ""done"": 1.0, ""kill_process"": 0.0, ""disk_usage"": 0.0, ""read_file"": 0.0, ""tail_log"": 0.0, ""search_content"": 0.0, ""find_files"": 0.0, ""git_log"": 0.0, ""process_list"": 0.0, ""git_status"": 0.0, ""cannot_proceed"": 0.0, ""list_files"": 0.0}",0.95,64,666,244.4,jev-1.13.0
what files are in the internal directory of the glow project,truncated,0,0,list_files,list_files,1,0.99,"{""search_content"": 0.0, ""disk_usage"": 0.0, ""find_files"": 0.0, ""port_listeners"": 0.0, ""tail_log"": 0.0, ""git_status"": 0.0, ""cannot_proceed"": 0.01, ""git_log"": 0.0, ""done"": 0.0, ""process_list"": 0.0, ""kill_process"": 0.0, ""read_file"": 0.0, ""list_files"": 0.99}",0.03,22,590,244.0,jev-1.13.0
what files are in the internal directory of the glow project,truncated,0,1,done,done,1,0.89,"{""cannot_proceed"": 0.0, ""search_content"": 0.0, ""git_log"": 0.0, ""kill_process"": 0.0, ""tail_log"": 0.0, ""port_listeners"": 0.0, ""process_list"": 0.0, ""find_files"": 0.0, ""disk_usage"": 0.0, ""done"": 0.9, ""git_status"": 0.0, ""read_file"": 0.02, ""list_files"": 0.08}",0.78,41,626,255.7,jev-1.13.0
show me the contents of the go module file,truncated,0,0,find_files,read_file,0,0.39,"{""port_listeners"": 0.0, ""kill_process"": 0.0, ""tail_log"": 0.0, ""git_status"": 0.0, ""process_list"": 0.0, ""git_log"": 0.0, ""find_files"": 0.44, ""search_content"": 0.0, ""done"": 0.0, ""list_files"": 0.18, ""disk_usage"": 0.0, ""cannot_proceed"": 0.01, ""read_file"": 0.37}",0.03,17,588,247.0,jev-1.13.0
show me the contents of the go module file,truncated,0,1,read_file,done,0,0.46,"{""search_content"": 0.03, ""process_list"": 0.0, ""tail_log"": 0.0, ""disk_usage"": 0.0, ""port_listeners"": 0.0, ""git_log"": 0.0, ""cannot_proceed"": 0.03, ""kill_process"": 0.0, ""done"": 0.0, ""list_files"": 0.19, ""git_status"": 0.0, ""read_file"": 0.51, ""find_files"": 0.24}",0.04,48,632,271.1,jev-1.13.0
show me the contents of the go module file,truncated,0,2,read_file,done,0,0.51,"{""read_file"": 0.55, ""git_log"": 0.0, ""search_content"": 0.0, ""git_status"": 0.0, ""done"": 0.42, ""cannot_proceed"": 0.01, ""find_files"": 0.01, ""disk_usage"": 0.0, ""process_list"": 0.0, ""kill_process"": 0.0, ""list_files"": 0.01, ""port_listeners"": 0.0, ""tail_log"": 0.0}",0.25,74,677,269.8,jev-1.13.0
show me the contents of the go module file,truncated,0,3,read_file,done,0,0.55,"{""git_log"": 0.0, ""port_listeners"": 0.0, ""tail_log"": 0.0, ""kill_process"": 0.0, ""search_content"": 0.0, ""find_files"": 0.02, ""cannot_proceed"": 0.01, ""done"": 0.36, ""process_list"": 0.0, ""list_files"": 0.02, ""git_status"": 0.0, ""read_file"": 0.59, ""disk_usage"": 0.0}",0.23,100,722,224.4,jev-1.13.0
show me the contents of the go module file,truncated,0,4,read_file,done,0,0.45,"{""disk_usage"": 0.0, ""tail_log"": 0.0, ""process_list"": 0.0, ""search_content"": 0.01, ""list_files"": 0.03, ""cannot_proceed"": 0.01, ""find_files"": 0.03, ""git_log"": 0.0, ""git_status"": 0.0, ""kill_process"": 0.0, ""port_listeners"": 0.0, ""read_file"": 0.49, ""done"": 0.43}",0.25,127,767,256.1,jev-1.13.0
show me the contents of the go module file,truncated,0,5,done,done,1,0.45,"{""search_content"": 0.01, ""disk_usage"": 0.0, ""find_files"": 0.02, ""port_listeners"": 0.0, ""tail_log"": 0.0, ""git_status"": 0.0, ""cannot_proceed"": 0.03, ""done"": 0.49, ""git_log"": 0.0, ""process_list"": 0.0, ""list_files"": 0.02, ""read_file"": 0.43, ""kill_process"": 0.0}",0.21,153,812,268.7,jev-1.13.0
is anything listening on port 9999,truncated,0,0,done,port_listeners,0,0.5,"{""read_file"": 0.0, ""git_log"": 0.0, ""git_status"": 0.0, ""search_content"": 0.0, ""done"": 0.55, ""cannot_proceed"": 0.01, ""find_files"": 0.0, ""disk_usage"": 0.0, ""process_list"": 0.0, ""list_files"": 0.0, ""kill_process"": 0.0, ""port_listeners"": 0.44, ""tail_log"": 0.0}",0.75,15,589,247.7,jev-1.13.0
kill whichever process is using the most memory,truncated,0,0,process_list,process_list,1,1.0,"{""port_listeners"": 0.0, ""git_log"": 0.0, ""find_files"": 0.0, ""process_list"": 1.0, ""cannot_proceed"": 0.0, ""git_status"": 0.0, ""tail_log"": 0.0, ""read_file"": 0.0, ""list_files"": 0.0, ""disk_usage"": 0.0, ""done"": 0.0, ""search_content"": 0.0, ""kill_process"": 0.0}",0.03,18,587,232.6,jev-1.13.0
kill whichever process is using the most memory,truncated,0,1,kill_process,kill_process,1,0.98,"{""cannot_proceed"": 0.0, ""done"": 0.0, ""process_list"": 0.01, ""search_content"": 0.0, ""git_status"": 0.0, ""disk_usage"": 0.0, ""find_files"": 0.0, ""tail_log"": 0.0, ""kill_process"": 0.99, ""port_listeners"": 0.0, ""read_file"": 0.0, ""list_files"": 0.0, ""git_log"": 0.0}",0.05,92,726,260.5,jev-1.13.0
kill whichever process is using the most memory,truncated,0,2,done,done,1,0.44,"{""git_log"": 0.0, ""done"": 0.49, ""git_status"": 0.0, ""port_listeners"": 0.0, ""process_list"": 0.07, ""list_files"": 0.0, ""disk_usage"": 0.0, ""find_files"": 0.0, ""cannot_proceed"": 0.1, ""tail_log"": 0.0, ""search_content"": 0.0, ""kill_process"": 0.34, ""read_file"": 0.0}",0.3,108,753,220.4,jev-1.13.0
show me the file that uses the jpeg encoder library,truncated,0,0,search_content,search_content,1,0.98,"{""kill_process"": 0.0, ""git_log"": 0.0, ""port_listeners"": 0.0, ""process_list"": 0.0, ""cannot_proceed"": 0.0, ""read_file"": 0.0, ""list_files"": 0.0, ""find_files"": 0.01, ""disk_usage"": 0.0, ""git_status"": 0.0, ""search_content"": 0.99, ""done"": 0.0, ""tail_log"": 0.0}",0.03,19,589,279.4,jev-1.13.0
show me the file that uses the jpeg encoder library,truncated,0,1,read_file,read_file,1,0.5,"{""git_log"": 0.0, ""git_status"": 0.0, ""tail_log"": 0.0, ""find_files"": 0.0, ""cannot_proceed"": 0.0, ""search_content"": 0.0, ""process_list"": 0.0, ""read_file"": 0.54, ""done"": 0.46, ""port_listeners"": 0.0, ""list_files"": 0.0, ""kill_process"": 0.0, ""disk_usage"": 0.0}",0.71,89,690,259.2,jev-1.13.0
show me the file that uses the jpeg encoder library,truncated,0,2,read_file,done,0,0.49,"{""process_list"": 0.0, ""git_log"": 0.0, ""find_files"": 0.0, ""list_files"": 0.0, ""cannot_proceed"": 0.0, ""git_status"": 0.0, ""tail_log"": 0.0, ""port_listeners"": 0.0, ""read_file"": 0.54, ""disk_usage"": 0.0, ""done"": 0.46, ""search_content"": 0.0, ""kill_process"": 0.0}",0.69,133,740,262.9,jev-1.13.0
show me the file that uses the jpeg encoder library,truncated,0,3,read_file,done,0,0.49,"{""process_list"": 0.0, ""disk_usage"": 0.0, ""list_files"": 0.0, ""tail_log"": 0.0, ""git_log"": 0.0, ""port_listeners"": 0.0, ""git_status"": 0.0, ""cannot_proceed"": 0.0, ""read_file"": 0.54, ""kill_process"": 0.0, ""find_files"": 0.0, ""search_content"": 0.0, ""done"": 0.46}",0.72,178,790,269.8,jev-1.13.0
show me the file that uses the jpeg encoder library,truncated,0,4,read_file,done,0,0.5,"{""disk_usage"": 0.0, ""process_list"": 0.0, ""read_file"": 0.55, ""done"": 0.45, ""git_log"": 0.0, ""find_files"": 0.0, ""tail_log"": 0.0, ""cannot_proceed"": 0.0, ""search_content"": 0.0, ""list_files"": 0.0, ""git_status"": 0.0, ""kill_process"": 0.0, ""port_listeners"": 0.0}",0.64,222,840,300.5,jev-1.13.0
show me the file that uses the jpeg encoder library,truncated,0,5,done,done,1,0.46,"{""git_log"": 0.0, ""port_listeners"": 0.0, ""process_list"": 0.0, ""done"": 0.51, ""kill_process"": 0.0, ""disk_usage"": 0.0, ""find_files"": 0.0, ""list_files"": 0.0, ""cannot_proceed"": 0.0, ""git_status"": 0.0, ""tail_log"": 0.0, ""read_file"": 0.49, ""search_content"": 0.0}",0.66,267,890,285.5,jev-1.13.0
find recently modified go files and show the most recent one,truncated,0,0,find_files,find_files,1,0.9,"{""cannot_proceed"": 0.01, ""search_content"": 0.0, ""tail_log"": 0.0, ""done"": 0.02, ""read_file"": 0.0, ""list_files"": 0.01, ""find_files"": 0.91, ""kill_process"": 0.0, ""git_status"": 0.04, ""process_list"": 0.0, ""git_log"": 0.01, ""port_listeners"": 0.0, ""disk_usage"": 0.0}",0.05,22,590,242.4,jev-1.13.0
find recently modified go files and show the most recent one,truncated,0,1,read_file,read_file,1,0.23,"{""done"": 0.05, ""tail_log"": 0.0, ""git_log"": 0.09, ""search_content"": 0.0, ""git_status"": 0.21, ""find_files"": 0.2, ""list_files"": 0.1, ""read_file"": 0.29, ""cannot_proceed"": 0.06, ""kill_process"": 0.0, ""process_list"": 0.0, ""port_listeners"": 0.0, ""disk_usage"": 0.0}",0.1,59,646,253.2,jev-1.13.0
find recently modified go files and show the most recent one,truncated,0,2,read_file,done,0,0.53,"{""process_list"": 0.0, ""done"": 0.04, ""cannot_proceed"": 0.02, ""search_content"": 0.0, ""git_status"": 0.12, ""disk_usage"": 0.0, ""find_files"": 0.1, ""kill_process"": 0.0, ""tail_log"": 0.0, ""port_listeners"": 0.0, ""list_files"": 0.04, ""read_file"": 0.57, ""git_log"": 0.11}",0.13,98,694,261.7,jev-1.13.0
find recently modified go files and show the most recent one,truncated,0,3,read_file,done,0,0.36,"{""git_log"": 0.1, ""cannot_proceed"": 0.05, ""done"": 0.05, ""search_content"": 0.0, ""git_status"": 0.12, ""list_files"": 0.07, ""find_files"": 0.2, ""tail_log"": 0.0, ""process_list"": 0.0, ""port_listeners"": 0.0, ""kill_process"": 0.0, ""disk_usage"": 0.0, ""read_file"": 0.41}",0.09,138,742,212.2,jev-1.13.0
find recently modified go files and show the most recent one,truncated,0,4,read_file,done,0,0.35,"{""list_files"": 0.06, ""find_files"": 0.15, ""process_list"": 0.0, ""git_status"": 0.17, ""disk_usage"": 0.0, ""search_content"": 0.0, ""git_log"": 0.09, ""port_listeners"": 0.0, ""tail_log"": 0.0, ""kill_process"": 0.0, ""read_file"": 0.41000000000000003, ""cannot_proceed"": 0.07, ""done"": 0.05}",0.07,177,790,288.9,jev-1.13.0
find recently modified go files and show the most recent one,truncated,0,5,find_files,done,0,0.2,"{""disk_usage"": 0.0, ""process_list"": 0.0, ""read_file"": 0.1, ""port_listeners"": 0.0, ""git_log"": 0.14, ""find_files"": 0.26, ""cannot_proceed"": 0.13, ""tail_log"": 0.0, ""search_content"": 0.0, ""list_files"": 0.07, ""git_status"": 0.25, ""kill_process"": 0.0, ""done"": 0.05}",0.05,216,838,269.3,jev-1.13.0
read whichever readme is in the skills project,truncated,0,0,list_files,list_files,1,0.49,"{""git_status"": 0.0, ""cannot_proceed"": 0.0, ""read_file"": 0.04, ""port_listeners"": 0.0, ""find_files"": 0.42, ""tail_log"": 0.0, ""search_content"": 0.0, ""list_files"": 0.54, ""kill_process"": 0.0, ""git_log"": 0.0, ""disk_usage"": 0.0, ""done"": 0.0, ""process_list"": 0.0}",0.04,18,588,251.1,jev-1.13.0
read whichever readme is in the skills project,truncated,0,1,read_file,read_file,1,1.0,"{""search_content"": 0.0, ""kill_process"": 0.0, ""cannot_proceed"": 0.0, ""process_list"": 0.0, ""port_listeners"": 0.0, ""done"": 0.0, ""tail_log"": 0.0, ""find_files"": 0.0, ""read_file"": 1.0, ""git_status"": 0.0, ""list_files"": 0.0, ""git_log"": 0.0, ""disk_usage"": 0.0}",0.07,44,626,351.8,jev-1.13.0
read whichever readme is in the skills project,truncated,0,2,done,done,1,0.83,"{""cannot_proceed"": 0.0, ""find_files"": 0.0, ""list_files"": 0.0, ""read_file"": 0.14, ""process_list"": 0.0, ""search_content"": 0.01, ""port_listeners"": 0.0, ""tail_log"": 0.0, ""kill_process"": 0.0, ""git_log"": 0.0, ""git_status"": 0.0, ""disk_usage"": 0.0, ""done"": 0.85}",0.67,95,689,246.7,jev-1.13.0
tail whichever npm log has the most content in it,truncated,0,0,list_files,find_files,0,0.51,"{""disk_usage"": 0.0, ""process_list"": 0.0, ""read_file"": 0.0, ""done"": 0.0, ""git_log"": 0.0, ""find_files"": 0.24, ""tail_log"": 0.17, ""search_content"": 0.0, ""port_listeners"": 0.0, ""list_files"": 0.56, ""git_status"": 0.0, ""kill_process"": 0.0, ""cannot_proceed"": 0.02}",0.03,19,589,262.5,jev-1.13.0
tail whichever npm log has the most content in it,truncated,0,1,find_files,tail_log,0,0.29,"{""git_status"": 0.0, ""done"": 0.0, ""kill_process"": 0.0, ""disk_usage"": 0.08, ""read_file"": 0.25, ""tail_log"": 0.29, ""git_log"": 0.0, ""search_content"": 0.0, ""find_files"": 0.36, ""process_list"": 0.0, ""cannot_proceed"": 0.0, ""port_listeners"": 0.0, ""list_files"": 0.02}",0.05,78,756,260.3,jev-1.13.0
tail whichever npm log has the most content in it,truncated,0,2,tail_log,done,0,1.0,"{""disk_usage"": 0.0, ""git_log"": 0.0, ""search_content"": 0.0, ""process_list"": 0.0, ""done"": 0.0, ""git_status"": 0.0, ""cannot_proceed"": 0.0, ""read_file"": 0.0, ""tail_log"": 1.0, ""list_files"": 0.0, ""kill_process"": 0.0, ""find_files"": 0.0, ""port_listeners"": 0.0}",0.19,146,952,288.7,jev-1.13.0
tail whichever npm log has the most content in it,truncated,0,3,done,done,1,0.89,"{""port_listeners"": 0.0, ""cannot_proceed"": 0.0, ""list_files"": 0.0, ""tail_log"": 0.08, ""git_status"": 0.0, ""done"": 0.91, ""process_list"": 0.0, ""find_files"": 0.0, ""kill_process"": 0.0, ""git_log"": 0.0, ""read_file"": 0.01, ""search_content"": 0.0, ""disk_usage"": 0.0}",0.78,189,1019,260.1,jev-1.13.0
show the most recently changed file in the skills repo,truncated,0,0,git_log,find_files,0,0.66,"{""disk_usage"": 0.0, ""process_list"": 0.0, ""read_file"": 0.0, ""done"": 0.0, ""git_log"": 0.69, ""find_files"": 0.1, ""tail_log"": 0.0, ""search_content"": 0.0, ""cannot_proceed"": 0.01, ""list_files"": 0.11, ""git_status"": 0.09, ""kill_process"": 0.0, ""port_listeners"": 0.0}",0.02,20,589,509.6,jev-1.13.0
show the most recently changed file in the skills repo,truncated,0,1,git_status,read_file,0,0.33,"{""list_files"": 0.1, ""cannot_proceed"": 0.09, ""done"": 0.09, ""tail_log"": 0.0, ""git_status"": 0.38, ""process_list"": 0.0, ""port_listeners"": 0.0, ""find_files"": 0.09, ""kill_process"": 0.0, ""git_log"": 0.22, ""read_file"": 0.03, ""search_content"": 0.0, ""disk_usage"": 0.0}",0.19,68,668,268.9,jev-1.13.0
show the most recently changed file in the skills repo,truncated,0,2,git_log,done,0,0.38,"{""cannot_proceed"": 0.17, ""done"": 0.06, ""process_list"": 0.0, ""search_content"": 0.0, ""git_status"": 0.0, ""port_listeners"": 0.0, ""find_files"": 0.18, ""kill_process"": 0.0, ""disk_usage"": 0.0, ""tail_log"": 0.01, ""read_file"": 0.02, ""list_files"": 0.13, ""git_log"": 0.43}",0.13,90,702,238.5,jev-1.13.0
show the most recently changed file in the skills repo,truncated,0,3,git_log,done,0,0.25,"{""git_status"": 0.0, ""cannot_proceed"": 0.23, ""read_file"": 0.02, ""port_listeners"": 0.0, ""find_files"": 0.14, ""tail_log"": 0.01, ""search_content"": 0.0, ""list_files"": 0.22, ""kill_process"": 0.0, ""git_log"": 0.31, ""disk_usage"": 0.0, ""done"": 0.07, ""process_list"": 0.0}",0.09,138,782,282.9,jev-1.13.0
show the most recently changed file in the skills repo,truncated,0,4,find_files,done,0,0.2,"{""list_files"": 0.25, ""find_files"": 0.27, ""tail_log"": 0.0, ""done"": 0.06, ""port_listeners"": 0.0, ""git_log"": 0.22, ""git_status"": 0.0, ""disk_usage"": 0.0, ""cannot_proceed"": 0.19, ""process_list"": 0.0, ""kill_process"": 0.0, ""read_file"": 0.01, ""search_content"": 0.0}",0.08,187,862,244.1,jev-1.13.0
show the most recently changed file in the skills repo,truncated,0,5,list_files,done,0,0.28,"{""cannot_proceed"": 0.11, ""search_content"": 0.0, ""kill_process"": 0.0, ""git_log"": 0.11, ""tail_log"": 0.0, ""port_listeners"": 0.0, ""process_list"": 0.0, ""find_files"": 0.11, ""disk_usage"": 0.0, ""done"": 0.06, ""git_status"": 0.01, ""read_file"": 0.25, ""list_files"": 0.35000000000000003}",0.12,203,891,311.1,jev-1.13.0
tail whichever npm log is newest,truncated,0,0,find_files,find_files,1,0.67,"{""process_list"": 0.0, ""git_log"": 0.0, ""find_files"": 0.69, ""list_files"": 0.17, ""cannot_proceed"": 0.01, ""port_listeners"": 0.0, ""tail_log"": 0.13, ""git_status"": 0.0, ""read_file"": 0.0, ""disk_usage"": 0.0, ""search_content"": 0.0, ""done"": 0.0, ""kill_process"": 0.0}",0.04,15,585,290.8,jev-1.13.0
tail whichever npm log is newest,truncated,0,1,tail_log,tail_log,1,0.98,"{""read_file"": 0.0, ""git_log"": 0.0, ""git_status"": 0.0, ""search_content"": 0.0, ""done"": 0.0, ""cannot_proceed"": 0.0, ""find_files"": 0.01, ""disk_usage"": 0.0, ""process_list"": 0.0, ""list_files"": 0.0, ""kill_process"": 0.0, ""port_listeners"": 0.0, ""tail_log"": 0.99}",0.09,74,752,260.3,jev-1.13.0
tail whichever npm log is newest,truncated,0,2,done,done,1,0.93,"{""tail_log"": 0.05, ""disk_usage"": 0.0, ""list_files"": 0.0, ""find_files"": 0.0, ""port_listeners"": 0.0, ""kill_process"": 0.0, ""read_file"": 0.0, ""cannot_proceed"": 0.0, ""git_log"": 0.0, ""done"": 0.95, ""git_status"": 0.0, ""process_list"": 0.0, ""search_content"": 0.0}",0.8,139,841,338.3,jev-1.13.0
deploy the app to production,truncated,0,0,git_status,cannot_proceed,0,0.32,"{""git_status"": 0.37, ""cannot_proceed"": 0.21, ""read_file"": 0.01, ""port_listeners"": 0.0, ""find_files"": 0.01, ""tail_log"": 0.0, ""kill_process"": 0.0, ""list_files"": 0.37, ""search_content"": 0.0, ""git_log"": 0.03, ""disk_usage"": 0.0, ""done"": 0.0, ""process_list"": 0.0}",0.05,14,584,283.3,jev-1.13.0
deploy the app to production,truncated,0,1,git_log,done,0,0.64,"{""find_files"": 0.01, ""process_list"": 0.0, ""tail_log"": 0.0, ""read_file"": 0.06, ""git_log"": 0.67, ""disk_usage"": 0.0, ""cannot_proceed"": 0.06, ""kill_process"": 0.0, ""done"": 0.01, ""port_listeners"": 0.0, ""list_files"": 0.19, ""git_status"": 0.0, ""search_content"": 0.0}",0.05,35,617,325.6,jev-1.13.0
deploy the app to production,truncated,0,2,list_files,done,0,0.66,"{""find_files"": 0.02, ""process_list"": 0.0, ""tail_log"": 0.0, ""read_file"": 0.18, ""git_log"": 0.0, ""disk_usage"": 0.0, ""cannot_proceed"": 0.09, ""kill_process"": 0.0, ""done"": 0.0, ""search_content"": 0.01, ""port_listeners"": 0.0, ""git_status"": 0.0, ""list_files"": 0.7}",0.04,59,663,283.6,jev-1.13.0
deploy the app to production,truncated,0,3,read_file,done,0,0.79,"{""disk_usage"": 0.0, ""tail_log"": 0.0, ""git_log"": 0.0, ""search_content"": 0.02, ""git_status"": 0.0, ""find_files"": 0.04, ""list_files"": 0.1, ""read_file"": 0.81, ""kill_process"": 0.0, ""cannot_proceed"": 0.02, ""process_list"": 0.0, ""port_listeners"": 0.0, ""done"": 0.0}",0.04,78,696,278.5,jev-1.13.0
deploy the app to production,truncated,0,4,read_file,done,0,0.73,"{""find_files"": 0.06, ""process_list"": 0.0, ""read_file"": 0.76, ""tail_log"": 0.0, ""git_log"": 0.0, ""disk_usage"": 0.0, ""list_files"": 0.05, ""kill_process"": 0.0, ""done"": 0.0, ""port_listeners"": 0.0, ""cannot_proceed"": 0.03, ""git_status"": 0.0, ""search_content"": 0.09999999999999999}",0.03,105,741,218.6,jev-1.13.0
deploy the app to production,truncated,0,5,read_file,done,0,0.57,"{""port_listeners"": 0.0, ""done"": 0.0, ""git_log"": 0.0, ""search_content"": 0.13, ""git_status"": 0.0, ""find_files"": 0.1, ""list_files"": 0.11, ""kill_process"": 0.0, ""cannot_proceed"": 0.04, ""read_file"": 0.62, ""process_list"": 0.0, ""tail_log"": 0.0, ""disk_usage"": 0.0}",0.03,131,786,467.6,jev-1.13.0
send a message to the team on slack,truncated,0,0,cannot_proceed,cannot_proceed,1,0.98,"{""disk_usage"": 0.0, ""process_list"": 0.0, ""read_file"": 0.0, ""done"": 0.01, ""git_log"": 0.0, ""find_files"": 0.0, ""search_content"": 0.0, ""tail_log"": 0.0, ""cannot_proceed"": 0.99, ""list_files"": 0.0, ""git_status"": 0.0, ""kill_process"": 0.0, ""port_listeners"": 0.0}",0.04,15,587,272.4,jev-1.13.0
rename this file to something else,truncated,0,0,list_files,cannot_proceed,0,0.44,"{""port_listeners"": 0.0, ""disk_usage"": 0.0, ""git_log"": 0.0, ""cannot_proceed"": 0.3, ""git_status"": 0.01, ""find_files"": 0.2, ""list_files"": 0.48, ""read_file"": 0.01, ""kill_process"": 0.0, ""search_content"": 0.0, ""process_list"": 0.0, ""tail_log"": 0.0, ""done"": 0.0}",0.04,15,585,264.5,jev-1.13.0
rename this file to something else,truncated,0,1,find_files,done,0,0.35,"{""port_listeners"": 0.0, ""kill_process"": 0.0, ""find_files"": 0.41000000000000003, ""git_status"": 0.03, ""process_list"": 0.0, ""done"": 0.0, ""git_log"": 0.0, ""search_content"": 0.0, ""read_file"": 0.09, ""list_files"": 0.09, ""disk_usage"": 0.0, ""cannot_proceed"": 0.38, ""tail_log"": 0.0}",0.03,34,617,267.0,jev-1.13.0
rename this file to something else,truncated,0,2,cannot_proceed,done,0,0.36,"{""find_files"": 0.21, ""read_file"": 0.14, ""disk_usage"": 0.0, ""kill_process"": 0.0, ""search_content"": 0.04, ""list_files"": 0.12, ""git_log"": 0.0, ""git_status"": 0.07, ""process_list"": 0.0, ""tail_log"": 0.0, ""done"": 0.0, ""cannot_proceed"": 0.42, ""port_listeners"": 0.0}",0.03,66,662,295.2,jev-1.13.0
install the missing npm dependency,truncated,0,0,list_files,cannot_proceed,0,0.55,"{""kill_process"": 0.0, ""tail_log"": 0.04, ""list_files"": 0.59, ""search_content"": 0.01, ""process_list"": 0.0, ""cannot_proceed"": 0.1, ""port_listeners"": 0.0, ""read_file"": 0.23, ""git_status"": 0.01, ""disk_usage"": 0.0, ""find_files"": 0.02, ""git_log"": 0.0, ""done"": 0.0}",0.05,15,584,228.8,jev-1.13.0
install the missing npm dependency,truncated,0,1,read_file,done,0,0.57,"{""git_status"": 0.01, ""done"": 0.0, ""kill_process"": 0.0, ""disk_usage"": 0.0, ""read_file"": 0.62, ""search_content"": 0.04, ""find_files"": 0.07, ""git_log"": 0.0, ""tail_log"": 0.0, ""process_list"": 0.0, ""port_listeners"": 0.0, ""cannot_proceed"": 0.09, ""list_files"": 0.17}",0.03,34,616,243.0,jev-1.13.0
install the missing npm dependency,truncated,0,2,read_file,done,0,0.36,"{""search_content"": 0.07, ""port_listeners"": 0.0, ""find_files"": 0.07, ""disk_usage"": 0.0, ""tail_log"": 0.01, ""git_status"": 0.02, ""cannot_proceed"": 0.24, ""done"": 0.0, ""git_log"": 0.0, ""process_list"": 0.0, ""kill_process"": 0.0, ""read_file"": 0.42, ""list_files"": 0.17}",0.04,77,683,258.5,jev-1.13.0
install the missing npm dependency,truncated,0,3,read_file,done,0,0.3,"{""done"": 0.01, ""port_listeners"": 0.0, ""git_log"": 0.0, ""cannot_proceed"": 0.27, ""git_status"": 0.02, ""find_files"": 0.07, ""list_files"": 0.17, ""read_file"": 0.35, ""kill_process"": 0.0, ""search_content"": 0.09, ""tail_log"": 0.02, ""process_list"": 0.0, ""disk_usage"": 0.0}",0.05,119,750,268.6,jev-1.13.0
install the missing npm dependency,truncated,0,4,cannot_proceed,done,0,0.25,"{""port_listeners"": 0.0, ""git_log"": 0.0, ""list_files"": 0.17, ""git_status"": 0.01, ""cannot_proceed"": 0.32, ""process_list"": 0.0, ""tail_log"": 0.03, ""find_files"": 0.06, ""read_file"": 0.26, ""disk_usage"": 0.0, ""done"": 0.02, ""search_content"": 0.13, ""kill_process"": 0.0}",0.04,162,817,276.0,jev-1.13.0
what's the most recent commit in driftmark,truncated,0,0,git_log,git_log,1,0.98,"{""kill_process"": 0.0, ""disk_usage"": 0.0, ""read_file"": 0.0, ""cannot_proceed"": 0.01, ""search_content"": 0.0, ""git_log"": 0.98, ""tail_log"": 0.0, ""list_files"": 0.01, ""git_status"": 0.0, ""port_listeners"": 0.0, ""find_files"": 0.0, ""done"": 0.0, ""process_list"": 0.0}",0.03,17,589,242.5,jev-1.13.0
what's the most recent commit in driftmark,truncated,0,1,done,done,1,0.99,"{""find_files"": 0.0, ""process_list"": 0.0, ""tail_log"": 0.0, ""read_file"": 0.0, ""git_log"": 0.01, ""disk_usage"": 0.0, ""list_files"": 0.0, ""search_content"": 0.0, ""done"": 0.99, ""port_listeners"": 0.0, ""cannot_proceed"": 0.0, ""git_status"": 0.0, ""kill_process"": 0.0}",0.86,46,645,527.6,jev-1.13.0
what does the go module for glow require,truncated,0,0,read_file,read_file,1,0.45,"{""process_list"": 0.0, ""port_listeners"": 0.0, ""done"": 0.0, ""read_file"": 0.5, ""disk_usage"": 0.0, ""tail_log"": 0.0, ""list_files"": 0.19, ""search_content"": 0.17, ""find_files"": 0.11, ""kill_process"": 0.0, ""cannot_proceed"": 0.03, ""git_status"": 0.0, ""git_log"": 0.0}",0.03,17,587,247.9,jev-1.13.0
what does the go module for glow require,truncated,0,1,read_file,done,0,0.94,"{""process_list"": 0.0, ""find_files"": 0.0, ""list_files"": 0.01, ""read_file"": 0.94, ""cannot_proceed"": 0.01, ""search_content"": 0.01, ""tail_log"": 0.0, ""port_listeners"": 0.0, ""kill_process"": 0.0, ""git_log"": 0.0, ""disk_usage"": 0.0, ""git_status"": 0.0, ""done"": 0.03}",0.08,42,631,271.7,jev-1.13.0
what does the go module for glow require,truncated,0,2,read_file,done,0,0.94,"{""cannot_proceed"": 0.01, ""search_content"": 0.01, ""tail_log"": 0.0, ""done"": 0.01, ""read_file"": 0.95, ""list_files"": 0.02, ""find_files"": 0.0, ""kill_process"": 0.0, ""git_status"": 0.0, ""process_list"": 0.0, ""disk_usage"": 0.0, ""port_listeners"": 0.0, ""git_log"": 0.0}",0.07,69,676,338.5,jev-1.13.0
what does the go module for glow require,truncated,0,3,read_file,done,0,0.91,"{""git_log"": 0.0, ""process_list"": 0.0, ""port_listeners"": 0.0, ""tail_log"": 0.0, ""kill_process"": 0.0, ""read_file"": 0.93, ""find_files"": 0.0, ""list_files"": 0.02, ""cannot_proceed"": 0.02, ""git_status"": 0.0, ""disk_usage"": 0.0, ""done"": 0.01, ""search_content"": 0.02}",0.05,95,721,513.5,jev-1.13.0
what does the go module for glow require,truncated,0,4,read_file,done,0,0.86,"{""process_list"": 0.0, ""list_files"": 0.04, ""find_files"": 0.0, ""tail_log"": 0.0, ""done"": 0.02, ""git_status"": 0.0, ""cannot_proceed"": 0.03, ""read_file"": 0.87, ""disk_usage"": 0.0, ""port_listeners"": 0.0, ""kill_process"": 0.0, ""search_content"": 0.04, ""git_log"": 0.0}",0.05,121,766,287.3,jev-1.13.0
what does the go module for glow require,truncated,0,5,read_file,done,0,0.85,"{""list_files"": 0.05, ""find_files"": 0.0, ""process_list"": 0.0, ""git_status"": 0.0, ""disk_usage"": 0.0, ""search_content"": 0.04, ""git_log"": 0.0, ""port_listeners"": 0.0, ""tail_log"": 0.0, ""done"": 0.01, ""read_file"": 0.86, ""cannot_proceed"": 0.04, ""kill_process"": 0.0}",0.05,147,811,268.1,jev-1.13.0
are there uncommitted changes in the hermes project,truncated,0,0,git_status,git_status,1,0.82,"{""done"": 0.16, ""disk_usage"": 0.0, ""tail_log"": 0.0, ""port_listeners"": 0.0, ""git_log"": 0.0, ""list_files"": 0.0, ""git_status"": 0.83, ""cannot_proceed"": 0.01, ""read_file"": 0.0, ""kill_process"": 0.0, ""find_files"": 0.0, ""search_content"": 0.0, ""process_list"": 0.0}",0.42,19,590,308.7,jev-1.13.0
are there uncommitted changes in the hermes project,truncated,0,1,done,done,1,0.93,"{""list_files"": 0.01, ""cannot_proceed"": 0.0, ""done"": 0.94, ""tail_log"": 0.0, ""process_list"": 0.0, ""search_content"": 0.0, ""git_status"": 0.02, ""find_files"": 0.0, ""kill_process"": 0.0, ""git_log"": 0.0, ""read_file"": 0.03, ""port_listeners"": 0.0, ""disk_usage"": 0.0}",0.89,37,620,237.4,jev-1.13.0
which skill docs were modified,truncated,0,0,git_status,git_status,1,0.86,"{""tail_log"": 0.0, ""search_content"": 0.0, ""read_file"": 0.0, ""git_log"": 0.1, ""process_list"": 0.0, ""done"": 0.01, ""list_files"": 0.0, ""kill_process"": 0.0, ""port_listeners"": 0.0, ""cannot_proceed"": 0.01, ""git_status"": 0.87, ""find_files"": 0.01, ""disk_usage"": 0.0}",0.08,14,584,243.8,jev-1.13.0
which skill docs were modified,truncated,0,1,done,done,1,0.92,"{""done"": 0.93, ""kill_process"": 0.0, ""process_list"": 0.0, ""cannot_proceed"": 0.0, ""git_log"": 0.03, ""tail_log"": 0.0, ""port_listeners"": 0.0, ""search_content"": 0.0, ""read_file"": 0.04, ""find_files"": 0.0, ""disk_usage"": 0.0, ""git_status"": 0.0, ""list_files"": 0.0}",0.86,32,614,332.6,jev-1.13.0
kill whatever's on port 3000,truncated,1,0,port_listeners,port_listeners,1,1.0,"{""find_files"": 0.0, ""process_list"": 0.0, ""tail_log"": 0.0, ""read_file"": 0.0, ""port_listeners"": 1.0, ""disk_usage"": 0.0, ""cannot_proceed"": 0.0, ""kill_process"": 0.0, ""done"": 0.0, ""search_content"": 0.0, ""list_files"": 0.0, ""git_status"": 0.0, ""git_log"": 0.0}",0.07,14,589,381.7,jev-1.13.0
kill whatever's on port 3000,truncated,1,1,kill_process,kill_process,1,1.0,"{""find_files"": 0.0, ""process_list"": 0.0, ""tail_log"": 0.0, ""read_file"": 0.0, ""git_log"": 0.0, ""disk_usage"": 0.0, ""list_files"": 0.0, ""search_content"": 0.0, ""done"": 0.0, ""port_listeners"": 0.0, ""cannot_proceed"": 0.0, ""git_status"": 0.0, ""kill_process"": 1.0}",0.03,59,677,261.5,jev-1.13.0
kill whatever's on port 3000,truncated,1,2,port_listeners,done,0,0.56,"{""list_files"": 0.0, ""port_listeners"": 0.6, ""cannot_proceed"": 0.04, ""done"": 0.13, ""kill_process"": 0.22, ""git_status"": 0.0, ""find_files"": 0.0, ""process_list"": 0.01, ""disk_usage"": 0.0, ""git_log"": 0.0, ""tail_log"": 0.0, ""search_content"": 0.0, ""read_file"": 0.0}",0.39,75,704,326.9,jev-1.13.0
kill whatever's on port 3000,truncated,1,3,kill_process,done,0,0.94,"{""disk_usage"": 0.0, ""process_list"": 0.01, ""git_log"": 0.0, ""search_content"": 0.0, ""git_status"": 0.0, ""find_files"": 0.0, ""list_files"": 0.0, ""kill_process"": 0.95, ""cannot_proceed"": 0.04, ""read_file"": 0.0, ""tail_log"": 0.0, ""port_listeners"": 0.0, ""done"": 0.0}",0.03,121,793,268.6,jev-1.13.0
kill whatever's on port 3000,truncated,1,4,kill_process,done,0,0.8,"{""process_list"": 0.02, ""kill_process"": 0.81, ""done"": 0.0, ""find_files"": 0.0, ""port_listeners"": 0.04, ""list_files"": 0.0, ""git_status"": 0.0, ""git_log"": 0.0, ""cannot_proceed"": 0.12, ""tail_log"": 0.0, ""search_content"": 0.0, ""read_file"": 0.0, ""disk_usage"": 0.0}",0.03,137,820,259.1,jev-1.13.0
kill whatever's on port 3000,truncated,1,5,kill_process,done,0,0.59,"{""git_log"": 0.0, ""tail_log"": 0.0, ""cannot_proceed"": 0.13, ""list_files"": 0.0, ""disk_usage"": 0.0, ""read_file"": 0.0, ""port_listeners"": 0.22, ""done"": 0.0, ""kill_process"": 0.63, ""find_files"": 0.0, ""process_list"": 0.02, ""search_content"": 0.0, ""git_status"": 0.0}",0.03,153,847,247.3,jev-1.13.0
kill the process eating the most CPU,truncated,1,0,process_list,process_list,1,1.0,"{""port_listeners"": 0.0, ""done"": 0.0, ""kill_process"": 0.0, ""find_files"": 0.0, ""read_file"": 0.0, ""git_log"": 0.0, ""tail_log"": 0.0, ""disk_usage"": 0.0, ""search_content"": 0.0, ""process_list"": 1.0, ""git_status"": 0.0, ""cannot_proceed"": 0.0, ""list_files"": 0.0}",0.03,16,586,238.5,jev-1.13.0
kill the process eating the most CPU,truncated,1,1,kill_process,kill_process,1,1.0,"{""process_list"": 0.0, ""disk_usage"": 0.0, ""done"": 0.0, ""read_file"": 0.0, ""port_listeners"": 0.0, ""tail_log"": 0.0, ""list_files"": 0.0, ""search_content"": 0.0, ""find_files"": 0.0, ""kill_process"": 1.0, ""cannot_proceed"": 0.0, ""git_status"": 0.0, ""git_log"": 0.0}",0.04,55,663,242.3,jev-1.13.0
kill the process eating the most CPU,truncated,1,2,kill_process,done,0,0.34,"{""list_files"": 0.0, ""port_listeners"": 0.0, ""cannot_proceed"": 0.12, ""done"": 0.38, ""kill_process"": 0.4, ""git_status"": 0.0, ""find_files"": 0.0, ""process_list"": 0.1, ""disk_usage"": 0.0, ""git_log"": 0.0, ""tail_log"": 0.0, ""search_content"": 0.0, ""read_file"": 0.0}",0.32,70,690,292.8,jev-1.13.0
kill the process eating the most CPU,truncated,1,3,process_list,done,0,0.38,"{""done"": 0.11, ""tail_log"": 0.0, ""git_log"": 0.0, ""search_content"": 0.0, ""git_status"": 0.0, ""find_files"": 0.0, ""list_files"": 0.0, ""read_file"": 0.0, ""kill_process"": 0.4, ""cannot_proceed"": 0.05, ""process_list"": 0.44, ""port_listeners"": 0.0, ""disk_usage"": 0.0}",0.24,86,717,279.0,jev-1.13.0
kill the process eating the most CPU,truncated,1,4,kill_process,done,0,0.93,"{""list_files"": 0.0, ""port_listeners"": 0.0, ""search_content"": 0.0, ""done"": 0.0, ""git_status"": 0.0, ""kill_process"": 0.93, ""find_files"": 0.0, ""process_list"": 0.01, ""git_log"": 0.0, ""disk_usage"": 0.0, ""tail_log"": 0.0, ""cannot_proceed"": 0.05, ""read_file"": 0.0}",0.03,126,795,305.5,jev-1.13.0
kill the process eating the most CPU,truncated,1,5,kill_process,done,0,0.72,"{""find_files"": 0.0, ""cannot_proceed"": 0.15, ""tail_log"": 0.0, ""search_content"": 0.0, ""kill_process"": 0.75, ""done"": 0.0, ""disk_usage"": 0.0, ""port_listeners"": 0.0, ""read_file"": 0.0, ""list_files"": 0.0, ""process_list"": 0.1, ""git_log"": 0.0, ""git_status"": 0.0}",0.04,141,822,298.6,jev-1.13.0
tail the log that changed most recently,truncated,1,0,find_files,find_files,1,0.42,"{""disk_usage"": 0.0, ""process_list"": 0.0, ""search_content"": 0.0, ""git_log"": 0.0, ""done"": 0.0, ""git_status"": 0.0, ""cannot_proceed"": 0.01, ""read_file"": 0.0, ""tail_log"": 0.05, ""list_files"": 0.47000000000000003, ""find_files"": 0.46, ""port_listeners"": 0.0, ""kill_process"": 0.0}",0.04,16,586,256.3,jev-1.13.0
tail the log that changed most recently,truncated,1,1,tail_log,tail_log,1,1.0,"{""done"": 0.0, ""cannot_proceed"": 0.0, ""read_file"": 0.0, ""tail_log"": 1.0, ""process_list"": 0.0, ""git_status"": 0.0, ""search_content"": 0.0, ""find_files"": 0.0, ""kill_process"": 0.0, ""git_log"": 0.0, ""list_files"": 0.0, ""port_listeners"": 0.0, ""disk_usage"": 0.0}",0.07,59,683,303.4,jev-1.13.0
tail the log that changed most recently,truncated,1,2,done,done,1,0.99,"{""list_files"": 0.0, ""done"": 1.0, ""tail_log"": 0.0, ""find_files"": 0.0, ""port_listeners"": 0.0, ""git_log"": 0.0, ""git_status"": 0.0, ""disk_usage"": 0.0, ""cannot_proceed"": 0.0, ""process_list"": 0.0, ""kill_process"": 0.0, ""read_file"": 0.0, ""search_content"": 0.0}",0.94,90,738,316.1,jev-1.13.0
what's using the most disk space here,truncated,1,0,disk_usage,disk_usage,1,1.0,"{""done"": 0.0, ""cannot_proceed"": 0.0, ""port_listeners"": 0.0, ""tail_log"": 0.0, ""process_list"": 0.0, ""git_status"": 0.0, ""list_files"": 0.0, ""kill_process"": 0.0, ""find_files"": 0.0, ""git_log"": 0.0, ""read_file"": 0.0, ""search_content"": 0.0, ""disk_usage"": 1.0}",0.03,16,587,242.8,jev-1.13.0
what's using the most disk space here,truncated,1,1,done,done,1,0.82,"{""port_listeners"": 0.0, ""done"": 0.85, ""kill_process"": 0.0, ""find_files"": 0.04, ""read_file"": 0.0, ""git_log"": 0.0, ""search_content"": 0.0, ""disk_usage"": 0.08, ""tail_log"": 0.0, ""process_list"": 0.0, ""cannot_proceed"": 0.0, ""git_status"": 0.0, ""list_files"": 0.03}",0.88,40,635,283.0,jev-1.13.0
restart the database,truncated,1,0,process_list,cannot_proceed,0,0.28,"{""done"": 0.0, ""kill_process"": 0.31, ""process_list"": 0.35000000000000003, ""tail_log"": 0.02, ""git_log"": 0.0, ""git_status"": 0.0, ""port_listeners"": 0.1, ""search_content"": 0.0, ""read_file"": 0.0, ""find_files"": 0.0, ""disk_usage"": 0.0, ""cannot_proceed"": 0.21, ""list_files"": 0.01}",0.05,12,582,324.9,jev-1.13.0
restart the database,truncated,1,1,port_listeners,done,0,0.29,"{""cannot_proceed"": 0.32, ""list_files"": 0.01, ""find_files"": 0.0, ""read_file"": 0.0, ""process_list"": 0.19, ""search_content"": 0.0, ""tail_log"": 0.02, ""port_listeners"": 0.35000000000000003, ""kill_process"": 0.11, ""git_status"": 0.0, ""git_log"": 0.0, ""disk_usage"": 0.0, ""done"": 0.0}",0.03,40,637,256.9,jev-1.13.0
restart the database,truncated,1,2,kill_process,done,0,0.41,"{""cannot_proceed"": 0.24, ""find_files"": 0.01, ""tail_log"": 0.06, ""search_content"": 0.01, ""kill_process"": 0.46, ""done"": 0.0, ""disk_usage"": 0.0, ""git_status"": 0.0, ""read_file"": 0.01, ""list_files"": 0.01, ""port_listeners"": 0.13, ""git_log"": 0.0, ""process_list"": 0.07}",0.03,156,873,237.4,jev-1.13.0
restart the database,truncated,1,3,kill_process,done,0,0.29,"{""git_status"": 0.0, ""tail_log"": 0.05, ""cannot_proceed"": 0.15, ""list_files"": 0.01, ""disk_usage"": 0.0, ""read_file"": 0.01, ""port_listeners"": 0.17, ""done"": 0.03, ""kill_process"": 0.35000000000000003, ""find_files"": 0.0, ""process_list"": 0.22, ""search_content"": 0.01, ""git_log"": 0.0}",0.12,172,900,239.8,jev-1.13.0
restart the database,truncated,1,4,kill_process,done,0,0.26,"{""cannot_proceed"": 0.13, ""git_log"": 0.0, ""git_status"": 0.0, ""search_content"": 0.01, ""port_listeners"": 0.2, ""tail_log"": 0.04, ""process_list"": 0.26, ""read_file"": 0.01, ""disk_usage"": 0.0, ""done"": 0.03, ""find_files"": 0.0, ""kill_process"": 0.31, ""list_files"": 0.01}",0.11,188,927,253.4,jev-1.13.0
restart the database,truncated,1,5,process_list,done,0,0.29,"{""cannot_proceed"": 0.11, ""find_files"": 0.0, ""tail_log"": 0.03, ""search_content"": 0.01, ""kill_process"": 0.2, ""done"": 0.03, ""disk_usage"": 0.0, ""process_list"": 0.33999999999999997, ""read_file"": 0.0, ""list_files"": 0.01, ""git_status"": 0.0, ""git_log"": 0.0, ""port_listeners"": 0.27}",0.1,204,954,256.7,jev-1.13.0
which files have uncommitted changes,truncated,1,0,done,git_status,0,0.78,"{""read_file"": 0.0, ""git_log"": 0.0, ""search_content"": 0.0, ""git_status"": 0.19, ""done"": 0.81, ""cannot_proceed"": 0.0, ""process_list"": 0.0, ""disk_usage"": 0.0, ""find_files"": 0.0, ""kill_process"": 0.0, ""list_files"": 0.0, ""port_listeners"": 0.0, ""tail_log"": 0.0}",0.64,16,586,278.4,jev-1.13.0
show me the commit history for this repo,truncated,1,0,git_log,git_log,1,0.99,"{""git_status"": 0.0, ""tail_log"": 0.0, ""cannot_proceed"": 0.0, ""list_files"": 0.0, ""disk_usage"": 0.0, ""read_file"": 0.0, ""port_listeners"": 0.0, ""done"": 0.0, ""kill_process"": 0.0, ""find_files"": 0.0, ""process_list"": 0.0, ""search_content"": 0.0, ""git_log"": 1.0}",0.03,17,587,245.5,jev-1.13.0
show me the commit history for this repo,truncated,1,1,done,done,1,1.0,"{""kill_process"": 0.0, ""disk_usage"": 0.0, ""read_file"": 0.0, ""cannot_proceed"": 0.0, ""search_content"": 0.0, ""tail_log"": 0.0, ""git_log"": 0.0, ""list_files"": 0.0, ""process_list"": 0.0, ""port_listeners"": 0.0, ""find_files"": 0.0, ""done"": 1.0, ""git_status"": 0.0}",0.95,64,666,281.9,jev-1.13.0
what files are in the internal directory of the glow project,truncated,1,0,list_files,list_files,1,0.99,"{""find_files"": 0.0, ""process_list"": 0.0, ""tail_log"": 0.0, ""read_file"": 0.0, ""port_listeners"": 0.0, ""disk_usage"": 0.0, ""list_files"": 0.99, ""search_content"": 0.0, ""done"": 0.0, ""cannot_proceed"": 0.01, ""git_log"": 0.0, ""git_status"": 0.0, ""kill_process"": 0.0}",0.03,22,590,254.8,jev-1.13.0
what files are in the internal directory of the glow project,truncated,1,1,done,done,1,0.91,"{""kill_process"": 0.0, ""disk_usage"": 0.0, ""read_file"": 0.01, ""search_content"": 0.0, ""cannot_proceed"": 0.0, ""git_log"": 0.0, ""tail_log"": 0.0, ""list_files"": 0.06, ""git_status"": 0.0, ""find_files"": 0.01, ""port_listeners"": 0.0, ""done"": 0.92, ""process_list"": 0.0}",0.77,41,626,298.3,jev-1.13.0
show me the contents of the go module file,truncated,1,0,read_file,read_file,1,0.42,"{""process_list"": 0.0, ""kill_process"": 0.0, ""done"": 0.0, ""find_files"": 0.36, ""git_log"": 0.0, ""list_files"": 0.16, ""git_status"": 0.0, ""port_listeners"": 0.0, ""cannot_proceed"": 0.01, ""tail_log"": 0.0, ""search_content"": 0.0, ""read_file"": 0.47, ""disk_usage"": 0.0}",0.03,17,588,272.6,jev-1.13.0
show me the contents of the go module file,truncated,1,1,read_file,done,0,0.62,"{""list_files"": 0.01, ""port_listeners"": 0.0, ""cannot_proceed"": 0.01, ""done"": 0.32, ""git_status"": 0.0, ""kill_process"": 0.0, ""find_files"": 0.01, ""process_list"": 0.0, ""disk_usage"": 0.0, ""git_log"": 0.0, ""tail_log"": 0.0, ""search_content"": 0.0, ""read_file"": 0.65}",0.13,43,632,275.6,jev-1.13.0
show me the contents of the go module file,truncated,1,2,read_file,done,0,0.64,"{""search_content"": 0.0, ""git_status"": 0.0, ""tail_log"": 0.0, ""git_log"": 0.0, ""done"": 0.28, ""port_listeners"": 0.0, ""disk_usage"": 0.0, ""process_list"": 0.0, ""read_file"": 0.67, ""cannot_proceed"": 0.02, ""find_files"": 0.01, ""list_files"": 0.02, ""kill_process"": 0.0}",0.15,69,677,245.6,jev-1.13.0
show me the contents of the go module file,truncated,1,3,read_file,done,0,0.58,"{""kill_process"": 0.0, ""git_log"": 0.0, ""port_listeners"": 0.0, ""process_list"": 0.0, ""cannot_proceed"": 0.02, ""read_file"": 0.62, ""list_files"": 0.02, ""find_files"": 0.01, ""disk_usage"": 0.0, ""tail_log"": 0.0, ""search_content"": 0.0, ""done"": 0.33, ""git_status"": 0.0}",0.14,95,722,217.3,jev-1.13.0
show me the contents of the go module file,truncated,1,4,read_file,done,0,0.45,"{""git_log"": 0.0, ""tail_log"": 0.0, ""cannot_proceed"": 0.04, ""disk_usage"": 0.0, ""list_files"": 0.04, ""read_file"": 0.49, ""port_listeners"": 0.0, ""done"": 0.42, ""process_list"": 0.0, ""find_files"": 0.01, ""kill_process"": 0.0, ""search_content"": 0.0, ""git_status"": 0.0}",0.17,122,767,294.1,jev-1.13.0
show me the contents of the go module file,truncated,1,5,read_file,done,0,0.5,"{""find_files"": 0.02, ""process_list"": 0.0, ""read_file"": 0.55, ""tail_log"": 0.0, ""port_listeners"": 0.0, ""disk_usage"": 0.0, ""list_files"": 0.04, ""search_content"": 0.0, ""done"": 0.35, ""cannot_proceed"": 0.04, ""git_log"": 0.0, ""git_status"": 0.0, ""kill_process"": 0.0}",0.14,148,812,498.3,jev-1.13.0
is anything listening on port 9999,truncated,1,0,done,port_listeners,0,0.48,"{""find_files"": 0.0, ""process_list"": 0.0, ""read_file"": 0.0, ""tail_log"": 0.0, ""git_log"": 0.0, ""disk_usage"": 0.0, ""list_files"": 0.0, ""search_content"": 0.0, ""done"": 0.53, ""kill_process"": 0.0, ""cannot_proceed"": 0.01, ""git_status"": 0.0, ""port_listeners"": 0.46}",0.72,15,589,261.1,jev-1.13.0
kill whichever process is using the most memory,truncated,1,0,process_list,process_list,1,1.0,"{""tail_log"": 0.0, ""git_status"": 0.0, ""search_content"": 0.0, ""git_log"": 0.0, ""process_list"": 1.0, ""port_listeners"": 0.0, ""done"": 0.0, ""disk_usage"": 0.0, ""read_file"": 0.0, ""cannot_proceed"": 0.0, ""find_files"": 0.0, ""list_files"": 0.0, ""kill_process"": 0.0}",0.03,18,587,259.8,jev-1.13.0
kill whichever process is using the most memory,truncated,1,1,kill_process,kill_process,1,0.99,"{""tail_log"": 0.0, ""done"": 0.0, ""cannot_proceed"": 0.0, ""search_content"": 0.0, ""git_log"": 0.0, ""list_files"": 0.0, ""find_files"": 0.0, ""process_list"": 0.01, ""git_status"": 0.0, ""port_listeners"": 0.0, ""disk_usage"": 0.0, ""kill_process"": 0.99, ""read_file"": 0.0}",0.05,92,726,334.5,jev-1.13.0
kill whichever process is using the most memory,truncated,1,2,done,done,1,0.52,"{""kill_process"": 0.31, ""disk_usage"": 0.0, ""read_file"": 0.0, ""cannot_proceed"": 0.07, ""search_content"": 0.0, ""git_log"": 0.0, ""tail_log"": 0.0, ""list_files"": 0.0, ""process_list"": 0.06, ""port_listeners"": 0.0, ""find_files"": 0.0, ""done"": 0.56, ""git_status"": 0.0}",0.34,108,753,321.7,jev-1.13.0
show me the file that uses the jpeg encoder library,truncated,1,0,search_content,search_content,1,0.98,"{""git_status"": 0.0, ""git_log"": 0.0, ""list_files"": 0.0, ""find_files"": 0.01, ""cannot_proceed"": 0.0, ""process_list"": 0.0, ""tail_log"": 0.0, ""port_listeners"": 0.0, ""read_file"": 0.0, ""disk_usage"": 0.0, ""done"": 0.0, ""search_content"": 0.99, ""kill_process"": 0.0}",0.03,19,589,282.0,jev-1.13.0
show me the file that uses the jpeg encoder library,truncated,1,1,read_file,read_file,1,0.51,"{""port_listeners"": 0.0, ""tail_log"": 0.0, ""list_files"": 0.0, ""search_content"": 0.0, ""process_list"": 0.0, ""cannot_proceed"": 0.0, ""find_files"": 0.0, ""git_log"": 0.0, ""kill_process"": 0.0, ""disk_usage"": 0.0, ""git_status"": 0.0, ""read_file"": 0.56, ""done"": 0.44}",0.73,89,690,418.6,jev-1.13.0
show me the file that uses the jpeg encoder library,truncated,1,2,read_file,done,0,0.57,"{""list_files"": 0.0, ""port_listeners"": 0.0, ""cannot_proceed"": 0.0, ""done"": 0.39, ""git_status"": 0.0, ""kill_process"": 0.0, ""find_files"": 0.0, ""process_list"": 0.0, ""disk_usage"": 0.0, ""git_log"": 0.0, ""tail_log"": 0.0, ""search_content"": 0.0, ""read_file"": 0.61}",0.72,133,740,255.8,jev-1.13.0
show me the file that uses the jpeg encoder library,truncated,1,3,done,done,1,0.46,"{""git_log"": 0.0, ""cannot_proceed"": 0.0, ""done"": 0.51, ""search_content"": 0.0, ""git_status"": 0.0, ""list_files"": 0.0, ""find_files"": 0.0, ""process_list"": 0.0, ""tail_log"": 0.0, ""port_listeners"": 0.0, ""disk_usage"": 0.0, ""kill_process"": 0.0, ""read_file"": 0.49}",0.74,178,790,254.2,jev-1.13.0
find recently modified go files and show the most recent one,truncated,1,0,find_files,find_files,1,0.92,"{""tail_log"": 0.0, ""git_status"": 0.03, ""search_content"": 0.0, ""git_log"": 0.01, ""done"": 0.01, ""disk_usage"": 0.0, ""process_list"": 0.0, ""port_listeners"": 0.0, ""read_file"": 0.0, ""cannot_proceed"": 0.02, ""find_files"": 0.92, ""list_files"": 0.01, ""kill_process"": 0.0}",0.04,22,590,270.4,jev-1.13.0
find recently modified go files and show the most recent one,truncated,1,1,find_files,read_file,0,0.19,"{""port_listeners"": 0.0, ""done"": 0.03, ""git_log"": 0.11, ""cannot_proceed"": 0.06, ""git_status"": 0.21, ""find_files"": 0.26, ""list_files"": 0.11, ""kill_process"": 0.0, ""search_content"": 0.0, ""read_file"": 0.22, ""tail_log"": 0.0, ""process_list"": 0.0, ""disk_usage"": 0.0}",0.08,59,646,256.8,jev-1.13.0
find recently modified go files and show the most recent one,truncated,1,2,find_files,done,0,0.22,"{""git_log"": 0.09, ""git_status"": 0.23, ""tail_log"": 0.0, ""cannot_proceed"": 0.06, ""kill_process"": 0.0, ""read_file"": 0.21, ""process_list"": 0.0, ""find_files"": 0.27, ""done"": 0.04, ""port_listeners"": 0.0, ""list_files"": 0.1, ""search_content"": 0.0, ""disk_usage"": 0.0}",0.07,97,703,237.3,jev-1.13.0
find recently modified go files and show the most recent one,truncated,1,3,find_files,done,0,0.24,"{""done"": 0.03, ""cannot_proceed"": 0.08, ""read_file"": 0.18, ""tail_log"": 0.0, ""process_list"": 0.0, ""git_status"": 0.22, ""search_content"": 0.0, ""kill_process"": 0.0, ""find_files"": 0.3, ""git_log"": 0.09, ""list_files"": 0.1, ""port_listeners"": 0.0, ""disk_usage"": 0.0}",0.06,135,760,277.5,jev-1.13.0
find recently modified go files and show the most recent one,truncated,1,4,git_status,done,0,0.19,"{""port_listeners"": 0.0, ""git_log"": 0.07, ""list_files"": 0.08, ""git_status"": 0.26, ""cannot_proceed"": 0.09, ""process_list"": 0.0, ""tail_log"": 0.0, ""read_file"": 0.21, ""find_files"": 0.26, ""disk_usage"": 0.0, ""search_content"": 0.0, ""done"": 0.03, ""kill_process"": 0.0}",0.05,173,817,246.1,jev-1.13.0
find recently modified go files and show the most recent one,truncated,1,5,git_log,done,0,0.58,"{""tail_log"": 0.0, ""git_status"": 0.0, ""search_content"": 0.0, ""git_log"": 0.62, ""done"": 0.01, ""disk_usage"": 0.0, ""port_listeners"": 0.0, ""process_list"": 0.0, ""read_file"": 0.04, ""cannot_proceed"": 0.05, ""find_files"": 0.22, ""list_files"": 0.06, ""kill_process"": 0.0}",0.05,195,851,242.6,jev-1.13.0
read whichever readme is in the skills project,truncated,1,0,list_files,list_files,1,0.59,"{""disk_usage"": 0.0, ""process_list"": 0.0, ""kill_process"": 0.0, ""cannot_proceed"": 0.0, ""read_file"": 0.05, ""done"": 0.0, ""tail_log"": 0.0, ""git_status"": 0.0, ""find_files"": 0.33, ""list_files"": 0.62, ""port_listeners"": 0.0, ""git_log"": 0.0, ""search_content"": 0.0}",0.04,18,588,253.1,jev-1.13.0
read whichever readme is in the skills project,truncated,1,1,read_file,read_file,1,1.0,"{""search_content"": 0.0, ""disk_usage"": 0.0, ""find_files"": 0.0, ""port_listeners"": 0.0, ""tail_log"": 0.0, ""git_status"": 0.0, ""cannot_proceed"": 0.0, ""git_log"": 0.0, ""done"": 0.0, ""process_list"": 0.0, ""list_files"": 0.0, ""read_file"": 1.0, ""kill_process"": 0.0}",0.06,44,626,245.9,jev-1.13.0
read whichever readme is in the skills project,truncated,1,2,done,done,1,0.79,"{""search_content"": 0.01, ""cannot_proceed"": 0.0, ""find_files"": 0.0, ""git_status"": 0.0, ""done"": 0.81, ""tail_log"": 0.0, ""process_list"": 0.0, ""read_file"": 0.17, ""disk_usage"": 0.0, ""port_listeners"": 0.0, ""kill_process"": 0.0, ""list_files"": 0.0, ""git_log"": 0.0}",0.71,95,689,285.2,jev-1.13.0
tail whichever npm log has the most content in it,truncated,1,0,list_files,find_files,0,0.52,"{""port_listeners"": 0.0, ""git_log"": 0.0, ""list_files"": 0.56, ""process_list"": 0.0, ""cannot_proceed"": 0.02, ""git_status"": 0.0, ""tail_log"": 0.11, ""find_files"": 0.3, ""read_file"": 0.0, ""disk_usage"": 0.01, ""search_content"": 0.0, ""done"": 0.0, ""kill_process"": 0.0}",0.03,19,589,298.7,jev-1.13.0
tail whichever npm log has the most content in it,truncated,1,1,find_files,tail_log,0,0.31,"{""git_status"": 0.0, ""cannot_proceed"": 0.0, ""read_file"": 0.25, ""kill_process"": 0.0, ""find_files"": 0.37, ""search_content"": 0.0, ""tail_log"": 0.26, ""list_files"": 0.04, ""port_listeners"": 0.0, ""git_log"": 0.0, ""disk_usage"": 0.08, ""done"": 0.0, ""process_list"": 0.0}",0.04,78,756,239.2,jev-1.13.0
tail whichever npm log has the most content in it,truncated,1,2,tail_log,done,0,0.99,"{""search_content"": 0.0, ""git_status"": 0.0, ""tail_log"": 1.0, ""git_log"": 0.0, ""port_listeners"": 0.0, ""disk_usage"": 0.0, ""done"": 0.0, ""process_list"": 0.0, ""read_file"": 0.0, ""cannot_proceed"": 0.0, ""find_files"": 0.0, ""list_files"": 0.0, ""kill_process"": 0.0}",0.17,146,952,351.8,jev-1.13.0
tail whichever npm log has the most content in it,truncated,1,3,done,done,1,0.93,"{""git_log"": 0.0, ""kill_process"": 0.0, ""tail_log"": 0.05, ""done"": 0.94, ""port_listeners"": 0.0, ""git_status"": 0.0, ""read_file"": 0.01, ""process_list"": 0.0, ""disk_usage"": 0.0, ""find_files"": 0.0, ""cannot_proceed"": 0.0, ""list_files"": 0.0, ""search_content"": 0.0}",0.78,189,1019,219.6,jev-1.13.0
show the most recently changed file in the skills repo,truncated,1,0,git_log,find_files,0,0.7,"{""done"": 0.0, ""read_file"": 0.0, ""kill_process"": 0.0, ""cannot_proceed"": 0.01, ""disk_usage"": 0.0, ""process_list"": 0.0, ""tail_log"": 0.0, ""git_status"": 0.09, ""find_files"": 0.09, ""list_files"": 0.08, ""git_log"": 0.73, ""port_listeners"": 0.0, ""search_content"": 0.0}",0.03,20,589,229.8,jev-1.13.0
show the most recently changed file in the skills repo,truncated,1,1,git_status,read_file,0,0.25,"{""disk_usage"": 0.0, ""process_list"": 0.0, ""git_log"": 0.26, ""cannot_proceed"": 0.1, ""git_status"": 0.31, ""find_files"": 0.08, ""list_files"": 0.11, ""kill_process"": 0.0, ""read_file"": 0.03, ""search_content"": 0.0, ""port_listeners"": 0.0, ""tail_log"": 0.0, ""done"": 0.11}",0.19,68,668,289.7,jev-1.13.0
show the most recently changed file in the skills repo,truncated,1,2,git_log,done,0,0.26,"{""git_log"": 0.32, ""kill_process"": 0.0, ""tail_log"": 0.01, ""done"": 0.11, ""git_status"": 0.0, ""port_listeners"": 0.0, ""read_file"": 0.03, ""process_list"": 0.0, ""list_files"": 0.19, ""find_files"": 0.18, ""disk_usage"": 0.0, ""cannot_proceed"": 0.16, ""search_content"": 0.0}",0.2,90,702,277.1,jev-1.13.0
show the most recently changed file in the skills repo,truncated,1,3,git_log,done,0,0.17,"{""git_log"": 0.23, ""port_listeners"": 0.0, ""kill_process"": 0.0, ""tail_log"": 0.01, ""search_content"": 0.0, ""find_files"": 0.21, ""cannot_proceed"": 0.22, ""done"": 0.1, ""process_list"": 0.0, ""list_files"": 0.21, ""read_file"": 0.02, ""git_status"": 0.0, ""disk_usage"": 0.0}",0.11,138,782,261.2,jev-1.13.0
show the most recently changed file in the skills repo,truncated,1,4,list_files,done,0,0.3,"{""disk_usage"": 0.0, ""process_list"": 0.0, ""read_file"": 0.02, ""port_listeners"": 0.0, ""git_log"": 0.09, ""find_files"": 0.24000000000000002, ""search_content"": 0.0, ""tail_log"": 0.0, ""cannot_proceed"": 0.2, ""list_files"": 0.36, ""git_status"": 0.0, ""kill_process"": 0.0, ""done"": 0.09}",0.11,187,862,278.9,jev-1.13.0
show the most recently changed file in the skills repo,truncated,1,5,find_files,done,0,0.44,"{""process_list"": 0.0, ""port_listeners"": 0.0, ""done"": 0.05, ""read_file"": 0.11, ""disk_usage"": 0.0, ""tail_log"": 0.01, ""list_files"": 0.01, ""search_content"": 0.0, ""find_files"": 0.48, ""kill_process"": 0.0, ""git_status"": 0.01, ""cannot_proceed"": 0.18, ""git_log"": 0.15}",0.09,213,901,299.6,jev-1.13.0
tail whichever npm log is newest,truncated,1,0,find_files,find_files,1,0.64,"{""tail_log"": 0.12, ""disk_usage"": 0.0, ""list_files"": 0.2, ""find_files"": 0.67, ""port_listeners"": 0.0, ""kill_process"": 0.0, ""read_file"": 0.0, ""cannot_proceed"": 0.01, ""git_log"": 0.0, ""done"": 0.0, ""git_status"": 0.0, ""process_list"": 0.0, ""search_content"": 0.0}",0.04,15,585,250.9,jev-1.13.0
tail whichever npm log is newest,truncated,1,1,tail_log,tail_log,1,0.96,"{""done"": 0.0, ""cannot_proceed"": 0.0, ""git_status"": 0.0, ""process_list"": 0.0, ""git_log"": 0.0, ""kill_process"": 0.0, ""port_listeners"": 0.0, ""search_content"": 0.0, ""read_file"": 0.0, ""find_files"": 0.03, ""tail_log"": 0.97, ""disk_usage"": 0.0, ""list_files"": 0.0}",0.07,74,752,331.1,jev-1.13.0
tail whichever npm log is newest,truncated,1,2,done,done,1,0.94,"{""process_list"": 0.0, ""search_content"": 0.0, ""list_files"": 0.0, ""git_log"": 0.0, ""tail_log"": 0.04, ""done"": 0.96, ""read_file"": 0.0, ""kill_process"": 0.0, ""cannot_proceed"": 0.0, ""port_listeners"": 0.0, ""git_status"": 0.0, ""find_files"": 0.0, ""disk_usage"": 0.0}",0.8,139,841,327.8,jev-1.13.0
deploy the app to production,truncated,1,0,list_files,cannot_proceed,0,0.34,"{""find_files"": 0.01, ""cannot_proceed"": 0.18, ""tail_log"": 0.0, ""search_content"": 0.0, ""kill_process"": 0.0, ""done"": 0.0, ""disk_usage"": 0.0, ""git_status"": 0.37, ""read_file"": 0.01, ""list_files"": 0.4, ""port_listeners"": 0.0, ""git_log"": 0.03, ""process_list"": 0.0}",0.05,14,584,272.3,jev-1.13.0
deploy the app to production,truncated,1,1,read_file,done,0,0.62,"{""git_log"": 0.01, ""port_listeners"": 0.0, ""tail_log"": 0.0, ""kill_process"": 0.0, ""search_content"": 0.01, ""find_files"": 0.01, ""cannot_proceed"": 0.01, ""process_list"": 0.0, ""done"": 0.0, ""list_files"": 0.17, ""read_file"": 0.65, ""git_status"": 0.14, ""disk_usage"": 0.0}",0.03,33,616,306.7,jev-1.13.0
deploy the app to production,truncated,1,2,read_file,done,0,0.53,"{""git_log"": 0.02, ""kill_process"": 0.0, ""tail_log"": 0.0, ""port_listeners"": 0.0, ""search_content"": 0.04, ""find_files"": 0.02, ""cannot_proceed"": 0.01, ""done"": 0.0, ""process_list"": 0.0, ""list_files"": 0.14, ""read_file"": 0.57, ""git_status"": 0.2, ""disk_usage"": 0.0}",0.03,59,661,260.7,jev-1.13.0
deploy the app to production,truncated,1,3,read_file,done,0,0.38,"{""read_file"": 0.43, ""git_log"": 0.02, ""done"": 0.0, ""search_content"": 0.08, ""git_status"": 0.2, ""cannot_proceed"": 0.01, ""process_list"": 0.0, ""disk_usage"": 0.0, ""find_files"": 0.04, ""kill_process"": 0.0, ""list_files"": 0.22, ""port_listeners"": 0.0, ""tail_log"": 0.0}",0.02,85,706,273.0,jev-1.13.0
deploy the app to production,truncated,1,4,read_file,done,0,0.28,"{""git_status"": 0.18, ""tail_log"": 0.0, ""list_files"": 0.3, ""search_content"": 0.09, ""process_list"": 0.0, ""cannot_proceed"": 0.02, ""port_listeners"": 0.0, ""git_log"": 0.02, ""kill_process"": 0.0, ""disk_usage"": 0.0, ""read_file"": 0.34, ""find_files"": 0.05, ""done"": 0.0}",0.02,112,751,237.3,jev-1.13.0
deploy the app to production,truncated,1,5,read_file,done,0,0.27,"{""find_files"": 0.04, ""process_list"": 0.0, ""read_file"": 0.33, ""tail_log"": 0.0, ""port_listeners"": 0.0, ""disk_usage"": 0.0, ""list_files"": 0.3, ""kill_process"": 0.0, ""done"": 0.0, ""cannot_proceed"": 0.04, ""search_content"": 0.13, ""git_status"": 0.15, ""git_log"": 0.01}",0.03,138,796,341.6,jev-1.13.0
send a message to the team on slack,truncated,1,0,cannot_proceed,cannot_proceed,1,0.99,"{""port_listeners"": 0.0, ""read_file"": 0.0, ""search_content"": 0.0, ""kill_process"": 0.0, ""disk_usage"": 0.0, ""git_log"": 0.0, ""list_files"": 0.0, ""git_status"": 0.0, ""process_list"": 0.0, ""tail_log"": 0.0, ""done"": 0.0, ""cannot_proceed"": 1.0, ""find_files"": 0.0}",0.04,15,587,265.6,jev-1.13.0
rename this file to something else,truncated,1,0,list_files,cannot_proceed,0,0.48,"{""disk_usage"": 0.0, ""process_list"": 0.0, ""read_file"": 0.01, ""done"": 0.0, ""git_log"": 0.0, ""find_files"": 0.19, ""tail_log"": 0.0, ""port_listeners"": 0.0, ""search_content"": 0.0, ""list_files"": 0.53, ""git_status"": 0.01, ""kill_process"": 0.0, ""cannot_proceed"": 0.26}",0.04,15,585,366.5,jev-1.13.0
rename this file to something else,truncated,1,1,cannot_proceed,done,0,0.37,"{""process_list"": 0.0, ""git_log"": 0.0, ""port_listeners"": 0.0, ""find_files"": 0.38, ""done"": 0.0, ""list_files"": 0.08, ""git_status"": 0.03, ""kill_process"": 0.0, ""cannot_proceed"": 0.43, ""tail_log"": 0.0, ""search_content"": 0.0, ""read_file"": 0.08, ""disk_usage"": 0.0}",0.03,34,617,295.9,jev-1.13.0
install the missing npm dependency,truncated,1,0,list_files,cannot_proceed,0,0.49,"{""port_listeners"": 0.0, ""read_file"": 0.29, ""search_content"": 0.02, ""kill_process"": 0.0, ""disk_usage"": 0.0, ""list_files"": 0.52, ""git_log"": 0.0, ""git_status"": 0.01, ""process_list"": 0.0, ""tail_log"": 0.05, ""done"": 0.0, ""cannot_proceed"": 0.09, ""find_files"": 0.02}",0.05,15,584,255.7,jev-1.13.0
install the missing npm dependency,truncated,1,1,read_file,done,0,0.62,"{""search_content"": 0.03, ""process_list"": 0.0, ""tail_log"": 0.0, ""disk_usage"": 0.0, ""port_listeners"": 0.0, ""git_log"": 0.0, ""cannot_proceed"": 0.08, ""kill_process"": 0.0, ""done"": 0.0, ""read_file"": 0.66, ""git_status"": 0.01, ""list_files"": 0.16, ""find_files"": 0.06}",0.03,34,616,322.5,jev-1.13.0
install the missing npm dependency,truncated,1,2,read_file,done,0,0.34,"{""cannot_proceed"": 0.28, ""disk_usage"": 0.0, ""tail_log"": 0.01, ""list_files"": 0.16, ""git_log"": 0.0, ""port_listeners"": 0.0, ""git_status"": 0.03, ""process_list"": 0.0, ""read_file"": 0.4, ""kill_process"": 0.0, ""find_files"": 0.05, ""search_content"": 0.06, ""done"": 0.01}",0.04,77,683,268.2,jev-1.13.0
install the missing npm dependency,truncated,1,3,read_file,done,0,0.26,"{""list_files"": 0.19, ""port_listeners"": 0.0, ""cannot_proceed"": 0.27, ""done"": 0.01, ""kill_process"": 0.0, ""git_status"": 0.02, ""find_files"": 0.06, ""process_list"": 0.0, ""disk_usage"": 0.0, ""git_log"": 0.0, ""tail_log"": 0.02, ""search_content"": 0.11, ""read_file"": 0.32}",0.05,119,750,406.4,jev-1.13.0
install the missing npm dependency,truncated,1,4,read_file,done,0,0.24,"{""git_log"": 0.0, ""git_status"": 0.01, ""tail_log"": 0.03, ""cannot_proceed"": 0.29, ""find_files"": 0.05, ""done"": 0.02, ""process_list"": 0.0, ""read_file"": 0.3, ""kill_process"": 0.0, ""port_listeners"": 0.0, ""list_files"": 0.16, ""search_content"": 0.14, ""disk_usage"": 0.0}",0.05,162,817,320.9,jev-1.13.0
install the missing npm dependency,truncated,1,5,cannot_proceed,done,0,0.26,"{""disk_usage"": 0.0, ""process_list"": 0.0, ""read_file"": 0.21, ""port_listeners"": 0.0, ""git_log"": 0.0, ""find_files"": 0.05, ""search_content"": 0.14, ""cannot_proceed"": 0.32, ""done"": 0.02, ""list_files"": 0.21, ""git_status"": 0.02, ""kill_process"": 0.0, ""tail_log"": 0.03}",0.04,204,884,268.2,jev-1.13.0
what's the most recent commit in driftmark,truncated,1,0,git_log,git_log,1,0.98,"{""search_content"": 0.0, ""port_listeners"": 0.0, ""process_list"": 0.0, ""done"": 0.0, ""kill_process"": 0.0, ""disk_usage"": 0.0, ""find_files"": 0.0, ""list_files"": 0.01, ""cannot_proceed"": 0.01, ""git_status"": 0.0, ""read_file"": 0.0, ""tail_log"": 0.0, ""git_log"": 0.98}",0.02,17,589,252.5,jev-1.13.0
what's the most recent commit in driftmark,truncated,1,1,done,done,1,0.99,"{""cannot_proceed"": 0.0, ""disk_usage"": 0.0, ""port_listeners"": 0.0, ""tail_log"": 0.0, ""git_log"": 0.01, ""list_files"": 0.0, ""git_status"": 0.0, ""process_list"": 0.0, ""read_file"": 0.0, ""kill_process"": 0.0, ""find_files"": 0.0, ""done"": 0.99, ""search_content"": 0.0}",0.9,46,645,365.8,jev-1.13.0
what does the go module for glow require,truncated,1,0,read_file,read_file,1,0.47,"{""find_files"": 0.09, ""process_list"": 0.0, ""tail_log"": 0.0, ""read_file"": 0.52, ""port_listeners"": 0.0, ""disk_usage"": 0.0, ""cannot_proceed"": 0.03, ""search_content"": 0.15, ""done"": 0.0, ""kill_process"": 0.0, ""list_files"": 0.21, ""git_status"": 0.0, ""git_log"": 0.0}",0.03,17,587,320.2,jev-1.13.0
what does the go module for glow require,truncated,1,1,read_file,done,0,0.94,"{""cannot_proceed"": 0.01, ""search_content"": 0.01, ""tail_log"": 0.0, ""done"": 0.03, ""read_file"": 0.94, ""list_files"": 0.01, ""find_files"": 0.0, ""kill_process"": 0.0, ""git_status"": 0.0, ""process_list"": 0.0, ""git_log"": 0.0, ""port_listeners"": 0.0, ""disk_usage"": 0.0}",0.08,42,631,363.2,jev-1.13.0
what does the go module for glow require,truncated,1,2,read_file,done,0,0.94,"{""git_status"": 0.0, ""tail_log"": 0.0, ""cannot_proceed"": 0.01, ""list_files"": 0.02, ""disk_usage"": 0.0, ""read_file"": 0.95, ""port_listeners"": 0.0, ""done"": 0.01, ""process_list"": 0.0, ""find_files"": 0.0, ""kill_process"": 0.0, ""search_content"": 0.01, ""git_log"": 0.0}",0.07,69,676,340.0,jev-1.13.0
what does the go module for glow require,truncated,1,3,read_file,done,0,0.9,"{""port_listeners"": 0.0, ""done"": 0.01, ""git_log"": 0.0, ""search_content"": 0.03, ""git_status"": 0.0, ""find_files"": 0.0, ""list_files"": 0.03, ""read_file"": 0.91, ""kill_process"": 0.0, ""cannot_proceed"": 0.02, ""process_list"": 0.0, ""tail_log"": 0.0, ""disk_usage"": 0.0}",0.06,95,721,274.8,jev-1.13.0
what does the go module for glow require,truncated,1,4,read_file,done,0,0.87,"{""git_log"": 0.0, ""done"": 0.01, ""git_status"": 0.0, ""port_listeners"": 0.0, ""process_list"": 0.0, ""list_files"": 0.03, ""disk_usage"": 0.0, ""find_files"": 0.0, ""cannot_proceed"": 0.03, ""tail_log"": 0.0, ""search_content"": 0.04, ""kill_process"": 0.0, ""read_file"": 0.89}",0.05,121,766,221.5,jev-1.13.0
what does the go module for glow require,truncated,1,5,read_file,done,0,0.82,"{""process_list"": 0.0, ""disk_usage"": 0.0, ""done"": 0.02, ""read_file"": 0.84, ""port_listeners"": 0.0, ""tail_log"": 0.0, ""search_content"": 0.06, ""list_files"": 0.04, ""find_files"": 0.0, ""kill_process"": 0.0, ""cannot_proceed"": 0.04, ""git_status"": 0.0, ""git_log"": 0.0}",0.05,147,811,255.7,jev-1.13.0
are there uncommitted changes in the hermes project,truncated,1,0,git_status,git_status,1,0.78,"{""read_file"": 0.0, ""git_log"": 0.0, ""git_status"": 0.81, ""search_content"": 0.0, ""done"": 0.19, ""cannot_proceed"": 0.0, ""find_files"": 0.0, ""disk_usage"": 0.0, ""process_list"": 0.0, ""kill_process"": 0.0, ""list_files"": 0.0, ""port_listeners"": 0.0, ""tail_log"": 0.0}",0.45,19,590,239.5,jev-1.13.0
are there uncommitted changes in the hermes project,truncated,1,1,done,done,1,0.91,"{""cannot_proceed"": 0.0, ""read_file"": 0.04, ""find_files"": 0.0, ""search_content"": 0.0, ""port_listeners"": 0.0, ""tail_log"": 0.0, ""process_list"": 0.0, ""list_files"": 0.02, ""disk_usage"": 0.0, ""done"": 0.91, ""git_status"": 0.03, ""kill_process"": 0.0, ""git_log"": 0.0}",0.89,37,620,421.3,jev-1.13.0
which skill docs were modified,truncated,1,0,git_status,git_status,1,0.85,"{""read_file"": 0.0, ""git_log"": 0.1, ""done"": 0.02, ""find_files"": 0.01, ""port_listeners"": 0.0, ""list_files"": 0.0, ""git_status"": 0.86, ""kill_process"": 0.0, ""cannot_proceed"": 0.01, ""tail_log"": 0.0, ""search_content"": 0.0, ""process_list"": 0.0, ""disk_usage"": 0.0}",0.09,14,584,344.1,jev-1.13.0
which skill docs were modified,truncated,1,1,done,done,1,0.91,"{""process_list"": 0.0, ""disk_usage"": 0.0, ""tail_log"": 0.0, ""port_listeners"": 0.0, ""git_log"": 0.03, ""list_files"": 0.0, ""git_status"": 0.0, ""cannot_proceed"": 0.0, ""read_file"": 0.05, ""kill_process"": 0.0, ""find_files"": 0.0, ""done"": 0.92, ""search_content"": 0.0}",0.85,32,614,288.0,jev-1.13.0
kill whatever's on port 3000,truncated,2,0,port_listeners,port_listeners,1,1.0,"{""cannot_proceed"": 0.0, ""find_files"": 0.0, ""list_files"": 0.0, ""read_file"": 0.0, ""process_list"": 0.0, ""search_content"": 0.0, ""tail_log"": 0.0, ""port_listeners"": 1.0, ""disk_usage"": 0.0, ""git_status"": 0.0, ""kill_process"": 0.0, ""git_log"": 0.0, ""done"": 0.0}",0.07,14,589,299.7,jev-1.13.0
kill whatever's on port 3000,truncated,2,1,kill_process,kill_process,1,1.0,"{""done"": 0.0, ""kill_process"": 1.0, ""tail_log"": 0.0, ""git_status"": 0.0, ""git_log"": 0.0, ""process_list"": 0.0, ""port_listeners"": 0.0, ""search_content"": 0.0, ""read_file"": 0.0, ""find_files"": 0.0, ""disk_usage"": 0.0, ""cannot_proceed"": 0.0, ""list_files"": 0.0}",0.03,59,677,224.5,jev-1.13.0
kill whatever's on port 3000,truncated,2,2,port_listeners,done,0,0.55,"{""search_content"": 0.0, ""kill_process"": 0.25, ""process_list"": 0.01, ""cannot_proceed"": 0.04, ""tail_log"": 0.0, ""done"": 0.11, ""port_listeners"": 0.59, ""find_files"": 0.0, ""list_files"": 0.0, ""git_status"": 0.0, ""read_file"": 0.0, ""git_log"": 0.0, ""disk_usage"": 0.0}",0.36,75,704,258.5,jev-1.13.0
kill whatever's on port 3000,truncated,2,3,kill_process,done,0,0.95,"{""cannot_proceed"": 0.03, ""find_files"": 0.0, ""tail_log"": 0.0, ""search_content"": 0.0, ""kill_process"": 0.96, ""done"": 0.0, ""disk_usage"": 0.0, ""process_list"": 0.01, ""read_file"": 0.0, ""list_files"": 0.0, ""git_status"": 0.0, ""git_log"": 0.0, ""port_listeners"": 0.0}",0.03,121,793,237.4,jev-1.13.0
kill whatever's on port 3000,truncated,2,4,kill_process,done,0,0.81,"{""git_log"": 0.0, ""done"": 0.0, ""git_status"": 0.0, ""port_listeners"": 0.03, ""process_list"": 0.02, ""list_files"": 0.0, ""disk_usage"": 0.0, ""find_files"": 0.0, ""cannot_proceed"": 0.12, ""tail_log"": 0.0, ""search_content"": 0.0, ""kill_process"": 0.83, ""read_file"": 0.0}",0.03,137,820,261.9,jev-1.13.0
kill whatever's on port 3000,truncated,2,5,kill_process,done,0,0.63,"{""list_files"": 0.0, ""cannot_proceed"": 0.13, ""done"": 0.0, ""tail_log"": 0.0, ""process_list"": 0.02, ""port_listeners"": 0.18, ""git_status"": 0.0, ""kill_process"": 0.67, ""find_files"": 0.0, ""git_log"": 0.0, ""read_file"": 0.0, ""search_content"": 0.0, ""disk_usage"": 0.0}",0.03,153,847,225.2,jev-1.13.0
kill the process eating the most CPU,truncated,2,0,process_list,process_list,1,1.0,"{""process_list"": 1.0, ""search_content"": 0.0, ""find_files"": 0.0, ""tail_log"": 0.0, ""done"": 0.0, ""git_status"": 0.0, ""cannot_proceed"": 0.0, ""read_file"": 0.0, ""disk_usage"": 0.0, ""port_listeners"": 0.0, ""kill_process"": 0.0, ""list_files"": 0.0, ""git_log"": 0.0}",0.03,16,586,297.5,jev-1.13.0
kill the process eating the most CPU,truncated,2,1,kill_process,kill_process,1,1.0,"{""git_status"": 0.0, ""git_log"": 0.0, ""find_files"": 0.0, ""port_listeners"": 0.0, ""cannot_proceed"": 0.0, ""list_files"": 0.0, ""tail_log"": 0.0, ""process_list"": 0.0, ""read_file"": 0.0, ""disk_usage"": 0.0, ""done"": 0.0, ""search_content"": 0.0, ""kill_process"": 1.0}",0.04,55,663,238.0,jev-1.13.0
kill the process eating the most CPU,truncated,2,2,kill_process,done,0,0.36,"{""process_list"": 0.1, ""kill_process"": 0.42, ""port_listeners"": 0.0, ""find_files"": 0.0, ""git_log"": 0.0, ""list_files"": 0.0, ""git_status"": 0.0, ""done"": 0.37, ""cannot_proceed"": 0.11, ""tail_log"": 0.0, ""search_content"": 0.0, ""read_file"": 0.0, ""disk_usage"": 0.0}",0.31,70,690,283.6,jev-1.13.0
kill the process eating the most CPU,truncated,2,3,kill_process,done,0,0.52,"{""git_status"": 0.0, ""cannot_proceed"": 0.05, ""read_file"": 0.0, ""port_listeners"": 0.0, ""find_files"": 0.0, ""tail_log"": 0.0, ""kill_process"": 0.56, ""list_files"": 0.0, ""search_content"": 0.0, ""git_log"": 0.0, ""disk_usage"": 0.0, ""done"": 0.08, ""process_list"": 0.31}",0.23,86,717,241.9,jev-1.13.0
kill the process eating the most CPU,truncated,2,4,process_list,done,0,0.59,"{""cannot_proceed"": 0.06, ""search_content"": 0.0, ""tail_log"": 0.0, ""done"": 0.05, ""read_file"": 0.0, ""list_files"": 0.0, ""find_files"": 0.0, ""kill_process"": 0.26, ""git_status"": 0.0, ""process_list"": 0.63, ""git_log"": 0.0, ""port_listeners"": 0.0, ""disk_usage"": 0.0}",0.2,102,744,315.1,jev-1.13.0
kill the process eating the most CPU,truncated,2,5,kill_process,done,0,0.88,"{""find_files"": 0.0, ""process_list"": 0.01, ""read_file"": 0.0, ""tail_log"": 0.0, ""port_listeners"": 0.0, ""disk_usage"": 0.0, ""cannot_proceed"": 0.09, ""search_content"": 0.0, ""done"": 0.0, ""git_log"": 0.0, ""list_files"": 0.0, ""git_status"": 0.0, ""kill_process"": 0.9}",0.03,141,822,316.4,jev-1.13.0
tail the log that changed most recently,truncated,2,0,find_files,find_files,1,0.47,"{""list_files"": 0.43, ""find_files"": 0.51, ""tail_log"": 0.03, ""done"": 0.0, ""port_listeners"": 0.0, ""git_log"": 0.01, ""git_status"": 0.0, ""disk_usage"": 0.0, ""process_list"": 0.0, ""cannot_proceed"": 0.02, ""kill_process"": 0.0, ""read_file"": 0.0, ""search_content"": 0.0}",0.04,16,586,315.1,jev-1.13.0
tail the log that changed most recently,truncated,2,1,tail_log,tail_log,1,1.0,"{""done"": 0.0, ""kill_process"": 0.0, ""tail_log"": 1.0, ""cannot_proceed"": 0.0, ""git_log"": 0.0, ""git_status"": 0.0, ""port_listeners"": 0.0, ""search_content"": 0.0, ""read_file"": 0.0, ""disk_usage"": 0.0, ""find_files"": 0.0, ""process_list"": 0.0, ""list_files"": 0.0}",0.07,59,683,383.4,jev-1.13.0
tail the log that changed most recently,truncated,2,2,done,done,1,0.99,"{""cannot_proceed"": 0.0, ""done"": 1.0, ""kill_process"": 0.0, ""disk_usage"": 0.0, ""read_file"": 0.0, ""search_content"": 0.0, ""find_files"": 0.0, ""git_log"": 0.0, ""tail_log"": 0.0, ""process_list"": 0.0, ""port_listeners"": 0.0, ""git_status"": 0.0, ""list_files"": 0.0}",0.94,90,738,251.6,jev-1.13.0
what's using the most disk space here,truncated,2,0,disk_usage,disk_usage,1,1.0,"{""tail_log"": 0.0, ""search_content"": 0.0, ""read_file"": 0.0, ""git_log"": 0.0, ""list_files"": 0.0, ""done"": 0.0, ""process_list"": 0.0, ""kill_process"": 0.0, ""cannot_proceed"": 0.0, ""port_listeners"": 0.0, ""git_status"": 0.0, ""find_files"": 0.0, ""disk_usage"": 1.0}",0.03,16,587,273.0,jev-1.13.0
what's using the most disk space here,truncated,2,1,done,done,1,0.85,"{""disk_usage"": 0.07, ""cannot_proceed"": 0.0, ""find_files"": 0.04, ""git_status"": 0.0, ""done"": 0.87, ""tail_log"": 0.0, ""process_list"": 0.0, ""read_file"": 0.0, ""list_files"": 0.02, ""port_listeners"": 0.0, ""kill_process"": 0.0, ""search_content"": 0.0, ""git_log"": 0.0}",0.87,40,635,252.1,jev-1.13.0
restart the database,truncated,2,0,process_list,cannot_proceed,0,0.29,"{""git_status"": 0.0, ""tail_log"": 0.01, ""cannot_proceed"": 0.21, ""list_files"": 0.01, ""disk_usage"": 0.0, ""read_file"": 0.0, ""port_listeners"": 0.08, ""done"": 0.0, ""kill_process"": 0.33, ""find_files"": 0.0, ""process_list"": 0.36, ""search_content"": 0.0, ""git_log"": 0.0}",0.05,12,582,269.7,jev-1.13.0
restart the database,truncated,2,1,cannot_proceed,done,0,0.26,"{""cannot_proceed"": 0.32, ""kill_process"": 0.1, ""search_content"": 0.01, ""git_log"": 0.0, ""tail_log"": 0.02, ""port_listeners"": 0.3, ""process_list"": 0.24, ""find_files"": 0.0, ""disk_usage"": 0.0, ""done"": 0.0, ""git_status"": 0.0, ""read_file"": 0.0, ""list_files"": 0.01}",0.03,40,637,288.0,jev-1.13.0
which files have uncommitted changes,truncated,2,0,done,git_status,0,0.77,"{""git_log"": 0.0, ""tail_log"": 0.0, ""kill_process"": 0.0, ""port_listeners"": 0.0, ""search_content"": 0.0, ""find_files"": 0.0, ""cannot_proceed"": 0.0, ""process_list"": 0.0, ""done"": 0.8, ""list_files"": 0.0, ""git_status"": 0.2, ""read_file"": 0.0, ""disk_usage"": 0.0}",0.64,16,586,287.4,jev-1.13.0
show me the commit history for this repo,truncated,2,0,git_log,git_log,1,0.99,"{""git_status"": 0.0, ""tail_log"": 0.0, ""process_list"": 0.0, ""search_content"": 0.0, ""list_files"": 0.0, ""cannot_proceed"": 0.0, ""disk_usage"": 0.0, ""git_log"": 1.0, ""kill_process"": 0.0, ""read_file"": 0.0, ""find_files"": 0.0, ""port_listeners"": 0.0, ""done"": 0.0}",0.03,17,587,287.4,jev-1.13.0
show me the commit history for this repo,truncated,2,1,done,done,1,1.0,"{""git_log"": 0.0, ""git_status"": 0.0, ""tail_log"": 0.0, ""kill_process"": 0.0, ""cannot_proceed"": 0.0, ""read_file"": 0.0, ""process_list"": 0.0, ""find_files"": 0.0, ""search_content"": 0.0, ""port_listeners"": 0.0, ""list_files"": 0.0, ""done"": 1.0, ""disk_usage"": 0.0}",0.95,64,666,241.2,jev-1.13.0
what files are in the internal directory of the glow project,truncated,2,0,list_files,list_files,1,0.99,"{""search_content"": 0.0, ""process_list"": 0.0, ""tail_log"": 0.0, ""disk_usage"": 0.0, ""port_listeners"": 0.0, ""git_log"": 0.0, ""cannot_proceed"": 0.01, ""kill_process"": 0.0, ""done"": 0.0, ""list_files"": 0.99, ""git_status"": 0.0, ""read_file"": 0.0, ""find_files"": 0.0}",0.03,22,590,255.7,jev-1.13.0
what files are in the internal directory of the glow project,truncated,2,1,done,done,1,0.9,"{""tail_log"": 0.0, ""search_content"": 0.0, ""read_file"": 0.02, ""git_log"": 0.0, ""list_files"": 0.06, ""done"": 0.91, ""process_list"": 0.0, ""kill_process"": 0.0, ""cannot_proceed"": 0.0, ""port_listeners"": 0.0, ""git_status"": 0.0, ""find_files"": 0.01, ""disk_usage"": 0.0}",0.76,41,626,314.7,jev-1.13.0
show me the contents of the go module file,truncated,2,0,read_file,read_file,1,0.38,"{""port_listeners"": 0.0, ""git_log"": 0.0, ""list_files"": 0.14, ""git_status"": 0.0, ""cannot_proceed"": 0.01, ""process_list"": 0.0, ""tail_log"": 0.0, ""find_files"": 0.41, ""read_file"": 0.44, ""disk_usage"": 0.0, ""search_content"": 0.0, ""done"": 0.0, ""kill_process"": 0.0}",0.03,17,588,249.9,jev-1.13.0
show me the contents of the go module file,truncated,2,1,read_file,done,0,0.6,"{""process_list"": 0.0, ""git_log"": 0.0, ""list_files"": 0.01, ""git_status"": 0.0, ""cannot_proceed"": 0.01, ""find_files"": 0.01, ""tail_log"": 0.0, ""read_file"": 0.63, ""port_listeners"": 0.0, ""disk_usage"": 0.0, ""done"": 0.34, ""search_content"": 0.0, ""kill_process"": 0.0}",0.12,43,632,263.5,jev-1.13.0
show me the contents of the go module file,truncated,2,2,read_file,done,0,0.55,"{""process_list"": 0.0, ""list_files"": 0.02, ""cannot_proceed"": 0.02, ""read_file"": 0.59, ""find_files"": 0.01, ""search_content"": 0.0, ""tail_log"": 0.0, ""port_listeners"": 0.0, ""disk_usage"": 0.0, ""git_status"": 0.0, ""git_log"": 0.0, ""kill_process"": 0.0, ""done"": 0.36}",0.16,69,677,261.0,jev-1.13.0
show me the contents of the go module file,truncated,2,3,read_file,done,0,0.62,"{""disk_usage"": 0.0, ""process_list"": 0.0, ""read_file"": 0.65, ""done"": 0.28, ""git_log"": 0.0, ""find_files"": 0.01, ""search_content"": 0.0, ""cannot_proceed"": 0.03, ""tail_log"": 0.0, ""list_files"": 0.03, ""git_status"": 0.0, ""kill_process"": 0.0, ""port_listeners"": 0.0}",0.12,95,722,238.3,jev-1.13.0
show me the contents of the go module file,truncated,2,4,read_file,done,0,0.58,"{""kill_process"": 0.0, ""disk_usage"": 0.0, ""read_file"": 0.62, ""search_content"": 0.0, ""cannot_proceed"": 0.04, ""tail_log"": 0.0, ""git_log"": 0.0, ""list_files"": 0.04, ""process_list"": 0.0, ""find_files"": 0.01, ""port_listeners"": 0.0, ""done"": 0.29, ""git_status"": 0.0}",0.13,122,767,292.6,jev-1.13.0
show me the contents of the go module file,truncated,2,5,read_file,done,0,0.61,"{""find_files"": 0.01, ""tail_log"": 0.0, ""port_listeners"": 0.0, ""kill_process"": 0.0, ""search_content"": 0.0, ""git_log"": 0.0, ""cannot_proceed"": 0.05, ""done"": 0.24, ""process_list"": 0.0, ""list_files"": 0.05, ""read_file"": 0.65, ""git_status"": 0.0, ""disk_usage"": 0.0}",0.12,148,812,280.5,jev-1.13.0
is anything listening on port 9999,truncated,2,0,done,port_listeners,0,0.57,"{""git_status"": 0.0, ""git_log"": 0.0, ""find_files"": 0.0, ""port_listeners"": 0.38, ""cannot_proceed"": 0.01, ""list_files"": 0.0, ""tail_log"": 0.0, ""process_list"": 0.0, ""read_file"": 0.0, ""disk_usage"": 0.0, ""search_content"": 0.0, ""done"": 0.61, ""kill_process"": 0.0}",0.72,15,589,226.9,jev-1.13.0
kill whichever process is using the most memory,truncated,2,0,process_list,process_list,1,1.0,"{""find_files"": 0.0, ""process_list"": 1.0, ""tail_log"": 0.0, ""read_file"": 0.0, ""git_log"": 0.0, ""disk_usage"": 0.0, ""cannot_proceed"": 0.0, ""search_content"": 0.0, ""done"": 0.0, ""kill_process"": 0.0, ""list_files"": 0.0, ""git_status"": 0.0, ""port_listeners"": 0.0}",0.03,18,587,288.5,jev-1.13.0
kill whichever process is using the most memory,truncated,2,1,kill_process,kill_process,1,0.99,"{""cannot_proceed"": 0.0, ""done"": 0.0, ""process_list"": 0.01, ""search_content"": 0.0, ""git_status"": 0.0, ""port_listeners"": 0.0, ""find_files"": 0.0, ""tail_log"": 0.0, ""kill_process"": 0.99, ""disk_usage"": 0.0, ""read_file"": 0.0, ""list_files"": 0.0, ""git_log"": 0.0}",0.05,92,726,268.6,jev-1.13.0
kill whichever process is using the most memory,truncated,2,2,done,done,1,0.5,"{""git_log"": 0.0, ""git_status"": 0.0, ""tail_log"": 0.0, ""cannot_proceed"": 0.08, ""kill_process"": 0.31, ""read_file"": 0.0, ""process_list"": 0.06, ""done"": 0.55, ""search_content"": 0.0, ""port_listeners"": 0.0, ""list_files"": 0.0, ""find_files"": 0.0, ""disk_usage"": 0.0}",0.29,108,753,307.9,jev-1.13.0
show me the file that uses the jpeg encoder library,truncated,2,0,search_content,search_content,1,0.98,"{""list_files"": 0.0, ""process_list"": 0.0, ""find_files"": 0.01, ""tail_log"": 0.0, ""done"": 0.0, ""git_status"": 0.0, ""cannot_proceed"": 0.0, ""read_file"": 0.0, ""disk_usage"": 0.0, ""port_listeners"": 0.0, ""kill_process"": 0.0, ""search_content"": 0.99, ""git_log"": 0.0}",0.03,19,589,362.0,jev-1.13.0
show me the file that uses the jpeg encoder library,truncated,2,1,done,read_file,0,0.5,"{""disk_usage"": 0.0, ""process_list"": 0.0, ""search_content"": 0.0, ""git_log"": 0.0, ""done"": 0.55, ""git_status"": 0.0, ""cannot_proceed"": 0.0, ""read_file"": 0.45, ""tail_log"": 0.0, ""list_files"": 0.0, ""kill_process"": 0.0, ""port_listeners"": 0.0, ""find_files"": 0.0}",0.74,89,690,366.1,jev-1.13.0
find recently modified go files and show the most recent one,truncated,2,0,find_files,find_files,1,0.93,"{""git_log"": 0.01, ""git_status"": 0.03, ""tail_log"": 0.0, ""cannot_proceed"": 0.01, ""kill_process"": 0.0, ""search_content"": 0.0, ""process_list"": 0.0, ""find_files"": 0.93, ""read_file"": 0.0, ""port_listeners"": 0.0, ""list_files"": 0.01, ""done"": 0.01, ""disk_usage"": 0.0}",0.05,22,590,297.6,jev-1.13.0
find recently modified go files and show the most recent one,truncated,2,1,read_file,read_file,1,0.2,"{""process_list"": 0.0, ""port_listeners"": 0.0, ""done"": 0.04, ""read_file"": 0.25, ""disk_usage"": 0.0, ""tail_log"": 0.0, ""search_content"": 0.0, ""list_files"": 0.11, ""find_files"": 0.23, ""kill_process"": 0.0, ""git_status"": 0.23, ""cannot_proceed"": 0.05, ""git_log"": 0.09}",0.09,59,646,245.3,jev-1.13.0
find recently modified go files and show the most recent one,truncated,2,2,read_file,done,0,0.52,"{""git_log"": 0.09, ""kill_process"": 0.0, ""tail_log"": 0.0, ""done"": 0.03, ""port_listeners"": 0.0, ""read_file"": 0.56, ""git_status"": 0.11, ""process_list"": 0.0, ""disk_usage"": 0.0, ""find_files"": 0.11, ""cannot_proceed"": 0.03, ""list_files"": 0.07, ""search_content"": 0.0}",0.12,98,694,323.5,jev-1.13.0
find recently modified go files and show the most recent one,truncated,2,3,read_file,done,0,0.39,"{""git_log"": 0.1, ""done"": 0.05, ""git_status"": 0.12, ""search_content"": 0.0, ""process_list"": 0.0, ""list_files"": 0.05, ""disk_usage"": 0.0, ""find_files"": 0.18000000000000002, ""port_listeners"": 0.0, ""tail_log"": 0.0, ""cannot_proceed"": 0.06, ""read_file"": 0.44, ""kill_process"": 0.0}",0.08,138,742,339.1,jev-1.13.0
find recently modified go files and show the most recent one,truncated,2,4,read_file,done,0,0.31,"{""git_status"": 0.18000000000000002, ""cannot_proceed"": 0.09, ""kill_process"": 0.0, ""tail_log"": 0.0, ""git_log"": 0.1, ""process_list"": 0.0, ""list_files"": 0.05, ""search_content"": 0.0, ""read_file"": 0.37, ""find_files"": 0.17, ""done"": 0.04, ""port_listeners"": 0.0, ""disk_usage"": 0.0}",0.07,177,790,234.7,jev-1.13.0
find recently modified go files and show the most recent one,truncated,2,5,find_files,done,0,0.18,"{""git_log"": 0.12, ""process_list"": 0.0, ""port_listeners"": 0.0, ""tail_log"": 0.0, ""kill_process"": 0.0, ""disk_usage"": 0.0, ""find_files"": 0.25, ""list_files"": 0.11, ""cannot_proceed"": 0.13, ""git_status"": 0.25, ""read_file"": 0.1, ""done"": 0.04, ""search_content"": 0.0}",0.05,216,838,288.0,jev-1.13.0
read whichever readme is in the skills project,truncated,2,0,list_files,list_files,1,0.5,"{""done"": 0.0, ""read_file"": 0.05, ""kill_process"": 0.0, ""cannot_proceed"": 0.0, ""disk_usage"": 0.0, ""process_list"": 0.0, ""tail_log"": 0.0, ""git_status"": 0.0, ""find_files"": 0.41, ""list_files"": 0.54, ""git_log"": 0.0, ""port_listeners"": 0.0, ""search_content"": 0.0}",0.04,18,588,287.6,jev-1.13.0
read whichever readme is in the skills project,truncated,2,1,read_file,read_file,1,1.0,"{""search_content"": 0.0, ""port_listeners"": 0.0, ""process_list"": 0.0, ""done"": 0.0, ""kill_process"": 0.0, ""read_file"": 1.0, ""find_files"": 0.0, ""list_files"": 0.0, ""cannot_proceed"": 0.0, ""git_status"": 0.0, ""disk_usage"": 0.0, ""tail_log"": 0.0, ""git_log"": 0.0}",0.07,44,626,238.9,jev-1.13.0
read whichever readme is in the skills project,truncated,2,2,done,done,1,0.75,"{""cannot_proceed"": 0.0, ""list_files"": 0.0, ""find_files"": 0.0, ""read_file"": 0.22, ""process_list"": 0.0, ""search_content"": 0.01, ""port_listeners"": 0.0, ""tail_log"": 0.0, ""disk_usage"": 0.0, ""git_status"": 0.0, ""kill_process"": 0.0, ""git_log"": 0.0, ""done"": 0.77}",0.71,95,689,298.7,jev-1.13.0
tail whichever npm log has the most content in it,truncated,2,0,list_files,find_files,0,0.49,"{""find_files"": 0.24, ""cannot_proceed"": 0.03, ""tail_log"": 0.19, ""search_content"": 0.0, ""kill_process"": 0.0, ""done"": 0.0, ""disk_usage"": 0.01, ""process_list"": 0.0, ""read_file"": 0.0, ""list_files"": 0.53, ""port_listeners"": 0.0, ""git_log"": 0.0, ""git_status"": 0.0}",0.03,19,589,239.8,jev-1.13.0
tail whichever npm log has the most content in it,truncated,2,1,tail_log,tail_log,1,0.27,"{""process_list"": 0.0, ""port_listeners"": 0.0, ""done"": 0.0, ""read_file"": 0.3, ""disk_usage"": 0.06, ""tail_log"": 0.34, ""list_files"": 0.06, ""search_content"": 0.0, ""find_files"": 0.24, ""kill_process"": 0.0, ""cannot_proceed"": 0.0, ""git_status"": 0.0, ""git_log"": 0.0}",0.05,78,756,218.4,jev-1.13.0
tail whichever npm log has the most content in it,truncated,2,2,tail_log,done,0,0.34,"{""git_log"": 0.0, ""tail_log"": 0.4, ""cannot_proceed"": 0.01, ""list_files"": 0.02, ""disk_usage"": 0.01, ""read_file"": 0.28, ""port_listeners"": 0.0, ""done"": 0.04, ""process_list"": 0.0, ""find_files"": 0.24, ""kill_process"": 0.0, ""search_content"": 0.0, ""git_status"": 0.0}",0.14,121,823,287.7,jev-1.13.0
tail whichever npm log has the most content in it,truncated,2,3,tail_log,done,0,0.41,"{""read_file"": 0.29, ""git_log"": 0.0, ""done"": 0.05, ""git_status"": 0.0, ""search_content"": 0.0, ""cannot_proceed"": 0.02, ""process_list"": 0.0, ""disk_usage"": 0.01, ""find_files"": 0.16, ""list_files"": 0.02, ""kill_process"": 0.0, ""port_listeners"": 0.0, ""tail_log"": 0.45}",0.12,163,890,303.9,jev-1.13.0
tail whichever npm log has the most content in it,truncated,2,4,tail_log,done,0,0.33,"{""cannot_proceed"": 0.03, ""find_files"": 0.19, ""tail_log"": 0.39, ""search_content"": 0.0, ""kill_process"": 0.0, ""done"": 0.07, ""disk_usage"": 0.04, ""git_status"": 0.0, ""read_file"": 0.25, ""list_files"": 0.03, ""process_list"": 0.0, ""git_log"": 0.0, ""port_listeners"": 0.0}",0.09,206,957,232.0,jev-1.13.0
tail whichever npm log has the most content in it,truncated,2,5,read_file,done,0,0.4,"{""cannot_proceed"": 0.08, ""done"": 0.08, ""kill_process"": 0.0, ""find_files"": 0.17, ""read_file"": 0.44, ""search_content"": 0.01, ""tail_log"": 0.18, ""git_log"": 0.0, ""disk_usage"": 0.02, ""process_list"": 0.0, ""port_listeners"": 0.0, ""git_status"": 0.0, ""list_files"": 0.02}",0.08,249,1024,511.9,jev-1.13.0
show the most recently changed file in the skills repo,truncated,2,0,git_log,find_files,0,0.68,"{""tail_log"": 0.0, ""disk_usage"": 0.0, ""list_files"": 0.1, ""find_files"": 0.08, ""port_listeners"": 0.0, ""kill_process"": 0.0, ""read_file"": 0.0, ""cannot_proceed"": 0.01, ""git_log"": 0.71, ""done"": 0.0, ""git_status"": 0.1, ""process_list"": 0.0, ""search_content"": 0.0}",0.03,20,589,216.5,jev-1.13.0
show the most recently changed file in the skills repo,truncated,2,1,git_log,read_file,0,0.27,"{""cannot_proceed"": 0.1, ""search_content"": 0.0, ""find_files"": 0.1, ""git_status"": 0.27, ""done"": 0.07, ""tail_log"": 0.01, ""process_list"": 0.0, ""read_file"": 0.03, ""list_files"": 0.09, ""port_listeners"": 0.0, ""kill_process"": 0.0, ""disk_usage"": 0.0, ""git_log"": 0.33}",0.17,68,668,308.2,jev-1.13.0
show the most recently changed file in the skills repo,truncated,2,2,git_status,done,0,0.35,"{""cannot_proceed"": 0.12, ""find_files"": 0.08, ""list_files"": 0.13, ""read_file"": 0.01, ""process_list"": 0.0, ""search_content"": 0.0, ""port_listeners"": 0.0, ""tail_log"": 0.0, ""disk_usage"": 0.0, ""git_log"": 0.13, ""kill_process"": 0.0, ""git_status"": 0.41000000000000003, ""done"": 0.12}",0.17,116,748,311.0,jev-1.13.0
show the most recently changed file in the skills repo,truncated,2,3,git_log,done,0,0.23,"{""find_files"": 0.17, ""process_list"": 0.0, ""tail_log"": 0.0, ""read_file"": 0.02, ""git_log"": 0.3, ""disk_usage"": 0.0, ""cannot_proceed"": 0.27, ""kill_process"": 0.0, ""done"": 0.09, ""search_content"": 0.0, ""port_listeners"": 0.0, ""git_status"": 0.0, ""list_files"": 0.15}",0.09,138,782,235.9,jev-1.13.0
show the most recently changed file in the skills repo,truncated,2,4,git_log,done,0,0.23,"{""git_status"": 0.0, ""git_log"": 0.3, ""find_files"": 0.14, ""list_files"": 0.18, ""cannot_proceed"": 0.24000000000000002, ""port_listeners"": 0.0, ""tail_log"": 0.0, ""process_list"": 0.0, ""read_file"": 0.02, ""disk_usage"": 0.0, ""done"": 0.12, ""search_content"": 0.0, ""kill_process"": 0.0}",0.12,187,862,272.6,jev-1.13.0
show the most recently changed file in the skills repo,truncated,2,5,cannot_proceed,done,0,0.2,"{""tail_log"": 0.0, ""disk_usage"": 0.0, ""git_log"": 0.18, ""search_content"": 0.0, ""git_status"": 0.0, ""find_files"": 0.23, ""list_files"": 0.24, ""kill_process"": 0.0, ""read_file"": 0.01, ""cannot_proceed"": 0.27, ""port_listeners"": 0.0, ""process_list"": 0.0, ""done"": 0.07}",0.07,235,942,253.0,jev-1.13.0
tail whichever npm log is newest,truncated,2,0,find_files,find_files,1,0.58,"{""git_log"": 0.0, ""port_listeners"": 0.0, ""process_list"": 0.0, ""done"": 0.0, ""kill_process"": 0.0, ""read_file"": 0.0, ""find_files"": 0.62, ""list_files"": 0.15, ""cannot_proceed"": 0.01, ""git_status"": 0.0, ""tail_log"": 0.22, ""disk_usage"": 0.0, ""search_content"": 0.0}",0.04,15,585,244.4,jev-1.13.0
tail whichever npm log is newest,truncated,2,1,tail_log,tail_log,1,0.97,"{""done"": 0.0, ""cannot_proceed"": 0.0, ""process_list"": 0.0, ""tail_log"": 0.98, ""git_log"": 0.0, ""kill_process"": 0.0, ""port_listeners"": 0.0, ""search_content"": 0.0, ""read_file"": 0.0, ""disk_usage"": 0.0, ""find_files"": 0.02, ""git_status"": 0.0, ""list_files"": 0.0}",0.07,74,752,252.1,jev-1.13.0
tail whichever npm log is newest,truncated,2,2,done,done,1,0.93,"{""disk_usage"": 0.0, ""process_list"": 0.0, ""read_file"": 0.0, ""port_listeners"": 0.0, ""git_log"": 0.0, ""find_files"": 0.0, ""tail_log"": 0.05, ""search_content"": 0.0, ""cannot_proceed"": 0.0, ""list_files"": 0.0, ""git_status"": 0.0, ""kill_process"": 0.0, ""done"": 0.95}",0.78,139,841,272.0,jev-1.13.0
deploy the app to production,truncated,2,0,git_status,cannot_proceed,0,0.33,"{""search_content"": 0.0, ""disk_usage"": 0.0, ""list_files"": 0.34, ""port_listeners"": 0.0, ""git_log"": 0.04, ""tail_log"": 0.0, ""git_status"": 0.39, ""process_list"": 0.0, ""read_file"": 0.01, ""kill_process"": 0.0, ""find_files"": 0.01, ""done"": 0.0, ""cannot_proceed"": 0.21}",0.05,14,584,255.4,jev-1.13.0
deploy the app to production,truncated,2,1,git_log,done,0,0.61,"{""search_content"": 0.0, ""disk_usage"": 0.0, ""find_files"": 0.01, ""port_listeners"": 0.0, ""tail_log"": 0.0, ""cannot_proceed"": 0.06, ""git_status"": 0.0, ""git_log"": 0.65, ""done"": 0.01, ""process_list"": 0.0, ""list_files"": 0.23, ""read_file"": 0.04, ""kill_process"": 0.0}",0.05,35,617,232.6,jev-1.13.0
deploy the app to production,truncated,2,2,list_files,done,0,0.72,"{""disk_usage"": 0.0, ""cannot_proceed"": 0.07, ""find_files"": 0.01, ""tail_log"": 0.0, ""done"": 0.0, ""git_status"": 0.0, ""process_list"": 0.0, ""read_file"": 0.16, ""search_content"": 0.01, ""port_listeners"": 0.0, ""kill_process"": 0.0, ""list_files"": 0.75, ""git_log"": 0.0}",0.05,59,663,292.2,jev-1.13.0
deploy the app to production,truncated,2,3,read_file,done,0,0.83,"{""git_status"": 0.0, ""cannot_proceed"": 0.03, ""git_log"": 0.0, ""tail_log"": 0.0, ""list_files"": 0.07, ""process_list"": 0.0, ""kill_process"": 0.0, ""read_file"": 0.85, ""search_content"": 0.02, ""find_files"": 0.03, ""done"": 0.0, ""port_listeners"": 0.0, ""disk_usage"": 0.0}",0.04,78,696,255.4,jev-1.13.0
deploy the app to production,truncated,2,4,read_file,done,0,0.7,"{""done"": 0.0, ""kill_process"": 0.0, ""process_list"": 0.0, ""cannot_proceed"": 0.03, ""git_log"": 0.0, ""git_status"": 0.0, ""port_listeners"": 0.0, ""search_content"": 0.11, ""read_file"": 0.74, ""disk_usage"": 0.0, ""find_files"": 0.06, ""tail_log"": 0.0, ""list_files"": 0.06}",0.03,105,741,267.2,jev-1.13.0
deploy the app to production,truncated,2,5,read_file,done,0,0.58,"{""done"": 0.0, ""cannot_proceed"": 0.03, ""git_status"": 0.0, ""tail_log"": 0.0, ""git_log"": 0.0, ""process_list"": 0.0, ""port_listeners"": 0.0, ""search_content"": 0.15000000000000002, ""read_file"": 0.62, ""find_files"": 0.1, ""disk_usage"": 0.0, ""kill_process"": 0.0, ""list_files"": 0.1}",0.03,131,786,225.4,jev-1.13.0
send a message to the team on slack,truncated,2,0,cannot_proceed,cannot_proceed,1,0.99,"{""done"": 0.0, ""kill_process"": 0.0, ""git_status"": 0.0, ""cannot_proceed"": 1.0, ""git_log"": 0.0, ""process_list"": 0.0, ""port_listeners"": 0.0, ""search_content"": 0.0, ""read_file"": 0.0, ""find_files"": 0.0, ""disk_usage"": 0.0, ""tail_log"": 0.0, ""list_files"": 0.0}",0.04,15,587,298.2,jev-1.13.0
rename this file to something else,truncated,2,0,list_files,cannot_proceed,0,0.52,"{""read_file"": 0.01, ""kill_process"": 0.0, ""port_listeners"": 0.0, ""find_files"": 0.17, ""git_log"": 0.0, ""list_files"": 0.56, ""git_status"": 0.0, ""done"": 0.0, ""cannot_proceed"": 0.25, ""tail_log"": 0.0, ""search_content"": 0.0, ""process_list"": 0.0, ""disk_usage"": 0.0}",0.04,15,585,249.8,jev-1.13.0
rename this file to something else,truncated,2,1,cannot_proceed,done,0,0.35,"{""kill_process"": 0.0, ""disk_usage"": 0.0, ""read_file"": 0.07, ""cannot_proceed"": 0.41000000000000003, ""search_content"": 0.0, ""git_log"": 0.0, ""tail_log"": 0.0, ""list_files"": 0.09, ""process_list"": 0.0, ""find_files"": 0.39, ""port_listeners"": 0.0, ""done"": 0.0, ""git_status"": 0.04}",0.03,34,617,277.5,jev-1.13.0
install the missing npm dependency,truncated,2,0,list_files,cannot_proceed,0,0.56,"{""git_status"": 0.01, ""cannot_proceed"": 0.08, ""read_file"": 0.25, ""list_files"": 0.59, ""tail_log"": 0.04, ""process_list"": 0.0, ""search_content"": 0.01, ""kill_process"": 0.0, ""git_log"": 0.0, ""find_files"": 0.02, ""done"": 0.0, ""port_listeners"": 0.0, ""disk_usage"": 0.0}",0.05,15,584,217.8,jev-1.13.0
install the missing npm dependency,truncated,2,1,read_file,done,0,0.65,"{""find_files"": 0.06, ""process_list"": 0.0, ""tail_log"": 0.01, ""read_file"": 0.67, ""port_listeners"": 0.0, ""disk_usage"": 0.0, ""list_files"": 0.13, ""search_content"": 0.03, ""done"": 0.0, ""cannot_proceed"": 0.09, ""git_log"": 0.0, ""git_status"": 0.01, ""kill_process"": 0.0}",0.03,34,616,299.1,jev-1.13.0
install the missing npm dependency,truncated,2,2,read_file,done,0,0.35,"{""process_list"": 0.0, ""git_log"": 0.0, ""list_files"": 0.19, ""git_status"": 0.02, ""cannot_proceed"": 0.23, ""port_listeners"": 0.0, ""tail_log"": 0.01, ""find_files"": 0.07, ""read_file"": 0.41000000000000003, ""disk_usage"": 0.0, ""done"": 0.0, ""search_content"": 0.06, ""kill_process"": 0.0}",0.05,77,683,244.5,jev-1.13.0
install the missing npm dependency,truncated,2,3,cannot_proceed,done,0,0.29,"{""read_file"": 0.3, ""git_log"": 0.0, ""search_content"": 0.08, ""git_status"": 0.02, ""done"": 0.01, ""cannot_proceed"": 0.35000000000000003, ""process_list"": 0.0, ""disk_usage"": 0.0, ""find_files"": 0.07, ""list_files"": 0.16, ""kill_process"": 0.0, ""port_listeners"": 0.0, ""tail_log"": 0.01}",0.05,119,750,283.5,jev-1.13.0
what's the most recent commit in driftmark,truncated,2,0,git_log,git_log,1,0.98,"{""find_files"": 0.0, ""tail_log"": 0.0, ""process_list"": 0.0, ""search_content"": 0.0, ""list_files"": 0.01, ""cannot_proceed"": 0.01, ""port_listeners"": 0.0, ""read_file"": 0.0, ""kill_process"": 0.0, ""git_status"": 0.0, ""git_log"": 0.98, ""disk_usage"": 0.0, ""done"": 0.0}",0.02,17,589,224.6,jev-1.13.0
what's the most recent commit in driftmark,truncated,2,1,done,done,1,0.99,"{""tail_log"": 0.0, ""git_status"": 0.0, ""search_content"": 0.0, ""git_log"": 0.01, ""port_listeners"": 0.0, ""done"": 0.99, ""process_list"": 0.0, ""disk_usage"": 0.0, ""read_file"": 0.0, ""cannot_proceed"": 0.0, ""find_files"": 0.0, ""list_files"": 0.0, ""kill_process"": 0.0}",0.86,46,645,299.8,jev-1.13.0
what does the go module for glow require,truncated,2,0,read_file,read_file,1,0.48,"{""process_list"": 0.0, ""read_file"": 0.53, ""search_content"": 0.16, ""kill_process"": 0.0, ""disk_usage"": 0.0, ""list_files"": 0.19, ""git_log"": 0.0, ""git_status"": 0.0, ""port_listeners"": 0.0, ""tail_log"": 0.0, ""find_files"": 0.09, ""cannot_proceed"": 0.03, ""done"": 0.0}",0.03,17,587,262.7,jev-1.13.0
what does the go module for glow require,truncated,2,1,read_file,done,0,0.94,"{""tail_log"": 0.0, ""disk_usage"": 0.0, ""list_files"": 0.01, ""find_files"": 0.0, ""port_listeners"": 0.0, ""kill_process"": 0.0, ""read_file"": 0.94, ""cannot_proceed"": 0.01, ""git_log"": 0.0, ""done"": 0.03, ""git_status"": 0.0, ""process_list"": 0.0, ""search_content"": 0.01}",0.08,42,631,254.0,jev-1.13.0
what does the go module for glow require,truncated,2,2,read_file,done,0,0.94,"{""cannot_proceed"": 0.01, ""search_content"": 0.01, ""tail_log"": 0.0, ""done"": 0.01, ""read_file"": 0.95, ""list_files"": 0.02, ""find_files"": 0.0, ""kill_process"": 0.0, ""git_status"": 0.0, ""process_list"": 0.0, ""git_log"": 0.0, ""port_listeners"": 0.0, ""disk_usage"": 0.0}",0.07,69,676,257.8,jev-1.13.0
what does the go module for glow require,truncated,2,3,read_file,done,0,0.89,"{""port_listeners"": 0.0, ""cannot_proceed"": 0.03, ""done"": 0.01, ""tail_log"": 0.0, ""git_status"": 0.0, ""process_list"": 0.0, ""list_files"": 0.03, ""find_files"": 0.0, ""kill_process"": 0.0, ""git_log"": 0.0, ""read_file"": 0.9, ""search_content"": 0.03, ""disk_usage"": 0.0}",0.06,95,721,269.1,jev-1.13.0
what does the go module for glow require,truncated,2,4,read_file,done,0,0.88,"{""list_files"": 0.03, ""port_listeners"": 0.0, ""cannot_proceed"": 0.03, ""done"": 0.01, ""kill_process"": 0.0, ""git_status"": 0.0, ""find_files"": 0.0, ""process_list"": 0.0, ""disk_usage"": 0.0, ""git_log"": 0.0, ""tail_log"": 0.0, ""search_content"": 0.04, ""read_file"": 0.89}",0.05,121,766,257.6,jev-1.13.0
what does the go module for glow require,truncated,2,5,read_file,done,0,0.88,"{""kill_process"": 0.0, ""disk_usage"": 0.0, ""read_file"": 0.89, ""search_content"": 0.04, ""cannot_proceed"": 0.03, ""tail_log"": 0.0, ""git_log"": 0.0, ""list_files"": 0.03, ""process_list"": 0.0, ""find_files"": 0.0, ""git_status"": 0.0, ""done"": 0.01, ""port_listeners"": 0.0}",0.05,147,811,275.0,jev-1.13.0
are there uncommitted changes in the hermes project,truncated,2,0,git_status,git_status,1,0.77,"{""find_files"": 0.0, ""process_list"": 0.0, ""read_file"": 0.0, ""tail_log"": 0.0, ""git_log"": 0.0, ""disk_usage"": 0.0, ""list_files"": 0.0, ""search_content"": 0.0, ""done"": 0.2, ""kill_process"": 0.0, ""port_listeners"": 0.0, ""git_status"": 0.8, ""cannot_proceed"": 0.0}",0.5,19,590,307.0,jev-1.13.0
are there uncommitted changes in the hermes project,truncated,2,1,done,done,1,0.94,"{""done"": 0.94, ""cannot_proceed"": 0.0, ""process_list"": 0.0, ""git_status"": 0.03, ""git_log"": 0.0, ""kill_process"": 0.0, ""port_listeners"": 0.0, ""search_content"": 0.0, ""read_file"": 0.02, ""find_files"": 0.0, ""disk_usage"": 0.0, ""tail_log"": 0.0, ""list_files"": 0.01}",0.88,37,620,270.3,jev-1.13.0
which skill docs were modified,truncated,2,0,git_status,git_status,1,0.83,"{""kill_process"": 0.0, ""search_content"": 0.0, ""port_listeners"": 0.0, ""process_list"": 0.0, ""cannot_proceed"": 0.01, ""read_file"": 0.0, ""list_files"": 0.01, ""find_files"": 0.01, ""disk_usage"": 0.0, ""git_status"": 0.85, ""tail_log"": 0.0, ""done"": 0.01, ""git_log"": 0.11}",0.06,14,584,294.9,jev-1.13.0
which skill docs were modified,truncated,2,1,done,done,1,0.91,"{""git_log"": 0.03, ""tail_log"": 0.0, ""cannot_proceed"": 0.0, ""disk_usage"": 0.0, ""list_files"": 0.0, ""read_file"": 0.05, ""port_listeners"": 0.0, ""done"": 0.92, ""process_list"": 0.0, ""find_files"": 0.0, ""kill_process"": 0.0, ""search_content"": 0.0, ""git_status"": 0.0}",0.86,32,614,258.0,jev-1.13.0
