fixture_id,strategy,repeat,step_idx,chosen,expected,correct,confidence,probabilities_json,goal_noul,satisfiable_noul,state_tokens,input_tokens,latency_ms,model
kill whatever's on port 3000,truncated,0,0,port_listeners,port_listeners,1,0.98,"{""tail_log"": 0.0, ""list_files"": 0.0, ""port_listeners"": 0.99, ""git_log"": 0.0, ""read_file"": 0.0, ""done"": 0.0, ""search_content"": 0.0, ""kill_process"": 0.0, ""find_files"": 0.0, ""process_list"": 0.0, ""cannot_proceed"": 0.01, ""git_status"": 0.0, ""disk_usage"": 0.0}",0.07,0.92,14,1845,590.7,jev-1.13.0
kill whatever's on port 3000,truncated,0,1,kill_process,kill_process,1,1.0,"{""git_status"": 0.0, ""disk_usage"": 0.0, ""find_files"": 0.0, ""done"": 0.0, ""kill_process"": 1.0, ""list_files"": 0.0, ""read_file"": 0.0, ""port_listeners"": 0.0, ""search_content"": 0.0, ""tail_log"": 0.0, ""process_list"": 0.0, ""git_log"": 0.0, ""cannot_proceed"": 0.0}",0.03,0.97,59,1933,272.5,jev-1.13.0
kill whatever's on port 3000,truncated,0,2,kill_process,done,0,0.48,"{""kill_process"": 0.53, ""disk_usage"": 0.0, ""search_content"": 0.0, ""cannot_proceed"": 0.05, ""git_status"": 0.0, ""find_files"": 0.0, ""port_listeners"": 0.25, ""done"": 0.16, ""process_list"": 0.01, ""tail_log"": 0.0, ""list_files"": 0.0, ""git_log"": 0.0, ""read_file"": 0.0}",0.36,0.93,75,1960,257.0,jev-1.13.0
kill whatever's on port 3000,truncated,0,3,kill_process,done,0,0.58,"{""port_listeners"": 0.3, ""tail_log"": 0.0, ""disk_usage"": 0.0, ""find_files"": 0.0, ""cannot_proceed"": 0.04, ""process_list"": 0.01, ""search_content"": 0.0, ""done"": 0.04, ""list_files"": 0.0, ""read_file"": 0.0, ""git_status"": 0.0, ""kill_process"": 0.61, ""git_log"": 0.0}",0.25,0.86,91,1987,274.4,jev-1.13.0
kill whatever's on port 3000,truncated,0,4,kill_process,done,0,0.57,"{""disk_usage"": 0.0, ""git_log"": 0.0, ""find_files"": 0.0, ""kill_process"": 0.62, ""port_listeners"": 0.3, ""done"": 0.03, ""cannot_proceed"": 0.04, ""read_file"": 0.0, ""list_files"": 0.0, ""process_list"": 0.01, ""tail_log"": 0.0, ""git_status"": 0.0, ""search_content"": 0.0}",0.22,0.87,107,2014,208.6,jev-1.13.0
kill whatever's on port 3000,truncated,0,5,kill_process,done,0,0.43,"{""tail_log"": 0.0, ""port_listeners"": 0.44, ""process_list"": 0.01, ""read_file"": 0.0, ""git_log"": 0.0, ""search_content"": 0.0, ""find_files"": 0.0, ""git_status"": 0.0, ""kill_process"": 0.49, ""done"": 0.02, ""disk_usage"": 0.0, ""cannot_proceed"": 0.04, ""list_files"": 0.0}",0.2,0.85,122,2041,213.6,jev-1.13.0
kill the process eating the most CPU,truncated,0,0,process_list,process_list,1,1.0,"{""read_file"": 0.0, ""git_log"": 0.0, ""done"": 0.0, ""find_files"": 0.0, ""disk_usage"": 0.0, ""tail_log"": 0.0, ""kill_process"": 0.0, ""cannot_proceed"": 0.0, ""process_list"": 1.0, ""search_content"": 0.0, ""git_status"": 0.0, ""list_files"": 0.0, ""port_listeners"": 0.0}",0.03,0.93,16,1842,351.5,jev-1.13.0
kill the process eating the most CPU,truncated,0,1,kill_process,kill_process,1,1.0,"{""read_file"": 0.0, ""disk_usage"": 0.0, ""done"": 0.0, ""search_content"": 0.0, ""git_status"": 0.0, ""tail_log"": 0.0, ""kill_process"": 1.0, ""find_files"": 0.0, ""process_list"": 0.0, ""cannot_proceed"": 0.0, ""git_log"": 0.0, ""list_files"": 0.0, ""port_listeners"": 0.0}",0.04,0.96,55,1919,269.2,jev-1.13.0
kill the process eating the most CPU,truncated,0,2,kill_process,done,0,0.61,"{""git_status"": 0.0, ""process_list"": 0.04, ""read_file"": 0.0, ""port_listeners"": 0.0, ""tail_log"": 0.0, ""git_log"": 0.0, ""find_files"": 0.0, ""disk_usage"": 0.0, ""list_files"": 0.0, ""kill_process"": 0.64, ""cannot_proceed"": 0.05, ""search_content"": 0.0, ""done"": 0.27}",0.3,0.88,70,1946,332.3,jev-1.13.0
kill the process eating the most CPU,truncated,0,3,kill_process,done,0,0.72,"{""port_listeners"": 0.0, ""list_files"": 0.0, ""git_status"": 0.0, ""search_content"": 0.0, ""find_files"": 0.0, ""disk_usage"": 0.0, ""kill_process"": 0.73, ""git_log"": 0.0, ""read_file"": 0.0, ""cannot_proceed"": 0.04, ""process_list"": 0.17, ""tail_log"": 0.0, ""done"": 0.06}",0.23,0.88,86,1973,211.0,jev-1.13.0
kill the process eating the most CPU,truncated,0,4,kill_process,done,0,0.55,"{""kill_process"": 0.59, ""done"": 0.05, ""git_log"": 0.0, ""tail_log"": 0.0, ""read_file"": 0.0, ""search_content"": 0.0, ""port_listeners"": 0.0, ""find_files"": 0.0, ""disk_usage"": 0.0, ""git_status"": 0.0, ""process_list"": 0.31, ""cannot_proceed"": 0.05, ""list_files"": 0.0}",0.22,0.87,102,2000,299.8,jev-1.13.0
kill the process eating the most CPU,truncated,0,5,kill_process,done,0,0.47,"{""cannot_proceed"": 0.05, ""done"": 0.04, ""disk_usage"": 0.0, ""port_listeners"": 0.0, ""list_files"": 0.0, ""process_list"": 0.4, ""search_content"": 0.0, ""tail_log"": 0.0, ""kill_process"": 0.51, ""git_status"": 0.0, ""find_files"": 0.0, ""git_log"": 0.0, ""read_file"": 0.0}",0.17,0.87,118,2027,215.8,jev-1.13.0
tail the log that changed most recently,truncated,0,0,find_files,find_files,1,0.95,"{""read_file"": 0.0, ""list_files"": 0.03, ""git_log"": 0.0, ""process_list"": 0.0, ""port_listeners"": 0.0, ""done"": 0.0, ""kill_process"": 0.0, ""search_content"": 0.0, ""find_files"": 0.95, ""tail_log"": 0.01, ""cannot_proceed"": 0.01, ""git_status"": 0.0, ""disk_usage"": 0.0}",0.04,0.93,16,1842,281.7,jev-1.13.0
tail the log that changed most recently,truncated,0,1,tail_log,tail_log,1,1.0,"{""kill_process"": 0.0, ""disk_usage"": 0.0, ""cannot_proceed"": 0.0, ""search_content"": 0.0, ""git_status"": 0.0, ""find_files"": 0.0, ""port_listeners"": 0.0, ""done"": 0.0, ""process_list"": 0.0, ""git_log"": 0.0, ""list_files"": 0.0, ""tail_log"": 1.0, ""read_file"": 0.0}",0.08,0.96,59,1939,225.1,jev-1.13.0
tail the log that changed most recently,truncated,0,2,done,done,1,0.98,"{""done"": 0.99, ""port_listeners"": 0.0, ""process_list"": 0.0, ""list_files"": 0.0, ""git_log"": 0.0, ""search_content"": 0.0, ""find_files"": 0.0, ""git_status"": 0.0, ""kill_process"": 0.0, ""tail_log"": 0.01, ""read_file"": 0.0, ""cannot_proceed"": 0.0, ""disk_usage"": 0.0}",0.94,0.97,90,1994,300.9,jev-1.13.0
what's using the most disk space here,truncated,0,0,disk_usage,disk_usage,1,1.0,"{""git_status"": 0.0, ""read_file"": 0.0, ""cannot_proceed"": 0.0, ""port_listeners"": 0.0, ""done"": 0.0, ""find_files"": 0.0, ""search_content"": 0.0, ""tail_log"": 0.0, ""list_files"": 0.0, ""process_list"": 0.0, ""git_log"": 0.0, ""kill_process"": 0.0, ""disk_usage"": 1.0}",0.03,0.95,16,1843,240.7,jev-1.13.0
what's using the most disk space here,truncated,0,1,done,done,1,0.79,"{""kill_process"": 0.0, ""disk_usage"": 0.06, ""tail_log"": 0.0, ""list_files"": 0.1, ""read_file"": 0.0, ""git_status"": 0.0, ""search_content"": 0.0, ""find_files"": 0.02, ""done"": 0.81, ""git_log"": 0.0, ""port_listeners"": 0.0, ""cannot_proceed"": 0.0, ""process_list"": 0.0}",0.87,0.94,40,1891,245.5,jev-1.13.0
restart the database,truncated,0,0,cannot_proceed,cannot_proceed,1,0.97,"{""disk_usage"": 0.0, ""kill_process"": 0.0, ""search_content"": 0.0, ""cannot_proceed"": 0.98, ""git_status"": 0.0, ""find_files"": 0.0, ""port_listeners"": 0.0, ""tail_log"": 0.0, ""process_list"": 0.02, ""done"": 0.0, ""list_files"": 0.0, ""git_log"": 0.0, ""read_file"": 0.0}",0.06,0.21,12,1838,263.7,jev-1.13.0
which files have uncommitted changes,truncated,0,0,git_status,git_status,1,0.5,"{""port_listeners"": 0.0, ""tail_log"": 0.0, ""git_status"": 0.54, ""list_files"": 0.0, ""find_files"": 0.0, ""kill_process"": 0.0, ""disk_usage"": 0.0, ""read_file"": 0.0, ""process_list"": 0.0, ""git_log"": 0.0, ""done"": 0.46, ""cannot_proceed"": 0.0, ""search_content"": 0.0}",0.64,0.94,16,1842,263.0,jev-1.13.0
which files have uncommitted changes,truncated,0,1,done,done,1,0.98,"{""read_file"": 0.01, ""find_files"": 0.0, ""git_log"": 0.0, ""git_status"": 0.01, ""kill_process"": 0.0, ""cannot_proceed"": 0.0, ""port_listeners"": 0.0, ""search_content"": 0.0, ""disk_usage"": 0.0, ""tail_log"": 0.0, ""list_files"": 0.0, ""done"": 0.98, ""process_list"": 0.0}",0.94,0.96,44,1884,260.2,jev-1.13.0
show me the commit history for this repo,truncated,0,0,git_log,git_log,1,1.0,"{""search_content"": 0.0, ""git_status"": 0.0, ""list_files"": 0.0, ""kill_process"": 0.0, ""process_list"": 0.0, ""port_listeners"": 0.0, ""git_log"": 1.0, ""read_file"": 0.0, ""done"": 0.0, ""find_files"": 0.0, ""tail_log"": 0.0, ""disk_usage"": 0.0, ""cannot_proceed"": 0.0}",0.03,0.95,17,1843,261.5,jev-1.13.0
show me the commit history for this repo,truncated,0,1,done,done,1,0.99,"{""tail_log"": 0.0, ""list_files"": 0.0, ""read_file"": 0.0, ""git_log"": 0.0, ""process_list"": 0.0, ""done"": 1.0, ""port_listeners"": 0.0, ""git_status"": 0.0, ""find_files"": 0.0, ""kill_process"": 0.0, ""disk_usage"": 0.0, ""cannot_proceed"": 0.0, ""search_content"": 0.0}",0.95,0.98,64,1922,259.3,jev-1.13.0
what files are in the internal directory of the glow project,truncated,0,0,list_files,list_files,1,0.94,"{""tail_log"": 0.0, ""list_files"": 0.94, ""port_listeners"": 0.0, ""git_log"": 0.0, ""read_file"": 0.0, ""done"": 0.0, ""search_content"": 0.0, ""kill_process"": 0.0, ""find_files"": 0.05, ""process_list"": 0.0, ""cannot_proceed"": 0.01, ""git_status"": 0.0, ""disk_usage"": 0.0}",0.03,0.9,22,1846,210.7,jev-1.13.0
what files are in the internal directory of the glow project,truncated,0,1,done,done,1,0.9,"{""port_listeners"": 0.0, ""list_files"": 0.08, ""disk_usage"": 0.0, ""process_list"": 0.0, ""tail_log"": 0.0, ""cannot_proceed"": 0.0, ""git_log"": 0.0, ""find_files"": 0.0, ""read_file"": 0.01, ""done"": 0.91, ""kill_process"": 0.0, ""search_content"": 0.0, ""git_status"": 0.0}",0.74,0.95,41,1882,331.3,jev-1.13.0
show me the contents of the go module file,truncated,0,0,read_file,read_file,1,0.98,"{""port_listeners"": 0.0, ""find_files"": 0.01, ""cannot_proceed"": 0.0, ""process_list"": 0.0, ""search_content"": 0.0, ""tail_log"": 0.0, ""git_log"": 0.0, ""git_status"": 0.0, ""read_file"": 0.98, ""list_files"": 0.01, ""kill_process"": 0.0, ""disk_usage"": 0.0, ""done"": 0.0}",0.03,0.91,17,1844,207.6,jev-1.13.0
show me the contents of the go module file,truncated,0,1,read_file,done,0,0.6,"{""list_files"": 0.0, ""port_listeners"": 0.0, ""kill_process"": 0.0, ""disk_usage"": 0.0, ""read_file"": 0.64, ""git_log"": 0.0, ""done"": 0.36, ""process_list"": 0.0, ""find_files"": 0.0, ""git_status"": 0.0, ""search_content"": 0.0, ""cannot_proceed"": 0.0, ""tail_log"": 0.0}",0.13,0.93,43,1888,299.6,jev-1.13.0
show me the contents of the go module file,truncated,0,2,read_file,done,0,0.65,"{""tail_log"": 0.0, ""done"": 0.32, ""read_file"": 0.68, ""port_listeners"": 0.0, ""process_list"": 0.0, ""git_log"": 0.0, ""list_files"": 0.0, ""find_files"": 0.0, ""kill_process"": 0.0, ""cannot_proceed"": 0.0, ""disk_usage"": 0.0, ""git_status"": 0.0, ""search_content"": 0.0}",0.15,0.93,69,1933,213.8,jev-1.13.0
show me the contents of the go module file,truncated,0,3,read_file,done,0,0.68,"{""kill_process"": 0.0, ""find_files"": 0.0, ""cannot_proceed"": 0.0, ""process_list"": 0.0, ""git_log"": 0.0, ""search_content"": 0.0, ""tail_log"": 0.0, ""git_status"": 0.0, ""disk_usage"": 0.0, ""list_files"": 0.0, ""port_listeners"": 0.0, ""read_file"": 0.71, ""done"": 0.29}",0.14,0.93,95,1978,311.4,jev-1.13.0
show me the contents of the go module file,truncated,0,4,read_file,done,0,0.67,"{""list_files"": 0.0, ""search_content"": 0.0, ""cannot_proceed"": 0.0, ""find_files"": 0.0, ""git_status"": 0.0, ""git_log"": 0.0, ""kill_process"": 0.0, ""disk_usage"": 0.0, ""done"": 0.3, ""port_listeners"": 0.0, ""read_file"": 0.7, ""process_list"": 0.0, ""tail_log"": 0.0}",0.14,0.94,122,2023,311.8,jev-1.13.0
show me the contents of the go module file,truncated,0,5,read_file,done,0,0.69,"{""process_list"": 0.0, ""find_files"": 0.0, ""cannot_proceed"": 0.0, ""read_file"": 0.73, ""search_content"": 0.0, ""tail_log"": 0.0, ""git_log"": 0.0, ""git_status"": 0.0, ""disk_usage"": 0.0, ""list_files"": 0.0, ""kill_process"": 0.0, ""port_listeners"": 0.0, ""done"": 0.27}",0.14,0.93,148,2068,243.0,jev-1.13.0
is anything listening on port 9999,truncated,0,0,port_listeners,port_listeners,1,0.58,"{""git_status"": 0.0, ""cannot_proceed"": 0.01, ""port_listeners"": 0.62, ""git_log"": 0.0, ""kill_process"": 0.0, ""disk_usage"": 0.0, ""list_files"": 0.0, ""process_list"": 0.0, ""search_content"": 0.0, ""tail_log"": 0.0, ""find_files"": 0.0, ""read_file"": 0.0, ""done"": 0.37}",0.73,0.94,15,1845,288.3,jev-1.13.0
is anything listening on port 9999,truncated,0,1,done,done,1,0.61,"{""process_list"": 0.01, ""port_listeners"": 0.33, ""disk_usage"": 0.0, ""done"": 0.65, ""list_files"": 0.0, ""cannot_proceed"": 0.01, ""search_content"": 0.0, ""tail_log"": 0.0, ""kill_process"": 0.0, ""git_status"": 0.0, ""find_files"": 0.0, ""git_log"": 0.0, ""read_file"": 0.0}",0.83,0.95,31,1873,214.2,jev-1.13.0
kill whichever process is using the most memory,truncated,0,0,process_list,process_list,1,1.0,"{""port_listeners"": 0.0, ""list_files"": 0.0, ""find_files"": 0.0, ""cannot_proceed"": 0.0, ""tail_log"": 0.0, ""process_list"": 1.0, ""git_log"": 0.0, ""disk_usage"": 0.0, ""read_file"": 0.0, ""done"": 0.0, ""kill_process"": 0.0, ""search_content"": 0.0, ""git_status"": 0.0}",0.03,0.8,18,1843,244.6,jev-1.13.0
kill whichever process is using the most memory,truncated,0,1,kill_process,kill_process,1,0.99,"{""git_log"": 0.0, ""find_files"": 0.0, ""done"": 0.0, ""process_list"": 0.01, ""list_files"": 0.0, ""read_file"": 0.0, ""kill_process"": 0.99, ""cannot_proceed"": 0.0, ""git_status"": 0.0, ""disk_usage"": 0.0, ""search_content"": 0.0, ""tail_log"": 0.0, ""port_listeners"": 0.0}",0.04,0.95,92,1982,266.7,jev-1.13.0
kill whichever process is using the most memory,truncated,0,2,kill_process,done,0,0.67,"{""tail_log"": 0.0, ""list_files"": 0.0, ""read_file"": 0.0, ""git_log"": 0.0, ""port_listeners"": 0.0, ""done"": 0.23, ""process_list"": 0.03, ""kill_process"": 0.7, ""find_files"": 0.0, ""git_status"": 0.0, ""disk_usage"": 0.0, ""cannot_proceed"": 0.04, ""search_content"": 0.0}",0.31,0.92,108,2009,264.5,jev-1.13.0
kill whichever process is using the most memory,truncated,0,3,kill_process,done,0,0.68,"{""port_listeners"": 0.0, ""find_files"": 0.0, ""cannot_proceed"": 0.02, ""read_file"": 0.0, ""tail_log"": 0.0, ""git_log"": 0.0, ""search_content"": 0.0, ""git_status"": 0.0, ""disk_usage"": 0.0, ""list_files"": 0.0, ""kill_process"": 0.71, ""process_list"": 0.15000000000000002, ""done"": 0.12}",0.26,0.92,124,2036,258.3,jev-1.13.0
kill whichever process is using the most memory,truncated,0,4,kill_process,done,0,0.52,"{""kill_process"": 0.56, ""read_file"": 0.0, ""cannot_proceed"": 0.03, ""port_listeners"": 0.0, ""process_list"": 0.28, ""find_files"": 0.0, ""list_files"": 0.0, ""tail_log"": 0.0, ""done"": 0.13, ""search_content"": 0.0, ""git_log"": 0.0, ""git_status"": 0.0, ""disk_usage"": 0.0}",0.22,0.91,139,2063,214.4,jev-1.13.0
kill whichever process is using the most memory,truncated,0,5,kill_process,done,0,0.54,"{""kill_process"": 0.58, ""tail_log"": 0.0, ""cannot_proceed"": 0.04, ""git_log"": 0.0, ""search_content"": 0.0, ""read_file"": 0.0, ""list_files"": 0.0, ""port_listeners"": 0.0, ""process_list"": 0.27, ""git_status"": 0.0, ""disk_usage"": 0.0, ""done"": 0.11, ""find_files"": 0.0}",0.21,0.91,155,2090,310.0,jev-1.13.0
show me the file that uses the jpeg encoder library,truncated,0,0,search_content,search_content,1,0.98,"{""port_listeners"": 0.0, ""list_files"": 0.0, ""find_files"": 0.01, ""cannot_proceed"": 0.0, ""tail_log"": 0.0, ""process_list"": 0.0, ""git_log"": 0.0, ""disk_usage"": 0.0, ""read_file"": 0.0, ""done"": 0.0, ""kill_process"": 0.0, ""search_content"": 0.99, ""git_status"": 0.0}",0.03,0.88,19,1845,265.9,jev-1.13.0
show me the file that uses the jpeg encoder library,truncated,0,1,read_file,read_file,1,0.57,"{""git_log"": 0.0, ""tail_log"": 0.0, ""find_files"": 0.0, ""kill_process"": 0.0, ""port_listeners"": 0.0, ""done"": 0.39, ""cannot_proceed"": 0.0, ""read_file"": 0.61, ""disk_usage"": 0.0, ""process_list"": 0.0, ""list_files"": 0.0, ""git_status"": 0.0, ""search_content"": 0.0}",0.73,0.9,89,1946,303.5,jev-1.13.0
show me the file that uses the jpeg encoder library,truncated,0,2,read_file,done,0,0.6,"{""read_file"": 0.64, ""find_files"": 0.0, ""git_log"": 0.0, ""search_content"": 0.0, ""kill_process"": 0.0, ""cannot_proceed"": 0.0, ""port_listeners"": 0.0, ""git_status"": 0.0, ""disk_usage"": 0.0, ""tail_log"": 0.0, ""list_files"": 0.0, ""done"": 0.36, ""process_list"": 0.0}",0.72,0.92,133,1996,295.7,jev-1.13.0
show me the file that uses the jpeg encoder library,truncated,0,3,read_file,done,0,0.58,"{""search_content"": 0.0, ""kill_process"": 0.0, ""done"": 0.38, ""git_status"": 0.0, ""port_listeners"": 0.0, ""read_file"": 0.62, ""git_log"": 0.0, ""process_list"": 0.0, ""find_files"": 0.0, ""tail_log"": 0.0, ""cannot_proceed"": 0.0, ""disk_usage"": 0.0, ""list_files"": 0.0}",0.71,0.93,178,2046,285.4,jev-1.13.0
show me the file that uses the jpeg encoder library,truncated,0,4,read_file,done,0,0.6,"{""kill_process"": 0.0, ""find_files"": 0.0, ""cannot_proceed"": 0.0, ""list_files"": 0.0, ""tail_log"": 0.0, ""git_log"": 0.0, ""search_content"": 0.0, ""git_status"": 0.0, ""disk_usage"": 0.0, ""process_list"": 0.0, ""port_listeners"": 0.0, ""read_file"": 0.64, ""done"": 0.36}",0.65,0.94,222,2096,266.3,jev-1.13.0
show me the file that uses the jpeg encoder library,truncated,0,5,read_file,done,0,0.61,"{""tail_log"": 0.0, ""list_files"": 0.0, ""read_file"": 0.65, ""port_listeners"": 0.0, ""process_list"": 0.0, ""git_log"": 0.0, ""done"": 0.35, ""find_files"": 0.0, ""kill_process"": 0.0, ""cannot_proceed"": 0.0, ""disk_usage"": 0.0, ""git_status"": 0.0, ""search_content"": 0.0}",0.65,0.93,267,2146,210.5,jev-1.13.0
find recently modified go files and show the most recent one,truncated,0,0,find_files,find_files,1,0.96,"{""git_status"": 0.0, ""disk_usage"": 0.0, ""find_files"": 0.97, ""done"": 0.02, ""tail_log"": 0.0, ""list_files"": 0.0, ""read_file"": 0.0, ""port_listeners"": 0.0, ""search_content"": 0.0, ""kill_process"": 0.0, ""process_list"": 0.0, ""git_log"": 0.0, ""cannot_proceed"": 0.01}",0.05,0.91,22,1846,240.1,jev-1.13.0
find recently modified go files and show the most recent one,truncated,0,1,read_file,read_file,1,0.48,"{""done"": 0.05, ""git_log"": 0.01, ""read_file"": 0.53, ""tail_log"": 0.0, ""cannot_proceed"": 0.1, ""port_listeners"": 0.0, ""list_files"": 0.08, ""process_list"": 0.0, ""disk_usage"": 0.0, ""git_status"": 0.04, ""find_files"": 0.19, ""search_content"": 0.0, ""kill_process"": 0.0}",0.09,0.82,59,1902,227.9,jev-1.13.0
find recently modified go files and show the most recent one,truncated,0,2,read_file,done,0,0.48,"{""port_listeners"": 0.0, ""list_files"": 0.04, ""disk_usage"": 0.0, ""cannot_proceed"": 0.09, ""tail_log"": 0.0, ""process_list"": 0.0, ""git_log"": 0.01, ""find_files"": 0.24, ""read_file"": 0.53, ""done"": 0.06, ""kill_process"": 0.0, ""search_content"": 0.0, ""git_status"": 0.03}",0.12,0.73,98,1950,220.9,jev-1.13.0
find recently modified go files and show the most recent one,truncated,0,3,read_file,done,0,0.38,"{""read_file"": 0.43, ""disk_usage"": 0.0, ""cannot_proceed"": 0.08, ""done"": 0.06, ""git_log"": 0.01, ""port_listeners"": 0.0, ""process_list"": 0.0, ""git_status"": 0.03, ""tail_log"": 0.0, ""search_content"": 0.0, ""kill_process"": 0.0, ""find_files"": 0.36, ""list_files"": 0.03}",0.08,0.7,138,1998,301.6,jev-1.13.0
find recently modified go files and show the most recent one,truncated,0,4,find_files,done,0,0.35,"{""git_status"": 0.03, ""disk_usage"": 0.0, ""find_files"": 0.39, ""done"": 0.06, ""kill_process"": 0.0, ""list_files"": 0.03, ""read_file"": 0.37, ""port_listeners"": 0.0, ""search_content"": 0.0, ""tail_log"": 0.0, ""cannot_proceed"": 0.11, ""git_log"": 0.01, ""process_list"": 0.0}",0.06,0.7,177,2046,313.0,jev-1.13.0
find recently modified go files and show the most recent one,truncated,0,5,find_files,done,0,0.61,"{""cannot_proceed"": 0.08, ""git_log"": 0.01, ""done"": 0.04, ""tail_log"": 0.0, ""read_file"": 0.18, ""kill_process"": 0.0, ""list_files"": 0.02, ""process_list"": 0.0, ""disk_usage"": 0.0, ""git_status"": 0.03, ""find_files"": 0.64, ""port_listeners"": 0.0, ""search_content"": 0.0}",0.05,0.76,215,2103,269.6,jev-1.13.0
read whichever readme is in the skills project,truncated,0,0,find_files,list_files,0,0.71,"{""git_log"": 0.0, ""tail_log"": 0.0, ""disk_usage"": 0.0, ""git_status"": 0.0, ""process_list"": 0.0, ""port_listeners"": 0.0, ""find_files"": 0.73, ""kill_process"": 0.0, ""cannot_proceed"": 0.0, ""list_files"": 0.24, ""read_file"": 0.03, ""search_content"": 0.0, ""done"": 0.0}",0.04,0.91,18,1844,243.1,jev-1.13.0
read whichever readme is in the skills project,truncated,0,1,find_files,read_file,0,0.42,"{""done"": 0.0, ""git_log"": 0.0, ""read_file"": 0.1, ""cannot_proceed"": 0.0, ""tail_log"": 0.0, ""kill_process"": 0.0, ""list_files"": 0.4, ""process_list"": 0.0, ""disk_usage"": 0.0, ""search_content"": 0.02, ""find_files"": 0.47000000000000003, ""port_listeners"": 0.0, ""git_status"": 0.0}",0.04,0.92,49,1888,250.7,jev-1.13.0
read whichever readme is in the skills project,truncated,0,2,find_files,done,0,0.45,"{""kill_process"": 0.0, ""read_file"": 0.12, ""cannot_proceed"": 0.0, ""port_listeners"": 0.0, ""done"": 0.0, ""find_files"": 0.5, ""search_content"": 0.02, ""process_list"": 0.0, ""list_files"": 0.36, ""tail_log"": 0.0, ""git_log"": 0.0, ""git_status"": 0.0, ""disk_usage"": 0.0}",0.04,0.92,80,1933,317.9,jev-1.13.0
read whichever readme is in the skills project,truncated,0,3,find_files,done,0,0.35,"{""tail_log"": 0.0, ""disk_usage"": 0.0, ""port_listeners"": 0.0, ""find_files"": 0.4, ""git_status"": 0.0, ""cannot_proceed"": 0.01, ""done"": 0.01, ""search_content"": 0.04, ""kill_process"": 0.0, ""read_file"": 0.16, ""list_files"": 0.38, ""process_list"": 0.0, ""git_log"": 0.0}",0.04,0.92,111,1978,267.7,jev-1.13.0
read whichever readme is in the skills project,truncated,0,4,find_files,done,0,0.39,"{""git_status"": 0.0, ""disk_usage"": 0.0, ""find_files"": 0.44, ""done"": 0.0, ""tail_log"": 0.0, ""list_files"": 0.36, ""read_file"": 0.15, ""port_listeners"": 0.0, ""search_content"": 0.04, ""kill_process"": 0.0, ""process_list"": 0.0, ""git_log"": 0.0, ""cannot_proceed"": 0.01}",0.03,0.92,143,2023,302.6,jev-1.13.0
read whichever readme is in the skills project,truncated,0,5,list_files,done,0,0.38,"{""port_listeners"": 0.0, ""find_files"": 0.36, ""done"": 0.0, ""process_list"": 0.0, ""kill_process"": 0.0, ""list_files"": 0.44, ""read_file"": 0.17, ""git_status"": 0.0, ""cannot_proceed"": 0.01, ""disk_usage"": 0.0, ""search_content"": 0.02, ""tail_log"": 0.0, ""git_log"": 0.0}",0.03,0.92,174,2068,278.2,jev-1.13.0
tail whichever npm log has the most content in it,truncated,0,0,find_files,find_files,1,0.74,"{""read_file"": 0.0, ""kill_process"": 0.0, ""done"": 0.0, ""cannot_proceed"": 0.03, ""list_files"": 0.15, ""search_content"": 0.0, ""process_list"": 0.0, ""git_log"": 0.0, ""find_files"": 0.77, ""tail_log"": 0.02, ""port_listeners"": 0.0, ""disk_usage"": 0.03, ""git_status"": 0.0}",0.03,0.85,19,1845,224.7,jev-1.13.0
tail whichever npm log has the most content in it,truncated,0,1,tail_log,tail_log,1,1.0,"{""kill_process"": 0.0, ""done"": 0.0, ""git_log"": 0.0, ""tail_log"": 1.0, ""read_file"": 0.0, ""cannot_proceed"": 0.0, ""port_listeners"": 0.0, ""find_files"": 0.0, ""disk_usage"": 0.0, ""git_status"": 0.0, ""process_list"": 0.0, ""search_content"": 0.0, ""list_files"": 0.0}",0.11,0.94,87,2040,296.4,jev-1.13.0
tail whichever npm log has the most content in it,truncated,0,2,tail_log,done,0,0.62,"{""kill_process"": 0.0, ""find_files"": 0.0, ""cannot_proceed"": 0.01, ""list_files"": 0.0, ""tail_log"": 0.65, ""git_log"": 0.0, ""search_content"": 0.0, ""git_status"": 0.0, ""read_file"": 0.0, ""process_list"": 0.0, ""port_listeners"": 0.0, ""disk_usage"": 0.0, ""done"": 0.34}",0.6,0.95,129,2107,252.2,jev-1.13.0
tail whichever npm log has the most content in it,truncated,0,3,tail_log,done,0,0.87,"{""port_listeners"": 0.0, ""list_files"": 0.0, ""disk_usage"": 0.0, ""cannot_proceed"": 0.01, ""tail_log"": 0.89, ""process_list"": 0.0, ""git_log"": 0.0, ""find_files"": 0.0, ""read_file"": 0.0, ""done"": 0.1, ""kill_process"": 0.0, ""search_content"": 0.0, ""git_status"": 0.0}",0.32,0.94,172,2174,214.9,jev-1.13.0
tail whichever npm log has the most content in it,truncated,0,4,tail_log,done,0,0.92,"{""git_status"": 0.0, ""process_list"": 0.0, ""read_file"": 0.0, ""port_listeners"": 0.0, ""tail_log"": 0.93, ""git_log"": 0.0, ""find_files"": 0.0, ""disk_usage"": 0.0, ""kill_process"": 0.0, ""list_files"": 0.0, ""cannot_proceed"": 0.02, ""done"": 0.04, ""search_content"": 0.0}",0.13,0.93,215,2241,262.9,jev-1.13.0
tail whichever npm log has the most content in it,truncated,0,5,tail_log,done,0,0.74,"{""read_file"": 0.01, ""git_log"": 0.0, ""find_files"": 0.01, ""process_list"": 0.0, ""port_listeners"": 0.0, ""list_files"": 0.0, ""kill_process"": 0.0, ""search_content"": 0.0, ""disk_usage"": 0.0, ""tail_log"": 0.76, ""cannot_proceed"": 0.04, ""done"": 0.18, ""git_status"": 0.0}",0.17,0.93,258,2308,280.6,jev-1.13.0
show the most recently changed file in the skills repo,truncated,0,0,find_files,find_files,1,0.68,"{""kill_process"": 0.0, ""tail_log"": 0.0, ""cannot_proceed"": 0.01, ""git_log"": 0.12, ""search_content"": 0.0, ""read_file"": 0.0, ""process_list"": 0.0, ""list_files"": 0.06, ""port_listeners"": 0.0, ""disk_usage"": 0.0, ""git_status"": 0.1, ""done"": 0.0, ""find_files"": 0.71}",0.02,0.88,20,1845,243.0,jev-1.13.0
show the most recently changed file in the skills repo,truncated,0,1,done,read_file,0,0.24,"{""disk_usage"": 0.0, ""tail_log"": 0.0, ""port_listeners"": 0.0, ""find_files"": 0.3, ""cannot_proceed"": 0.02, ""process_list"": 0.0, ""search_content"": 0.0, ""done"": 0.3, ""list_files"": 0.1, ""read_file"": 0.06, ""git_status"": 0.12, ""kill_process"": 0.0, ""git_log"": 0.1}",0.2,0.87,36,1873,242.5,jev-1.13.0
tail whichever npm log is newest,truncated,0,0,find_files,find_files,1,0.94,"{""port_listeners"": 0.0, ""tail_log"": 0.01, ""disk_usage"": 0.0, ""find_files"": 0.95, ""cannot_proceed"": 0.02, ""process_list"": 0.0, ""search_content"": 0.0, ""done"": 0.0, ""git_status"": 0.0, ""read_file"": 0.0, ""list_files"": 0.02, ""kill_process"": 0.0, ""git_log"": 0.0}",0.04,0.9,15,1841,266.2,jev-1.13.0
tail whichever npm log is newest,truncated,0,1,tail_log,tail_log,1,0.97,"{""tail_log"": 0.98, ""port_listeners"": 0.0, ""process_list"": 0.0, ""disk_usage"": 0.0, ""git_log"": 0.0, ""search_content"": 0.0, ""find_files"": 0.01, ""git_status"": 0.0, ""kill_process"": 0.0, ""done"": 0.0, ""list_files"": 0.0, ""cannot_proceed"": 0.01, ""read_file"": 0.0}",0.06,0.95,74,2008,228.4,jev-1.13.0
tail whichever npm log is newest,truncated,0,2,done,done,1,0.85,"{""git_status"": 0.0, ""process_list"": 0.0, ""read_file"": 0.0, ""port_listeners"": 0.0, ""tail_log"": 0.12, ""git_log"": 0.0, ""find_files"": 0.01, ""disk_usage"": 0.0, ""kill_process"": 0.0, ""list_files"": 0.0, ""cannot_proceed"": 0.0, ""search_content"": 0.0, ""done"": 0.87}",0.75,0.96,139,2097,243.1,jev-1.13.0
deploy the app to production,truncated,0,0,cannot_proceed,cannot_proceed,1,0.92,"{""port_listeners"": 0.0, ""list_files"": 0.01, ""git_status"": 0.04, ""search_content"": 0.0, ""find_files"": 0.01, ""disk_usage"": 0.0, ""tail_log"": 0.0, ""cannot_proceed"": 0.93, ""read_file"": 0.0, ""git_log"": 0.01, ""process_list"": 0.0, ""kill_process"": 0.0, ""done"": 0.0}",0.05,0.04,14,1840,281.2,jev-1.13.0
send a message to the team on slack,truncated,0,0,cannot_proceed,cannot_proceed,1,1.0,"{""git_status"": 0.0, ""disk_usage"": 0.0, ""find_files"": 0.0, ""done"": 0.0, ""tail_log"": 0.0, ""list_files"": 0.0, ""read_file"": 0.0, ""port_listeners"": 0.0, ""search_content"": 0.0, ""kill_process"": 0.0, ""process_list"": 0.0, ""git_log"": 0.0, ""cannot_proceed"": 1.0}",0.04,0.03,15,1843,295.5,jev-1.13.0
rename this file to something else,truncated,0,0,cannot_proceed,cannot_proceed,1,0.91,"{""cannot_proceed"": 0.92, ""tail_log"": 0.0, ""git_log"": 0.0, ""find_files"": 0.06, ""list_files"": 0.02, ""port_listeners"": 0.0, ""search_content"": 0.0, ""read_file"": 0.0, ""kill_process"": 0.0, ""disk_usage"": 0.0, ""process_list"": 0.0, ""done"": 0.0, ""git_status"": 0.0}",0.05,0.05,15,1841,206.6,jev-1.13.0
install the missing npm dependency,truncated,0,0,cannot_proceed,cannot_proceed,1,0.69,"{""git_status"": 0.0, ""process_list"": 0.0, ""read_file"": 0.08, ""port_listeners"": 0.0, ""tail_log"": 0.01, ""git_log"": 0.0, ""find_files"": 0.02, ""disk_usage"": 0.0, ""list_files"": 0.14, ""done"": 0.0, ""cannot_proceed"": 0.72, ""kill_process"": 0.0, ""search_content"": 0.03}",0.05,0.05,15,1840,241.9,jev-1.13.0
what's the most recent commit in driftmark,truncated,0,0,git_log,git_log,1,0.98,"{""search_content"": 0.0, ""git_status"": 0.0, ""process_list"": 0.0, ""kill_process"": 0.0, ""list_files"": 0.01, ""disk_usage"": 0.0, ""git_log"": 0.98, ""read_file"": 0.0, ""done"": 0.0, ""port_listeners"": 0.0, ""tail_log"": 0.0, ""find_files"": 0.01, ""cannot_proceed"": 0.0}",0.03,0.88,17,1845,262.2,jev-1.13.0
what's the most recent commit in driftmark,truncated,0,1,done,done,1,0.98,"{""git_status"": 0.0, ""disk_usage"": 0.0, ""find_files"": 0.0, ""done"": 0.99, ""tail_log"": 0.0, ""list_files"": 0.0, ""read_file"": 0.0, ""port_listeners"": 0.0, ""search_content"": 0.0, ""kill_process"": 0.0, ""cannot_proceed"": 0.0, ""git_log"": 0.01, ""process_list"": 0.0}",0.87,0.95,46,1901,308.8,jev-1.13.0
what does the go module for glow require,truncated,0,0,read_file,read_file,1,0.97,"{""kill_process"": 0.0, ""git_status"": 0.0, ""cannot_proceed"": 0.0, ""process_list"": 0.0, ""git_log"": 0.0, ""read_file"": 0.98, ""disk_usage"": 0.0, ""list_files"": 0.0, ""search_content"": 0.01, ""find_files"": 0.01, ""tail_log"": 0.0, ""port_listeners"": 0.0, ""done"": 0.0}",0.03,0.59,17,1843,237.3,jev-1.13.0
what does the go module for glow require,truncated,0,1,read_file,done,0,0.91,"{""cannot_proceed"": 0.0, ""tail_log"": 0.0, ""git_log"": 0.0, ""list_files"": 0.0, ""find_files"": 0.0, ""port_listeners"": 0.0, ""search_content"": 0.0, ""read_file"": 0.93, ""kill_process"": 0.0, ""done"": 0.07, ""process_list"": 0.0, ""disk_usage"": 0.0, ""git_status"": 0.0}",0.08,0.81,42,1887,229.7,jev-1.13.0
what does the go module for glow require,truncated,0,2,read_file,done,0,0.94,"{""read_file"": 0.95, ""git_status"": 0.0, ""find_files"": 0.0, ""process_list"": 0.0, ""port_listeners"": 0.0, ""disk_usage"": 0.0, ""kill_process"": 0.0, ""git_log"": 0.0, ""done"": 0.04, ""tail_log"": 0.0, ""cannot_proceed"": 0.01, ""list_files"": 0.0, ""search_content"": 0.0}",0.07,0.83,69,1932,271.8,jev-1.13.0
what does the go module for glow require,truncated,0,3,read_file,done,0,0.95,"{""list_files"": 0.0, ""find_files"": 0.0, ""process_list"": 0.0, ""tail_log"": 0.0, ""git_status"": 0.0, ""disk_usage"": 0.0, ""cannot_proceed"": 0.01, ""port_listeners"": 0.0, ""kill_process"": 0.0, ""search_content"": 0.0, ""read_file"": 0.95, ""git_log"": 0.0, ""done"": 0.04}",0.06,0.82,95,1977,225.8,jev-1.13.0
what does the go module for glow require,truncated,0,4,read_file,done,0,0.95,"{""find_files"": 0.0, ""git_status"": 0.0, ""process_list"": 0.0, ""git_log"": 0.0, ""disk_usage"": 0.0, ""done"": 0.03, ""search_content"": 0.0, ""list_files"": 0.0, ""cannot_proceed"": 0.01, ""kill_process"": 0.0, ""read_file"": 0.96, ""port_listeners"": 0.0, ""tail_log"": 0.0}",0.05,0.84,121,2022,298.2,jev-1.13.0
what does the go module for glow require,truncated,0,5,read_file,done,0,0.93,"{""git_status"": 0.0, ""process_list"": 0.0, ""read_file"": 0.95, ""port_listeners"": 0.0, ""tail_log"": 0.0, ""done"": 0.04, ""find_files"": 0.0, ""disk_usage"": 0.0, ""kill_process"": 0.0, ""search_content"": 0.0, ""cannot_proceed"": 0.01, ""list_files"": 0.0, ""git_log"": 0.0}",0.05,0.81,147,2067,258.6,jev-1.13.0
are there uncommitted changes in the hermes project,truncated,0,0,git_status,git_status,1,0.9,"{""list_files"": 0.0, ""git_status"": 0.91, ""process_list"": 0.0, ""find_files"": 0.0, ""tail_log"": 0.0, ""disk_usage"": 0.0, ""port_listeners"": 0.0, ""cannot_proceed"": 0.0, ""kill_process"": 0.0, ""search_content"": 0.0, ""read_file"": 0.0, ""git_log"": 0.0, ""done"": 0.09}",0.48,0.94,19,1846,265.0,jev-1.13.0
are there uncommitted changes in the hermes project,truncated,0,1,done,done,1,0.9,"{""read_file"": 0.0, ""find_files"": 0.0, ""cannot_proceed"": 0.0, ""process_list"": 0.0, ""search_content"": 0.0, ""git_log"": 0.0, ""tail_log"": 0.0, ""git_status"": 0.08, ""disk_usage"": 0.0, ""list_files"": 0.01, ""port_listeners"": 0.0, ""kill_process"": 0.0, ""done"": 0.91}",0.88,0.96,37,1876,221.6,jev-1.13.0
which skill docs were modified,truncated,0,0,git_status,git_status,1,0.88,"{""kill_process"": 0.0, ""tail_log"": 0.0, ""cannot_proceed"": 0.01, ""git_log"": 0.01, ""search_content"": 0.0, ""read_file"": 0.0, ""port_listeners"": 0.0, ""process_list"": 0.0, ""list_files"": 0.0, ""disk_usage"": 0.0, ""git_status"": 0.89, ""done"": 0.01, ""find_files"": 0.08}",0.05,0.72,14,1840,305.1,jev-1.13.0
which skill docs were modified,truncated,0,1,done,done,1,0.93,"{""tail_log"": 0.0, ""port_listeners"": 0.0, ""list_files"": 0.0, ""git_log"": 0.02, ""read_file"": 0.03, ""find_files"": 0.0, ""search_content"": 0.0, ""kill_process"": 0.0, ""done"": 0.94, ""process_list"": 0.0, ""cannot_proceed"": 0.0, ""git_status"": 0.01, ""disk_usage"": 0.0}",0.86,0.9,32,1870,264.1,jev-1.13.0
kill whatever's on port 3000,truncated,1,0,port_listeners,port_listeners,1,0.98,"{""read_file"": 0.0, ""list_files"": 0.0, ""disk_usage"": 0.0, ""process_list"": 0.0, ""port_listeners"": 0.99, ""done"": 0.0, ""kill_process"": 0.0, ""git_log"": 0.0, ""find_files"": 0.0, ""tail_log"": 0.0, ""cannot_proceed"": 0.01, ""git_status"": 0.0, ""search_content"": 0.0}",0.07,0.92,14,1845,257.7,jev-1.13.0
kill whatever's on port 3000,truncated,1,1,kill_process,kill_process,1,1.0,"{""git_status"": 0.0, ""process_list"": 0.0, ""read_file"": 0.0, ""port_listeners"": 0.0, ""tail_log"": 0.0, ""git_log"": 0.0, ""find_files"": 0.0, ""disk_usage"": 0.0, ""search_content"": 0.0, ""done"": 0.0, ""cannot_proceed"": 0.0, ""kill_process"": 1.0, ""list_files"": 0.0}",0.03,0.97,59,1933,232.5,jev-1.13.0
kill whatever's on port 3000,truncated,1,2,kill_process,done,0,0.37,"{""tail_log"": 0.0, ""git_status"": 0.0, ""port_listeners"": 0.32, ""read_file"": 0.0, ""git_log"": 0.0, ""find_files"": 0.0, ""search_content"": 0.0, ""kill_process"": 0.42, ""done"": 0.22, ""process_list"": 0.01, ""cannot_proceed"": 0.03, ""list_files"": 0.0, ""disk_usage"": 0.0}",0.44,0.94,75,1960,290.5,jev-1.13.0
kill whatever's on port 3000,truncated,1,3,kill_process,done,0,0.52,"{""git_status"": 0.0, ""process_list"": 0.01, ""read_file"": 0.0, ""port_listeners"": 0.35, ""tail_log"": 0.0, ""git_log"": 0.0, ""find_files"": 0.0, ""disk_usage"": 0.0, ""kill_process"": 0.56, ""search_content"": 0.0, ""cannot_proceed"": 0.04, ""list_files"": 0.0, ""done"": 0.04}",0.26,0.86,91,1987,205.6,jev-1.13.0
kill whatever's on port 3000,truncated,1,4,kill_process,done,0,0.56,"{""port_listeners"": 0.32, ""list_files"": 0.0, ""disk_usage"": 0.0, ""cannot_proceed"": 0.05, ""tail_log"": 0.0, ""find_files"": 0.0, ""git_log"": 0.0, ""process_list"": 0.01, ""read_file"": 0.0, ""done"": 0.02, ""kill_process"": 0.6, ""search_content"": 0.0, ""git_status"": 0.0}",0.21,0.85,107,2014,319.2,jev-1.13.0
kill whatever's on port 3000,truncated,1,5,port_listeners,done,0,0.42,"{""git_status"": 0.0, ""disk_usage"": 0.0, ""find_files"": 0.0, ""done"": 0.02, ""tail_log"": 0.0, ""list_files"": 0.0, ""read_file"": 0.0, ""port_listeners"": 0.47000000000000003, ""search_content"": 0.0, ""kill_process"": 0.46, ""process_list"": 0.01, ""git_log"": 0.0, ""cannot_proceed"": 0.04}",0.19,0.85,122,2041,211.0,jev-1.13.0
kill the process eating the most CPU,truncated,1,0,process_list,process_list,1,1.0,"{""done"": 0.0, ""port_listeners"": 0.0, ""process_list"": 1.0, ""disk_usage"": 0.0, ""git_log"": 0.0, ""search_content"": 0.0, ""find_files"": 0.0, ""git_status"": 0.0, ""kill_process"": 0.0, ""tail_log"": 0.0, ""read_file"": 0.0, ""cannot_proceed"": 0.0, ""list_files"": 0.0}",0.03,0.94,16,1842,311.4,jev-1.13.0
kill the process eating the most CPU,truncated,1,1,kill_process,kill_process,1,1.0,"{""read_file"": 0.0, ""disk_usage"": 0.0, ""cannot_proceed"": 0.0, ""done"": 0.0, ""git_log"": 0.0, ""port_listeners"": 0.0, ""process_list"": 0.0, ""git_status"": 0.0, ""tail_log"": 0.0, ""list_files"": 0.0, ""kill_process"": 1.0, ""find_files"": 0.0, ""search_content"": 0.0}",0.04,0.96,55,1919,282.0,jev-1.13.0
kill the process eating the most CPU,truncated,1,2,kill_process,done,0,0.57,"{""find_files"": 0.0, ""git_status"": 0.0, ""process_list"": 0.04, ""git_log"": 0.0, ""disk_usage"": 0.0, ""done"": 0.3, ""cannot_proceed"": 0.05, ""list_files"": 0.0, ""search_content"": 0.0, ""kill_process"": 0.61, ""read_file"": 0.0, ""port_listeners"": 0.0, ""tail_log"": 0.0}",0.33,0.92,70,1946,243.0,jev-1.13.0
kill the process eating the most CPU,truncated,1,3,kill_process,done,0,0.68,"{""process_list"": 0.17, ""port_listeners"": 0.0, ""disk_usage"": 0.0, ""cannot_proceed"": 0.03, ""list_files"": 0.0, ""done"": 0.08, ""git_status"": 0.0, ""tail_log"": 0.0, ""kill_process"": 0.72, ""search_content"": 0.0, ""find_files"": 0.0, ""git_log"": 0.0, ""read_file"": 0.0}",0.25,0.89,86,1973,304.5,jev-1.13.0
kill the process eating the most CPU,truncated,1,4,kill_process,done,0,0.6,"{""list_files"": 0.0, ""find_files"": 0.0, ""process_list"": 0.27, ""tail_log"": 0.0, ""git_log"": 0.0, ""disk_usage"": 0.0, ""cannot_proceed"": 0.03, ""port_listeners"": 0.0, ""kill_process"": 0.65, ""search_content"": 0.0, ""read_file"": 0.0, ""git_status"": 0.0, ""done"": 0.05}",0.2,0.89,102,2000,239.9,jev-1.13.0
kill the process eating the most CPU,truncated,1,5,kill_process,done,0,0.54,"{""tail_log"": 0.0, ""done"": 0.03, ""read_file"": 0.0, ""port_listeners"": 0.0, ""process_list"": 0.35, ""list_files"": 0.0, ""git_log"": 0.0, ""git_status"": 0.0, ""find_files"": 0.0, ""kill_process"": 0.58, ""disk_usage"": 0.0, ""cannot_proceed"": 0.04, ""search_content"": 0.0}",0.16,0.86,118,2027,234.3,jev-1.13.0
tail the log that changed most recently,truncated,1,0,find_files,find_files,1,0.95,"{""done"": 0.0, ""git_log"": 0.0, ""tail_log"": 0.01, ""cannot_proceed"": 0.01, ""read_file"": 0.0, ""port_listeners"": 0.0, ""disk_usage"": 0.0, ""process_list"": 0.0, ""kill_process"": 0.0, ""search_content"": 0.0, ""find_files"": 0.95, ""git_status"": 0.0, ""list_files"": 0.03}",0.04,0.92,16,1842,269.1,jev-1.13.0
tail the log that changed most recently,truncated,1,1,tail_log,tail_log,1,1.0,"{""tail_log"": 1.0, ""list_files"": 0.0, ""disk_usage"": 0.0, ""git_log"": 0.0, ""read_file"": 0.0, ""find_files"": 0.0, ""search_content"": 0.0, ""kill_process"": 0.0, ""done"": 0.0, ""process_list"": 0.0, ""cannot_proceed"": 0.0, ""git_status"": 0.0, ""port_listeners"": 0.0}",0.08,0.96,59,1939,206.4,jev-1.13.0
tail the log that changed most recently,truncated,1,2,done,done,1,0.99,"{""git_status"": 0.0, ""process_list"": 0.0, ""read_file"": 0.0, ""port_listeners"": 0.0, ""tail_log"": 0.01, ""git_log"": 0.0, ""find_files"": 0.0, ""disk_usage"": 0.0, ""kill_process"": 0.0, ""list_files"": 0.0, ""cannot_proceed"": 0.0, ""search_content"": 0.0, ""done"": 0.99}",0.94,0.97,90,1994,316.1,jev-1.13.0
what's using the most disk space here,truncated,1,0,disk_usage,disk_usage,1,1.0,"{""tail_log"": 0.0, ""disk_usage"": 1.0, ""cannot_proceed"": 0.0, ""find_files"": 0.0, ""git_status"": 0.0, ""port_listeners"": 0.0, ""done"": 0.0, ""search_content"": 0.0, ""list_files"": 0.0, ""read_file"": 0.0, ""kill_process"": 0.0, ""process_list"": 0.0, ""git_log"": 0.0}",0.03,0.95,16,1843,310.6,jev-1.13.0
what's using the most disk space here,truncated,1,1,done,done,1,0.77,"{""kill_process"": 0.0, ""tail_log"": 0.0, ""cannot_proceed"": 0.0, ""git_log"": 0.0, ""search_content"": 0.0, ""read_file"": 0.0, ""port_listeners"": 0.0, ""process_list"": 0.0, ""list_files"": 0.12, ""disk_usage"": 0.07, ""git_status"": 0.0, ""done"": 0.79, ""find_files"": 0.02}",0.88,0.94,40,1891,298.0,jev-1.13.0
restart the database,truncated,1,0,cannot_proceed,cannot_proceed,1,0.98,"{""cannot_proceed"": 0.99, ""list_files"": 0.0, ""git_status"": 0.0, ""search_content"": 0.0, ""tail_log"": 0.0, ""disk_usage"": 0.0, ""kill_process"": 0.0, ""find_files"": 0.0, ""read_file"": 0.0, ""port_listeners"": 0.0, ""process_list"": 0.01, ""git_log"": 0.0, ""done"": 0.0}",0.06,0.23,12,1838,266.6,jev-1.13.0
which files have uncommitted changes,truncated,1,0,git_status,git_status,1,0.53,"{""git_status"": 0.57, ""process_list"": 0.0, ""read_file"": 0.0, ""port_listeners"": 0.0, ""tail_log"": 0.0, ""done"": 0.43, ""find_files"": 0.0, ""disk_usage"": 0.0, ""list_files"": 0.0, ""kill_process"": 0.0, ""cannot_proceed"": 0.0, ""search_content"": 0.0, ""git_log"": 0.0}",0.65,0.94,16,1842,307.6,jev-1.13.0
which files have uncommitted changes,truncated,1,1,done,done,1,0.98,"{""port_listeners"": 0.0, ""disk_usage"": 0.0, ""cannot_proceed"": 0.0, ""done"": 0.98, ""git_log"": 0.0, ""read_file"": 0.01, ""process_list"": 0.0, ""git_status"": 0.01, ""tail_log"": 0.0, ""search_content"": 0.0, ""kill_process"": 0.0, ""find_files"": 0.0, ""list_files"": 0.0}",0.94,0.96,44,1884,243.4,jev-1.13.0
show me the commit history for this repo,truncated,1,0,git_log,git_log,1,1.0,"{""find_files"": 0.0, ""list_files"": 0.0, ""port_listeners"": 0.0, ""disk_usage"": 0.0, ""tail_log"": 0.0, ""cannot_proceed"": 0.0, ""read_file"": 0.0, ""kill_process"": 0.0, ""process_list"": 0.0, ""search_content"": 0.0, ""done"": 0.0, ""git_log"": 1.0, ""git_status"": 0.0}",0.03,0.95,17,1843,230.1,jev-1.13.0
show me the commit history for this repo,truncated,1,1,done,done,1,0.99,"{""tail_log"": 0.0, ""port_listeners"": 0.0, ""disk_usage"": 0.0, ""kill_process"": 0.0, ""read_file"": 0.0, ""git_log"": 0.01, ""process_list"": 0.0, ""done"": 0.99, ""find_files"": 0.0, ""git_status"": 0.0, ""search_content"": 0.0, ""cannot_proceed"": 0.0, ""list_files"": 0.0}",0.94,0.98,64,1922,236.0,jev-1.13.0
what files are in the internal directory of the glow project,truncated,1,0,list_files,list_files,1,0.95,"{""git_status"": 0.0, ""disk_usage"": 0.0, ""find_files"": 0.04, ""done"": 0.0, ""kill_process"": 0.0, ""list_files"": 0.95, ""read_file"": 0.0, ""port_listeners"": 0.0, ""search_content"": 0.0, ""tail_log"": 0.0, ""process_list"": 0.0, ""git_log"": 0.0, ""cannot_proceed"": 0.01}",0.03,0.92,22,1846,257.8,jev-1.13.0
what files are in the internal directory of the glow project,truncated,1,1,done,done,1,0.88,"{""port_listeners"": 0.0, ""git_status"": 0.0, ""search_content"": 0.0, ""list_files"": 0.1, ""find_files"": 0.0, ""kill_process"": 0.0, ""disk_usage"": 0.0, ""read_file"": 0.0, ""process_list"": 0.0, ""git_log"": 0.0, ""done"": 0.9, ""cannot_proceed"": 0.0, ""tail_log"": 0.0}",0.77,0.95,41,1882,276.9,jev-1.13.0
show me the contents of the go module file,truncated,1,0,read_file,read_file,1,0.98,"{""git_status"": 0.0, ""list_files"": 0.01, ""port_listeners"": 0.0, ""read_file"": 0.98, ""find_files"": 0.01, ""disk_usage"": 0.0, ""tail_log"": 0.0, ""kill_process"": 0.0, ""git_log"": 0.0, ""done"": 0.0, ""process_list"": 0.0, ""cannot_proceed"": 0.0, ""search_content"": 0.0}",0.02,0.91,17,1844,249.7,jev-1.13.0
show me the contents of the go module file,truncated,1,1,read_file,done,0,0.63,"{""port_listeners"": 0.0, ""search_content"": 0.0, ""cannot_proceed"": 0.0, ""done"": 0.34, ""list_files"": 0.0, ""read_file"": 0.66, ""git_log"": 0.0, ""process_list"": 0.0, ""kill_process"": 0.0, ""tail_log"": 0.0, ""disk_usage"": 0.0, ""find_files"": 0.0, ""git_status"": 0.0}",0.12,0.94,43,1888,303.6,jev-1.13.0
show me the contents of the go module file,truncated,1,2,read_file,done,0,0.68,"{""read_file"": 0.71, ""find_files"": 0.0, ""done"": 0.29, ""process_list"": 0.0, ""port_listeners"": 0.0, ""list_files"": 0.0, ""kill_process"": 0.0, ""git_log"": 0.0, ""disk_usage"": 0.0, ""tail_log"": 0.0, ""git_status"": 0.0, ""cannot_proceed"": 0.0, ""search_content"": 0.0}",0.15,0.93,69,1933,289.5,jev-1.13.0
show me the contents of the go module file,truncated,1,3,read_file,done,0,0.69,"{""git_status"": 0.0, ""list_files"": 0.0, ""port_listeners"": 0.0, ""read_file"": 0.72, ""find_files"": 0.0, ""disk_usage"": 0.0, ""tail_log"": 0.0, ""kill_process"": 0.0, ""git_log"": 0.0, ""done"": 0.28, ""process_list"": 0.0, ""cannot_proceed"": 0.0, ""search_content"": 0.0}",0.15,0.94,95,1978,283.5,jev-1.13.0
show me the contents of the go module file,truncated,1,4,read_file,done,0,0.65,"{""kill_process"": 0.0, ""disk_usage"": 0.0, ""tail_log"": 0.0, ""list_files"": 0.0, ""done"": 0.31, ""git_status"": 0.0, ""search_content"": 0.0, ""find_files"": 0.0, ""read_file"": 0.6900000000000001, ""cannot_proceed"": 0.0, ""port_listeners"": 0.0, ""git_log"": 0.0, ""process_list"": 0.0}",0.16,0.94,122,2023,265.1,jev-1.13.0
show me the contents of the go module file,truncated,1,5,read_file,done,0,0.6,"{""process_list"": 0.0, ""find_files"": 0.0, ""cannot_proceed"": 0.0, ""disk_usage"": 0.0, ""git_log"": 0.0, ""search_content"": 0.0, ""tail_log"": 0.0, ""git_status"": 0.0, ""read_file"": 0.64, ""list_files"": 0.0, ""kill_process"": 0.0, ""port_listeners"": 0.0, ""done"": 0.36}",0.18,0.94,148,2068,202.3,jev-1.13.0
is anything listening on port 9999,truncated,1,0,port_listeners,port_listeners,1,0.49,"{""git_log"": 0.0, ""find_files"": 0.0, ""read_file"": 0.0, ""search_content"": 0.0, ""done"": 0.45, ""cannot_proceed"": 0.01, ""port_listeners"": 0.54, ""git_status"": 0.0, ""disk_usage"": 0.0, ""tail_log"": 0.0, ""list_files"": 0.0, ""kill_process"": 0.0, ""process_list"": 0.0}",0.73,0.93,15,1845,209.4,jev-1.13.0
is anything listening on port 9999,truncated,1,1,done,done,1,0.67,"{""list_files"": 0.0, ""port_listeners"": 0.27, ""disk_usage"": 0.0, ""kill_process"": 0.0, ""read_file"": 0.0, ""git_log"": 0.0, ""done"": 0.71, ""process_list"": 0.02, ""find_files"": 0.0, ""git_status"": 0.0, ""search_content"": 0.0, ""cannot_proceed"": 0.0, ""tail_log"": 0.0}",0.84,0.94,31,1873,237.6,jev-1.13.0
kill whichever process is using the most memory,truncated,1,0,process_list,process_list,1,1.0,"{""read_file"": 0.0, ""process_list"": 1.0, ""done"": 0.0, ""search_content"": 0.0, ""disk_usage"": 0.0, ""tail_log"": 0.0, ""kill_process"": 0.0, ""git_log"": 0.0, ""git_status"": 0.0, ""find_files"": 0.0, ""cannot_proceed"": 0.0, ""list_files"": 0.0, ""port_listeners"": 0.0}",0.03,0.81,18,1843,245.1,jev-1.13.0
kill whichever process is using the most memory,truncated,1,1,kill_process,kill_process,1,0.99,"{""list_files"": 0.0, ""port_listeners"": 0.0, ""disk_usage"": 0.0, ""kill_process"": 0.99, ""read_file"": 0.0, ""git_log"": 0.0, ""process_list"": 0.01, ""done"": 0.0, ""find_files"": 0.0, ""git_status"": 0.0, ""search_content"": 0.0, ""cannot_proceed"": 0.0, ""tail_log"": 0.0}",0.05,0.95,92,1982,287.1,jev-1.13.0
kill whichever process is using the most memory,truncated,1,2,kill_process,done,0,0.61,"{""process_list"": 0.03, ""done"": 0.29, ""disk_usage"": 0.0, ""cannot_proceed"": 0.04, ""list_files"": 0.0, ""port_listeners"": 0.0, ""search_content"": 0.0, ""tail_log"": 0.0, ""kill_process"": 0.64, ""git_status"": 0.0, ""find_files"": 0.0, ""git_log"": 0.0, ""read_file"": 0.0}",0.34,0.91,108,2009,265.6,jev-1.13.0
kill whichever process is using the most memory,truncated,1,3,kill_process,done,0,0.67,"{""git_status"": 0.0, ""process_list"": 0.13, ""read_file"": 0.0, ""port_listeners"": 0.0, ""tail_log"": 0.0, ""git_log"": 0.0, ""find_files"": 0.0, ""disk_usage"": 0.0, ""kill_process"": 0.7, ""list_files"": 0.0, ""cannot_proceed"": 0.03, ""done"": 0.14, ""search_content"": 0.0}",0.27,0.92,124,2036,263.6,jev-1.13.0
kill whichever process is using the most memory,truncated,1,4,kill_process,done,0,0.6,"{""git_status"": 0.0, ""process_list"": 0.2, ""read_file"": 0.0, ""port_listeners"": 0.0, ""tail_log"": 0.0, ""done"": 0.13, ""find_files"": 0.0, ""disk_usage"": 0.0, ""kill_process"": 0.64, ""search_content"": 0.0, ""cannot_proceed"": 0.03, ""list_files"": 0.0, ""git_log"": 0.0}",0.29,0.92,139,2063,229.8,jev-1.13.0
kill whichever process is using the most memory,truncated,1,5,kill_process,done,0,0.51,"{""read_file"": 0.0, ""find_files"": 0.0, ""git_log"": 0.0, ""search_content"": 0.0, ""done"": 0.11, ""list_files"": 0.0, ""port_listeners"": 0.0, ""kill_process"": 0.55, ""disk_usage"": 0.0, ""tail_log"": 0.0, ""cannot_proceed"": 0.05, ""git_status"": 0.0, ""process_list"": 0.28}",0.2,0.9,155,2090,235.3,jev-1.13.0
show me the file that uses the jpeg encoder library,truncated,1,0,search_content,search_content,1,0.98,"{""git_status"": 0.0, ""disk_usage"": 0.0, ""read_file"": 0.0, ""git_log"": 0.0, ""kill_process"": 0.0, ""cannot_proceed"": 0.0, ""list_files"": 0.0, ""process_list"": 0.0, ""search_content"": 0.98, ""tail_log"": 0.0, ""find_files"": 0.02, ""port_listeners"": 0.0, ""done"": 0.0}",0.03,0.87,19,1845,308.9,jev-1.13.0
show me the file that uses the jpeg encoder library,truncated,1,1,read_file,read_file,1,0.64,"{""disk_usage"": 0.0, ""tail_log"": 0.0, ""search_content"": 0.0, ""find_files"": 0.0, ""git_status"": 0.0, ""port_listeners"": 0.0, ""done"": 0.32, ""cannot_proceed"": 0.0, ""list_files"": 0.0, ""read_file"": 0.68, ""kill_process"": 0.0, ""process_list"": 0.0, ""git_log"": 0.0}",0.76,0.9,89,1946,230.2,jev-1.13.0
show me the file that uses the jpeg encoder library,truncated,1,2,read_file,done,0,0.68,"{""cannot_proceed"": 0.0, ""git_log"": 0.0, ""done"": 0.29, ""tail_log"": 0.0, ""read_file"": 0.71, ""kill_process"": 0.0, ""list_files"": 0.0, ""process_list"": 0.0, ""port_listeners"": 0.0, ""search_content"": 0.0, ""find_files"": 0.0, ""disk_usage"": 0.0, ""git_status"": 0.0}",0.7,0.91,133,1996,274.6,jev-1.13.0
show me the file that uses the jpeg encoder library,truncated,1,3,read_file,done,0,0.56,"{""read_file"": 0.61, ""find_files"": 0.0, ""cannot_proceed"": 0.0, ""process_list"": 0.0, ""search_content"": 0.0, ""tail_log"": 0.0, ""git_log"": 0.0, ""git_status"": 0.0, ""disk_usage"": 0.0, ""list_files"": 0.0, ""port_listeners"": 0.0, ""kill_process"": 0.0, ""done"": 0.39}",0.73,0.93,178,2046,211.7,jev-1.13.0
show me the file that uses the jpeg encoder library,truncated,1,4,read_file,done,0,0.5,"{""find_files"": 0.0, ""git_log"": 0.0, ""port_listeners"": 0.0, ""disk_usage"": 0.0, ""tail_log"": 0.0, ""git_status"": 0.0, ""read_file"": 0.55, ""kill_process"": 0.0, ""process_list"": 0.0, ""search_content"": 0.0, ""done"": 0.45, ""list_files"": 0.0, ""cannot_proceed"": 0.0}",0.72,0.94,222,2096,311.2,jev-1.13.0
show me the file that uses the jpeg encoder library,truncated,1,5,read_file,done,0,0.57,"{""git_status"": 0.0, ""disk_usage"": 0.0, ""cannot_proceed"": 0.0, ""git_log"": 0.0, ""kill_process"": 0.0, ""read_file"": 0.6, ""list_files"": 0.0, ""process_list"": 0.0, ""search_content"": 0.01, ""tail_log"": 0.0, ""find_files"": 0.0, ""port_listeners"": 0.0, ""done"": 0.39}",0.65,0.92,267,2146,308.4,jev-1.13.0
find recently modified go files and show the most recent one,truncated,1,0,find_files,find_files,1,0.97,"{""read_file"": 0.0, ""kill_process"": 0.0, ""list_files"": 0.0, ""port_listeners"": 0.0, ""search_content"": 0.0, ""disk_usage"": 0.0, ""process_list"": 0.0, ""git_log"": 0.0, ""find_files"": 0.98, ""tail_log"": 0.0, ""cannot_proceed"": 0.01, ""done"": 0.01, ""git_status"": 0.0}",0.05,0.88,22,1846,215.7,jev-1.13.0
find recently modified go files and show the most recent one,truncated,1,1,find_files,read_file,0,0.28,"{""git_status"": 0.05, ""cannot_proceed"": 0.12, ""read_file"": 0.33, ""git_log"": 0.02, ""kill_process"": 0.0, ""disk_usage"": 0.0, ""list_files"": 0.08, ""process_list"": 0.0, ""search_content"": 0.0, ""tail_log"": 0.0, ""find_files"": 0.35000000000000003, ""port_listeners"": 0.0, ""done"": 0.05}",0.09,0.8,59,1902,314.0,jev-1.13.0
find recently modified go files and show the most recent one,truncated,1,2,find_files,done,0,0.43,"{""find_files"": 0.49, ""git_status"": 0.04, ""process_list"": 0.0, ""git_log"": 0.01, ""read_file"": 0.28, ""kill_process"": 0.0, ""cannot_proceed"": 0.07, ""list_files"": 0.04, ""done"": 0.07, ""search_content"": 0.0, ""disk_usage"": 0.0, ""port_listeners"": 0.0, ""tail_log"": 0.0}",0.07,0.81,97,1959,241.2,jev-1.13.0
find recently modified go files and show the most recent one,truncated,1,3,find_files,done,0,0.34,"{""port_listeners"": 0.0, ""find_files"": 0.39, ""done"": 0.06, ""read_file"": 0.36, ""list_files"": 0.05, ""process_list"": 0.0, ""kill_process"": 0.0, ""git_status"": 0.03, ""cannot_proceed"": 0.1, ""disk_usage"": 0.0, ""search_content"": 0.0, ""tail_log"": 0.0, ""git_log"": 0.01}",0.05,0.83,135,2016,230.5,jev-1.13.0
find recently modified go files and show the most recent one,truncated,1,4,find_files,done,0,0.42,"{""list_files"": 0.05, ""git_status"": 0.03, ""git_log"": 0.01, ""find_files"": 0.48, ""process_list"": 0.0, ""disk_usage"": 0.0, ""port_listeners"": 0.0, ""cannot_proceed"": 0.07, ""kill_process"": 0.0, ""search_content"": 0.0, ""read_file"": 0.3, ""tail_log"": 0.0, ""done"": 0.06}",0.05,0.84,173,2073,259.9,jev-1.13.0
find recently modified go files and show the most recent one,truncated,1,5,find_files,done,0,0.4,"{""port_listeners"": 0.0, ""list_files"": 0.04, ""disk_usage"": 0.0, ""cannot_proceed"": 0.09, ""tail_log"": 0.0, ""process_list"": 0.0, ""git_log"": 0.01, ""find_files"": 0.46, ""read_file"": 0.31, ""done"": 0.06, ""kill_process"": 0.0, ""search_content"": 0.0, ""git_status"": 0.03}",0.05,0.86,211,2130,294.0,jev-1.13.0
read whichever readme is in the skills project,truncated,1,0,find_files,list_files,0,0.68,"{""cannot_proceed"": 0.0, ""done"": 0.0, ""disk_usage"": 0.0, ""port_listeners"": 0.0, ""list_files"": 0.27, ""process_list"": 0.0, ""git_status"": 0.0, ""tail_log"": 0.0, ""kill_process"": 0.0, ""search_content"": 0.0, ""find_files"": 0.71, ""git_log"": 0.0, ""read_file"": 0.02}",0.04,0.91,18,1844,389.6,jev-1.13.0
read whichever readme is in the skills project,truncated,1,1,find_files,read_file,0,0.42,"{""kill_process"": 0.0, ""done"": 0.0, ""git_log"": 0.0, ""tail_log"": 0.0, ""read_file"": 0.13, ""process_list"": 0.0, ""port_listeners"": 0.0, ""find_files"": 0.47000000000000003, ""disk_usage"": 0.0, ""git_status"": 0.0, ""cannot_proceed"": 0.0, ""search_content"": 0.02, ""list_files"": 0.38}",0.05,0.92,49,1888,270.8,jev-1.13.0
read whichever readme is in the skills project,truncated,1,2,find_files,done,0,0.44,"{""port_listeners"": 0.0, ""tail_log"": 0.0, ""git_status"": 0.0, ""list_files"": 0.37, ""find_files"": 0.49, ""kill_process"": 0.0, ""disk_usage"": 0.0, ""process_list"": 0.0, ""read_file"": 0.12, ""done"": 0.0, ""git_log"": 0.0, ""cannot_proceed"": 0.0, ""search_content"": 0.02}",0.04,0.91,80,1933,326.3,jev-1.13.0
read whichever readme is in the skills project,truncated,1,3,find_files,done,0,0.36,"{""git_status"": 0.0, ""cannot_proceed"": 0.01, ""port_listeners"": 0.0, ""git_log"": 0.0, ""kill_process"": 0.0, ""disk_usage"": 0.0, ""list_files"": 0.4, ""process_list"": 0.0, ""search_content"": 0.03, ""tail_log"": 0.0, ""find_files"": 0.42, ""read_file"": 0.14, ""done"": 0.0}",0.04,0.92,111,1978,291.0,jev-1.13.0
read whichever readme is in the skills project,truncated,1,4,find_files,done,0,0.41,"{""disk_usage"": 0.0, ""tail_log"": 0.0, ""port_listeners"": 0.0, ""find_files"": 0.46, ""git_status"": 0.0, ""search_content"": 0.03, ""done"": 0.01, ""cannot_proceed"": 0.01, ""list_files"": 0.33, ""read_file"": 0.16, ""kill_process"": 0.0, ""process_list"": 0.0, ""git_log"": 0.0}",0.03,0.92,143,2023,278.6,jev-1.13.0
read whichever readme is in the skills project,truncated,1,5,find_files,done,0,0.38,"{""port_listeners"": 0.0, ""list_files"": 0.37, ""git_status"": 0.0, ""git_log"": 0.0, ""find_files"": 0.44, ""disk_usage"": 0.0, ""search_content"": 0.04, ""tail_log"": 0.0, ""read_file"": 0.14, ""kill_process"": 0.0, ""process_list"": 0.0, ""cannot_proceed"": 0.01, ""done"": 0.0}",0.03,0.92,174,2068,252.6,jev-1.13.0
tail whichever npm log has the most content in it,truncated,1,0,find_files,find_files,1,0.72,"{""git_status"": 0.0, ""search_content"": 0.01, ""port_listeners"": 0.0, ""read_file"": 0.0, ""process_list"": 0.0, ""disk_usage"": 0.04, ""tail_log"": 0.02, ""kill_process"": 0.0, ""git_log"": 0.0, ""done"": 0.0, ""find_files"": 0.74, ""cannot_proceed"": 0.05, ""list_files"": 0.14}",0.03,0.81,19,1845,236.8,jev-1.13.0
tail whichever npm log has the most content in it,truncated,1,1,tail_log,tail_log,1,0.99,"{""disk_usage"": 0.0, ""find_files"": 0.0, ""cannot_proceed"": 0.0, ""process_list"": 0.0, ""git_log"": 0.0, ""search_content"": 0.0, ""tail_log"": 1.0, ""git_status"": 0.0, ""read_file"": 0.0, ""list_files"": 0.0, ""port_listeners"": 0.0, ""kill_process"": 0.0, ""done"": 0.0}",0.09,0.95,87,2040,279.9,jev-1.13.0
tail whichever npm log has the most content in it,truncated,1,2,tail_log,done,0,0.59,"{""tail_log"": 0.63, ""list_files"": 0.0, ""port_listeners"": 0.0, ""git_log"": 0.0, ""read_file"": 0.0, ""find_files"": 0.0, ""search_content"": 0.0, ""kill_process"": 0.0, ""done"": 0.36, ""process_list"": 0.0, ""cannot_proceed"": 0.01, ""git_status"": 0.0, ""disk_usage"": 0.0}",0.59,0.95,129,2107,209.6,jev-1.13.0
tail whichever npm log has the most content in it,truncated,1,3,tail_log,done,0,0.75,"{""kill_process"": 0.0, ""done"": 0.21, ""git_log"": 0.0, ""tail_log"": 0.78, ""read_file"": 0.0, ""cannot_proceed"": 0.01, ""port_listeners"": 0.0, ""search_content"": 0.0, ""disk_usage"": 0.0, ""git_status"": 0.0, ""find_files"": 0.0, ""process_list"": 0.0, ""list_files"": 0.0}",0.39,0.94,172,2174,312.4,jev-1.13.0
tail whichever npm log has the most content in it,truncated,1,4,tail_log,done,0,0.78,"{""git_status"": 0.0, ""search_content"": 0.0, ""port_listeners"": 0.0, ""read_file"": 0.0, ""process_list"": 0.0, ""disk_usage"": 0.0, ""tail_log"": 0.81, ""kill_process"": 0.0, ""git_log"": 0.0, ""done"": 0.16, ""find_files"": 0.0, ""cannot_proceed"": 0.02, ""list_files"": 0.0}",0.25,0.94,215,2241,241.5,jev-1.13.0
tail whichever npm log has the most content in it,truncated,1,5,tail_log,done,0,0.7,"{""port_listeners"": 0.0, ""list_files"": 0.0, ""git_status"": 0.0, ""git_log"": 0.0, ""find_files"": 0.01, ""disk_usage"": 0.0, ""tail_log"": 0.73, ""kill_process"": 0.0, ""read_file"": 0.01, ""cannot_proceed"": 0.04, ""process_list"": 0.0, ""search_content"": 0.0, ""done"": 0.21}",0.19,0.91,258,2308,286.1,jev-1.13.0
show the most recently changed file in the skills repo,truncated,1,0,find_files,find_files,1,0.69,"{""kill_process"": 0.0, ""disk_usage"": 0.0, ""list_files"": 0.06, ""tail_log"": 0.0, ""read_file"": 0.0, ""git_status"": 0.09, ""search_content"": 0.0, ""find_files"": 0.72, ""done"": 0.0, ""git_log"": 0.12, ""port_listeners"": 0.0, ""cannot_proceed"": 0.01, ""process_list"": 0.0}",0.03,0.89,20,1845,288.6,jev-1.13.0
show the most recently changed file in the skills repo,truncated,1,1,find_files,read_file,0,0.29,"{""read_file"": 0.04, ""find_files"": 0.34, ""git_log"": 0.08, ""search_content"": 0.0, ""done"": 0.28, ""list_files"": 0.1, ""port_listeners"": 0.0, ""git_status"": 0.13, ""disk_usage"": 0.0, ""tail_log"": 0.0, ""kill_process"": 0.0, ""cannot_proceed"": 0.02, ""process_list"": 0.0}",0.16,0.85,36,1873,260.0,jev-1.13.0
show the most recently changed file in the skills repo,truncated,1,2,find_files,done,0,0.43,"{""tail_log"": 0.0, ""list_files"": 0.08, ""disk_usage"": 0.0, ""read_file"": 0.03, ""git_log"": 0.13, ""find_files"": 0.48, ""search_content"": 0.0, ""kill_process"": 0.0, ""done"": 0.11, ""process_list"": 0.0, ""cannot_proceed"": 0.02, ""git_status"": 0.15000000000000002, ""port_listeners"": 0.0}",0.08,0.87,53,1902,252.2,jev-1.13.0
show the most recently changed file in the skills repo,truncated,1,3,find_files,done,0,0.41,"{""read_file"": 0.04, ""list_files"": 0.07, ""find_files"": 0.45, ""process_list"": 0.0, ""port_listeners"": 0.0, ""disk_usage"": 0.0, ""kill_process"": 0.0, ""search_content"": 0.0, ""done"": 0.12, ""tail_log"": 0.0, ""git_status"": 0.17, ""git_log"": 0.12, ""cannot_proceed"": 0.03}",0.09,0.9,70,1931,260.8,jev-1.13.0
show the most recently changed file in the skills repo,truncated,1,4,find_files,done,0,0.46,"{""read_file"": 0.05, ""git_log"": 0.13, ""tail_log"": 0.0, ""cannot_proceed"": 0.04, ""done"": 0.08, ""kill_process"": 0.0, ""list_files"": 0.05, ""process_list"": 0.0, ""disk_usage"": 0.0, ""search_content"": 0.0, ""find_files"": 0.5, ""git_status"": 0.15, ""port_listeners"": 0.0}",0.07,0.89,87,1960,220.8,jev-1.13.0
show the most recently changed file in the skills repo,truncated,1,5,find_files,done,0,0.47,"{""git_log"": 0.13, ""find_files"": 0.51, ""done"": 0.09, ""process_list"": 0.0, ""list_files"": 0.07, ""read_file"": 0.04, ""kill_process"": 0.0, ""cannot_proceed"": 0.03, ""git_status"": 0.13, ""disk_usage"": 0.0, ""search_content"": 0.0, ""tail_log"": 0.0, ""port_listeners"": 0.0}",0.08,0.9,103,1989,288.1,jev-1.13.0
tail whichever npm log is newest,truncated,1,0,find_files,find_files,1,0.95,"{""git_status"": 0.0, ""done"": 0.0, ""port_listeners"": 0.0, ""git_log"": 0.0, ""kill_process"": 0.0, ""cannot_proceed"": 0.01, ""list_files"": 0.02, ""process_list"": 0.0, ""search_content"": 0.0, ""tail_log"": 0.01, ""find_files"": 0.96, ""read_file"": 0.0, ""disk_usage"": 0.0}",0.04,0.89,15,1841,213.6,jev-1.13.0
tail whichever npm log is newest,truncated,1,1,tail_log,tail_log,1,0.98,"{""git_status"": 0.0, ""disk_usage"": 0.0, ""find_files"": 0.01, ""done"": 0.0, ""kill_process"": 0.0, ""list_files"": 0.0, ""read_file"": 0.0, ""port_listeners"": 0.0, ""search_content"": 0.0, ""tail_log"": 0.99, ""process_list"": 0.0, ""git_log"": 0.0, ""cannot_proceed"": 0.0}",0.08,0.95,74,2008,371.9,jev-1.13.0
tail whichever npm log is newest,truncated,1,2,done,done,1,0.81,"{""find_files"": 0.01, ""git_log"": 0.0, ""port_listeners"": 0.0, ""tail_log"": 0.15, ""list_files"": 0.0, ""git_status"": 0.0, ""read_file"": 0.0, ""kill_process"": 0.0, ""process_list"": 0.0, ""search_content"": 0.0, ""done"": 0.83, ""disk_usage"": 0.0, ""cannot_proceed"": 0.01}",0.79,0.96,139,2097,264.5,jev-1.13.0
deploy the app to production,truncated,1,0,cannot_proceed,cannot_proceed,1,0.92,"{""port_listeners"": 0.0, ""find_files"": 0.01, ""cannot_proceed"": 0.93, ""disk_usage"": 0.0, ""search_content"": 0.0, ""git_log"": 0.01, ""tail_log"": 0.0, ""git_status"": 0.04, ""read_file"": 0.0, ""process_list"": 0.0, ""kill_process"": 0.0, ""list_files"": 0.01, ""done"": 0.0}",0.05,0.04,14,1840,236.8,jev-1.13.0
send a message to the team on slack,truncated,1,0,cannot_proceed,cannot_proceed,1,1.0,"{""port_listeners"": 0.0, ""search_content"": 0.0, ""process_list"": 0.0, ""done"": 0.0, ""list_files"": 0.0, ""read_file"": 0.0, ""git_log"": 0.0, ""cannot_proceed"": 1.0, ""kill_process"": 0.0, ""tail_log"": 0.0, ""disk_usage"": 0.0, ""find_files"": 0.0, ""git_status"": 0.0}",0.05,0.03,15,1843,215.5,jev-1.13.0
rename this file to something else,truncated,1,0,cannot_proceed,cannot_proceed,1,0.93,"{""cannot_proceed"": 0.94, ""done"": 0.0, ""disk_usage"": 0.0, ""port_listeners"": 0.0, ""list_files"": 0.01, ""process_list"": 0.0, ""git_status"": 0.0, ""tail_log"": 0.0, ""kill_process"": 0.0, ""search_content"": 0.0, ""find_files"": 0.05, ""git_log"": 0.0, ""read_file"": 0.0}",0.05,0.06,15,1841,323.0,jev-1.13.0
install the missing npm dependency,truncated,1,0,cannot_proceed,cannot_proceed,1,0.67,"{""port_listeners"": 0.0, ""find_files"": 0.03, ""done"": 0.0, ""process_list"": 0.0, ""kill_process"": 0.0, ""list_files"": 0.11, ""read_file"": 0.11, ""cannot_proceed"": 0.71, ""git_status"": 0.0, ""disk_usage"": 0.0, ""search_content"": 0.03, ""tail_log"": 0.01, ""git_log"": 0.0}",0.05,0.05,15,1840,259.6,jev-1.13.0
what's the most recent commit in driftmark,truncated,1,0,git_log,git_log,1,0.98,"{""kill_process"": 0.0, ""tail_log"": 0.0, ""cannot_proceed"": 0.0, ""git_log"": 0.98, ""search_content"": 0.0, ""read_file"": 0.0, ""port_listeners"": 0.0, ""process_list"": 0.0, ""list_files"": 0.01, ""git_status"": 0.0, ""disk_usage"": 0.0, ""done"": 0.0, ""find_files"": 0.01}",0.02,0.88,17,1845,282.2,jev-1.13.0
what's the most recent commit in driftmark,truncated,1,1,done,done,1,0.98,"{""port_listeners"": 0.0, ""search_content"": 0.0, ""cannot_proceed"": 0.0, ""done"": 0.99, ""list_files"": 0.0, ""read_file"": 0.0, ""git_log"": 0.01, ""process_list"": 0.0, ""kill_process"": 0.0, ""tail_log"": 0.0, ""disk_usage"": 0.0, ""find_files"": 0.0, ""git_status"": 0.0}",0.87,0.95,46,1901,234.0,jev-1.13.0
what does the go module for glow require,truncated,1,0,read_file,read_file,1,0.96,"{""disk_usage"": 0.0, ""tail_log"": 0.0, ""port_listeners"": 0.0, ""find_files"": 0.02, ""git_status"": 0.0, ""cannot_proceed"": 0.0, ""done"": 0.0, ""search_content"": 0.01, ""list_files"": 0.01, ""read_file"": 0.96, ""kill_process"": 0.0, ""process_list"": 0.0, ""git_log"": 0.0}",0.03,0.63,17,1843,246.9,jev-1.13.0
what does the go module for glow require,truncated,1,1,read_file,done,0,0.93,"{""git_log"": 0.0, ""disk_usage"": 0.0, ""find_files"": 0.0, ""kill_process"": 0.0, ""port_listeners"": 0.0, ""done"": 0.06, ""cannot_proceed"": 0.0, ""read_file"": 0.9400000000000001, ""list_files"": 0.0, ""process_list"": 0.0, ""tail_log"": 0.0, ""git_status"": 0.0, ""search_content"": 0.0}",0.07,0.82,42,1887,286.3,jev-1.13.0
what does the go module for glow require,truncated,1,2,read_file,done,0,0.94,"{""git_status"": 0.0, ""disk_usage"": 0.0, ""find_files"": 0.0, ""done"": 0.04, ""tail_log"": 0.0, ""list_files"": 0.0, ""read_file"": 0.95, ""port_listeners"": 0.0, ""search_content"": 0.0, ""kill_process"": 0.0, ""process_list"": 0.0, ""git_log"": 0.0, ""cannot_proceed"": 0.01}",0.07,0.84,69,1932,271.6,jev-1.13.0
what does the go module for glow require,truncated,1,3,read_file,done,0,0.95,"{""git_status"": 0.0, ""disk_usage"": 0.0, ""find_files"": 0.0, ""done"": 0.03, ""tail_log"": 0.0, ""list_files"": 0.0, ""read_file"": 0.96, ""port_listeners"": 0.0, ""search_content"": 0.0, ""kill_process"": 0.0, ""cannot_proceed"": 0.01, ""git_log"": 0.0, ""process_list"": 0.0}",0.06,0.83,95,1977,242.0,jev-1.13.0
what does the go module for glow require,truncated,1,4,read_file,done,0,0.94,"{""port_listeners"": 0.0, ""find_files"": 0.0, ""cannot_proceed"": 0.01, ""disk_usage"": 0.0, ""git_log"": 0.0, ""tail_log"": 0.0, ""search_content"": 0.0, ""git_status"": 0.0, ""read_file"": 0.95, ""list_files"": 0.0, ""kill_process"": 0.0, ""process_list"": 0.0, ""done"": 0.04}",0.05,0.83,121,2022,276.3,jev-1.13.0
what does the go module for glow require,truncated,1,5,read_file,done,0,0.95,"{""cannot_proceed"": 0.01, ""list_files"": 0.0, ""git_status"": 0.0, ""git_log"": 0.0, ""tail_log"": 0.0, ""disk_usage"": 0.0, ""search_content"": 0.0, ""kill_process"": 0.0, ""read_file"": 0.96, ""find_files"": 0.0, ""process_list"": 0.0, ""port_listeners"": 0.0, ""done"": 0.03}",0.04,0.82,147,2067,254.9,jev-1.13.0
are there uncommitted changes in the hermes project,truncated,1,0,git_status,git_status,1,0.87,"{""port_listeners"": 0.0, ""tail_log"": 0.0, ""disk_usage"": 0.0, ""find_files"": 0.0, ""cannot_proceed"": 0.0, ""process_list"": 0.0, ""search_content"": 0.0, ""done"": 0.12, ""list_files"": 0.0, ""read_file"": 0.0, ""git_status"": 0.88, ""kill_process"": 0.0, ""git_log"": 0.0}",0.56,0.94,19,1846,238.6,jev-1.13.0
are there uncommitted changes in the hermes project,truncated,1,1,done,done,1,0.89,"{""find_files"": 0.0, ""git_log"": 0.0, ""process_list"": 0.0, ""git_status"": 0.08, ""disk_usage"": 0.0, ""kill_process"": 0.0, ""search_content"": 0.0, ""list_files"": 0.01, ""done"": 0.9, ""cannot_proceed"": 0.0, ""read_file"": 0.01, ""port_listeners"": 0.0, ""tail_log"": 0.0}",0.88,0.96,37,1876,245.1,jev-1.13.0
which skill docs were modified,truncated,1,0,git_status,git_status,1,0.88,"{""port_listeners"": 0.0, ""tail_log"": 0.0, ""disk_usage"": 0.0, ""find_files"": 0.07, ""cannot_proceed"": 0.01, ""process_list"": 0.0, ""search_content"": 0.0, ""done"": 0.01, ""git_status"": 0.9, ""read_file"": 0.0, ""list_files"": 0.0, ""kill_process"": 0.0, ""git_log"": 0.01}",0.06,0.72,14,1840,249.6,jev-1.13.0
which skill docs were modified,truncated,1,1,done,done,1,0.95,"{""search_content"": 0.0, ""list_files"": 0.0, ""find_files"": 0.0, ""kill_process"": 0.0, ""port_listeners"": 0.0, ""done"": 0.96, ""cannot_proceed"": 0.0, ""read_file"": 0.03, ""disk_usage"": 0.0, ""process_list"": 0.0, ""tail_log"": 0.0, ""git_status"": 0.0, ""git_log"": 0.01}",0.84,0.89,32,1870,275.0,jev-1.13.0
kill whatever's on port 3000,truncated,2,0,port_listeners,port_listeners,1,0.98,"{""read_file"": 0.0, ""disk_usage"": 0.0, ""git_log"": 0.0, ""process_list"": 0.0, ""port_listeners"": 0.99, ""list_files"": 0.0, ""kill_process"": 0.0, ""search_content"": 0.0, ""done"": 0.0, ""tail_log"": 0.0, ""git_status"": 0.0, ""cannot_proceed"": 0.01, ""find_files"": 0.0}",0.06,0.92,14,1845,245.7,jev-1.13.0
kill whatever's on port 3000,truncated,2,1,kill_process,kill_process,1,1.0,"{""read_file"": 0.0, ""find_files"": 0.0, ""list_files"": 0.0, ""process_list"": 0.0, ""port_listeners"": 0.0, ""disk_usage"": 0.0, ""kill_process"": 1.0, ""git_log"": 0.0, ""search_content"": 0.0, ""tail_log"": 0.0, ""cannot_proceed"": 0.0, ""done"": 0.0, ""git_status"": 0.0}",0.03,0.97,59,1933,251.0,jev-1.13.0
kill whatever's on port 3000,truncated,2,2,kill_process,done,0,0.4,"{""find_files"": 0.0, ""list_files"": 0.0, ""port_listeners"": 0.3, ""disk_usage"": 0.0, ""git_log"": 0.0, ""cannot_proceed"": 0.03, ""read_file"": 0.0, ""kill_process"": 0.45, ""process_list"": 0.01, ""search_content"": 0.0, ""done"": 0.21, ""git_status"": 0.0, ""tail_log"": 0.0}",0.39,0.92,75,1960,273.7,jev-1.13.0
kill whatever's on port 3000,truncated,2,3,kill_process,done,0,0.59,"{""search_content"": 0.0, ""list_files"": 0.0, ""find_files"": 0.0, ""read_file"": 0.0, ""port_listeners"": 0.29, ""done"": 0.05, ""cannot_proceed"": 0.03, ""kill_process"": 0.62, ""disk_usage"": 0.0, ""process_list"": 0.01, ""tail_log"": 0.0, ""git_status"": 0.0, ""git_log"": 0.0}",0.24,0.87,91,1987,342.6,jev-1.13.0
kill whatever's on port 3000,truncated,2,4,kill_process,done,0,0.52,"{""cannot_proceed"": 0.04, ""list_files"": 0.0, ""git_status"": 0.0, ""search_content"": 0.0, ""kill_process"": 0.56, ""disk_usage"": 0.0, ""port_listeners"": 0.36, ""find_files"": 0.0, ""read_file"": 0.0, ""tail_log"": 0.0, ""process_list"": 0.01, ""git_log"": 0.0, ""done"": 0.03}",0.22,0.86,107,2014,228.2,jev-1.13.0
kill whatever's on port 3000,truncated,2,5,kill_process,done,0,0.47,"{""find_files"": 0.0, ""git_log"": 0.0, ""port_listeners"": 0.41, ""disk_usage"": 0.0, ""list_files"": 0.0, ""cannot_proceed"": 0.05, ""read_file"": 0.0, ""kill_process"": 0.51, ""process_list"": 0.01, ""search_content"": 0.0, ""done"": 0.02, ""git_status"": 0.0, ""tail_log"": 0.0}",0.2,0.84,122,2041,256.4,jev-1.13.0
kill the process eating the most CPU,truncated,2,0,process_list,process_list,1,1.0,"{""git_status"": 0.0, ""process_list"": 1.0, ""read_file"": 0.0, ""port_listeners"": 0.0, ""tail_log"": 0.0, ""git_log"": 0.0, ""find_files"": 0.0, ""disk_usage"": 0.0, ""search_content"": 0.0, ""list_files"": 0.0, ""cannot_proceed"": 0.0, ""kill_process"": 0.0, ""done"": 0.0}",0.03,0.93,16,1842,224.0,jev-1.13.0
kill the process eating the most CPU,truncated,2,1,kill_process,kill_process,1,1.0,"{""kill_process"": 1.0, ""tail_log"": 0.0, ""cannot_proceed"": 0.0, ""git_log"": 0.0, ""search_content"": 0.0, ""read_file"": 0.0, ""list_files"": 0.0, ""process_list"": 0.0, ""port_listeners"": 0.0, ""disk_usage"": 0.0, ""git_status"": 0.0, ""done"": 0.0, ""find_files"": 0.0}",0.04,0.96,55,1919,315.0,jev-1.13.0
kill the process eating the most CPU,truncated,2,2,kill_process,done,0,0.53,"{""list_files"": 0.0, ""find_files"": 0.0, ""cannot_proceed"": 0.06, ""kill_process"": 0.57, ""tail_log"": 0.0, ""git_log"": 0.0, ""search_content"": 0.0, ""git_status"": 0.0, ""disk_usage"": 0.0, ""process_list"": 0.04, ""port_listeners"": 0.0, ""read_file"": 0.0, ""done"": 0.33}",0.32,0.93,70,1946,261.1,jev-1.13.0
kill the process eating the most CPU,truncated,2,3,kill_process,done,0,0.64,"{""port_listeners"": 0.0, ""find_files"": 0.0, ""done"": 0.09, ""process_list"": 0.2, ""list_files"": 0.0, ""read_file"": 0.0, ""kill_process"": 0.68, ""cannot_proceed"": 0.03, ""git_status"": 0.0, ""disk_usage"": 0.0, ""search_content"": 0.0, ""tail_log"": 0.0, ""git_log"": 0.0}",0.26,0.9,86,1973,241.1,jev-1.13.0
kill the process eating the most CPU,truncated,2,4,kill_process,done,0,0.64,"{""read_file"": 0.0, ""port_listeners"": 0.0, ""cannot_proceed"": 0.03, ""done"": 0.04, ""git_log"": 0.0, ""disk_usage"": 0.0, ""process_list"": 0.25, ""git_status"": 0.0, ""tail_log"": 0.0, ""search_content"": 0.0, ""kill_process"": 0.68, ""find_files"": 0.0, ""list_files"": 0.0}",0.19,0.88,102,2000,262.9,jev-1.13.0
kill the process eating the most CPU,truncated,2,5,kill_process,done,0,0.51,"{""cannot_proceed"": 0.05, ""git_log"": 0.0, ""read_file"": 0.0, ""tail_log"": 0.0, ""done"": 0.03, ""port_listeners"": 0.0, ""list_files"": 0.0, ""process_list"": 0.36, ""kill_process"": 0.56, ""search_content"": 0.0, ""find_files"": 0.0, ""disk_usage"": 0.0, ""git_status"": 0.0}",0.18,0.86,118,2027,266.0,jev-1.13.0
tail the log that changed most recently,truncated,2,0,find_files,find_files,1,0.96,"{""read_file"": 0.0, ""disk_usage"": 0.0, ""git_status"": 0.0, ""search_content"": 0.0, ""git_log"": 0.0, ""tail_log"": 0.01, ""kill_process"": 0.0, ""done"": 0.0, ""cannot_proceed"": 0.01, ""find_files"": 0.96, ""process_list"": 0.0, ""list_files"": 0.02, ""port_listeners"": 0.0}",0.04,0.93,16,1842,265.5,jev-1.13.0
tail the log that changed most recently,truncated,2,1,tail_log,tail_log,1,1.0,"{""cannot_proceed"": 0.0, ""git_status"": 0.0, ""search_content"": 0.0, ""process_list"": 0.0, ""read_file"": 0.0, ""find_files"": 0.0, ""kill_process"": 0.0, ""list_files"": 0.0, ""disk_usage"": 0.0, ""git_log"": 0.0, ""port_listeners"": 0.0, ""tail_log"": 1.0, ""done"": 0.0}",0.08,0.96,59,1939,269.8,jev-1.13.0
tail the log that changed most recently,truncated,2,2,done,done,1,0.98,"{""list_files"": 0.0, ""search_content"": 0.0, ""cannot_proceed"": 0.0, ""disk_usage"": 0.0, ""git_log"": 0.0, ""kill_process"": 0.0, ""git_status"": 0.0, ""find_files"": 0.0, ""port_listeners"": 0.0, ""done"": 0.99, ""read_file"": 0.0, ""process_list"": 0.0, ""tail_log"": 0.01}",0.94,0.97,90,1994,261.3,jev-1.13.0
what's using the most disk space here,truncated,2,0,disk_usage,disk_usage,1,1.0,"{""cannot_proceed"": 0.0, ""list_files"": 0.0, ""git_log"": 0.0, ""find_files"": 0.0, ""tail_log"": 0.0, ""port_listeners"": 0.0, ""search_content"": 0.0, ""read_file"": 0.0, ""kill_process"": 0.0, ""disk_usage"": 1.0, ""process_list"": 0.0, ""done"": 0.0, ""git_status"": 0.0}",0.03,0.95,16,1843,238.3,jev-1.13.0
what's using the most disk space here,truncated,2,1,done,done,1,0.75,"{""kill_process"": 0.0, ""done"": 0.77, ""git_log"": 0.0, ""tail_log"": 0.0, ""read_file"": 0.0, ""process_list"": 0.0, ""port_listeners"": 0.0, ""search_content"": 0.0, ""disk_usage"": 0.09, ""git_status"": 0.0, ""cannot_proceed"": 0.0, ""find_files"": 0.03, ""list_files"": 0.11}",0.88,0.94,40,1891,233.7,jev-1.13.0
restart the database,truncated,2,0,cannot_proceed,cannot_proceed,1,0.98,"{""tail_log"": 0.0, ""disk_usage"": 0.0, ""cannot_proceed"": 0.99, ""find_files"": 0.0, ""git_status"": 0.0, ""search_content"": 0.0, ""done"": 0.0, ""port_listeners"": 0.0, ""list_files"": 0.0, ""read_file"": 0.0, ""kill_process"": 0.0, ""process_list"": 0.01, ""git_log"": 0.0}",0.06,0.23,12,1838,233.0,jev-1.13.0
which files have uncommitted changes,truncated,2,0,git_status,git_status,1,0.51,"{""list_files"": 0.0, ""find_files"": 0.0, ""git_log"": 0.0, ""tail_log"": 0.0, ""git_status"": 0.55, ""disk_usage"": 0.0, ""port_listeners"": 0.0, ""cannot_proceed"": 0.0, ""kill_process"": 0.0, ""search_content"": 0.0, ""read_file"": 0.0, ""process_list"": 0.0, ""done"": 0.45}",0.64,0.95,16,1842,293.5,jev-1.13.0
which files have uncommitted changes,truncated,2,1,done,done,1,0.99,"{""kill_process"": 0.0, ""disk_usage"": 0.0, ""tail_log"": 0.0, ""list_files"": 0.0, ""done"": 0.98, ""git_status"": 0.01, ""search_content"": 0.0, ""find_files"": 0.0, ""read_file"": 0.01, ""git_log"": 0.0, ""port_listeners"": 0.0, ""cannot_proceed"": 0.0, ""process_list"": 0.0}",0.94,0.96,44,1884,247.4,jev-1.13.0
show me the commit history for this repo,truncated,2,0,git_log,git_log,1,1.0,"{""list_files"": 0.0, ""find_files"": 0.0, ""tail_log"": 0.0, ""process_list"": 0.0, ""git_log"": 1.0, ""disk_usage"": 0.0, ""port_listeners"": 0.0, ""cannot_proceed"": 0.0, ""kill_process"": 0.0, ""search_content"": 0.0, ""read_file"": 0.0, ""git_status"": 0.0, ""done"": 0.0}",0.02,0.95,17,1843,273.8,jev-1.13.0
show me the commit history for this repo,truncated,2,1,done,done,1,0.99,"{""list_files"": 0.0, ""find_files"": 0.0, ""tail_log"": 0.0, ""git_status"": 0.0, ""process_list"": 0.0, ""disk_usage"": 0.0, ""port_listeners"": 0.0, ""cannot_proceed"": 0.0, ""kill_process"": 0.0, ""search_content"": 0.0, ""read_file"": 0.0, ""git_log"": 0.01, ""done"": 0.99}",0.95,0.98,64,1922,229.0,jev-1.13.0
what files are in the internal directory of the glow project,truncated,2,0,list_files,list_files,1,0.94,"{""process_list"": 0.0, ""disk_usage"": 0.0, ""list_files"": 0.94, ""tail_log"": 0.0, ""read_file"": 0.0, ""git_status"": 0.0, ""search_content"": 0.0, ""find_files"": 0.05, ""done"": 0.0, ""git_log"": 0.0, ""port_listeners"": 0.0, ""cannot_proceed"": 0.01, ""kill_process"": 0.0}",0.03,0.9,22,1846,328.7,jev-1.13.0
what files are in the internal directory of the glow project,truncated,2,1,done,done,1,0.87,"{""kill_process"": 0.0, ""find_files"": 0.01, ""cannot_proceed"": 0.0, ""process_list"": 0.0, ""git_log"": 0.0, ""search_content"": 0.0, ""tail_log"": 0.0, ""git_status"": 0.0, ""disk_usage"": 0.0, ""list_files"": 0.11, ""port_listeners"": 0.0, ""read_file"": 0.01, ""done"": 0.87}",0.76,0.95,41,1882,285.2,jev-1.13.0
show me the contents of the go module file,truncated,2,0,read_file,read_file,1,0.98,"{""tail_log"": 0.0, ""git_log"": 0.0, ""done"": 0.0, ""cannot_proceed"": 0.0, ""read_file"": 0.98, ""kill_process"": 0.0, ""disk_usage"": 0.0, ""process_list"": 0.0, ""port_listeners"": 0.0, ""git_status"": 0.0, ""find_files"": 0.01, ""search_content"": 0.0, ""list_files"": 0.01}",0.03,0.91,17,1844,235.3,jev-1.13.0
show me the contents of the go module file,truncated,2,1,read_file,done,0,0.62,"{""git_status"": 0.0, ""process_list"": 0.0, ""read_file"": 0.66, ""port_listeners"": 0.0, ""tail_log"": 0.0, ""git_log"": 0.0, ""find_files"": 0.0, ""disk_usage"": 0.0, ""list_files"": 0.0, ""kill_process"": 0.0, ""cannot_proceed"": 0.0, ""done"": 0.34, ""search_content"": 0.0}",0.13,0.93,43,1888,275.6,jev-1.13.0
show me the contents of the go module file,truncated,2,2,read_file,done,0,0.61,"{""read_file"": 0.65, ""find_files"": 0.0, ""git_log"": 0.0, ""search_content"": 0.0, ""kill_process"": 0.0, ""list_files"": 0.0, ""port_listeners"": 0.0, ""done"": 0.35, ""disk_usage"": 0.0, ""tail_log"": 0.0, ""git_status"": 0.0, ""cannot_proceed"": 0.0, ""process_list"": 0.0}",0.16,0.94,69,1933,220.4,jev-1.13.0
show me the contents of the go module file,truncated,2,3,read_file,done,0,0.6,"{""read_file"": 0.64, ""process_list"": 0.0, ""done"": 0.36, ""find_files"": 0.0, ""cannot_proceed"": 0.0, ""tail_log"": 0.0, ""kill_process"": 0.0, ""git_status"": 0.0, ""git_log"": 0.0, ""search_content"": 0.0, ""disk_usage"": 0.0, ""list_files"": 0.0, ""port_listeners"": 0.0}",0.16,0.94,95,1978,290.8,jev-1.13.0
show me the contents of the go module file,truncated,2,4,read_file,done,0,0.67,"{""port_listeners"": 0.0, ""list_files"": 0.0, ""find_files"": 0.0, ""process_list"": 0.0, ""tail_log"": 0.0, ""disk_usage"": 0.0, ""git_log"": 0.0, ""cannot_proceed"": 0.0, ""read_file"": 0.71, ""done"": 0.29, ""kill_process"": 0.0, ""search_content"": 0.0, ""git_status"": 0.0}",0.16,0.94,122,2023,241.6,jev-1.13.0
show me the contents of the go module file,truncated,2,5,read_file,done,0,0.72,"{""kill_process"": 0.0, ""find_files"": 0.0, ""cannot_proceed"": 0.0, ""list_files"": 0.0, ""git_log"": 0.0, ""search_content"": 0.0, ""tail_log"": 0.0, ""git_status"": 0.0, ""read_file"": 0.75, ""process_list"": 0.0, ""port_listeners"": 0.0, ""disk_usage"": 0.0, ""done"": 0.25}",0.14,0.93,148,2068,281.4,jev-1.13.0
is anything listening on port 9999,truncated,2,0,port_listeners,port_listeners,1,0.52,"{""list_files"": 0.0, ""git_status"": 0.0, ""process_list"": 0.0, ""find_files"": 0.0, ""tail_log"": 0.0, ""disk_usage"": 0.0, ""cannot_proceed"": 0.01, ""git_log"": 0.0, ""kill_process"": 0.0, ""search_content"": 0.0, ""read_file"": 0.0, ""port_listeners"": 0.5700000000000001, ""done"": 0.42}",0.71,0.93,15,1845,294.9,jev-1.13.0
is anything listening on port 9999,truncated,2,1,done,done,1,0.65,"{""port_listeners"": 0.31, ""search_content"": 0.0, ""cannot_proceed"": 0.0, ""done"": 0.68, ""list_files"": 0.0, ""process_list"": 0.01, ""git_log"": 0.0, ""read_file"": 0.0, ""kill_process"": 0.0, ""tail_log"": 0.0, ""disk_usage"": 0.0, ""find_files"": 0.0, ""git_status"": 0.0}",0.85,0.94,31,1873,246.9,jev-1.13.0
kill whichever process is using the most memory,truncated,2,0,process_list,process_list,1,1.0,"{""git_status"": 0.0, ""read_file"": 0.0, ""cannot_proceed"": 0.0, ""git_log"": 0.0, ""kill_process"": 0.0, ""done"": 0.0, ""list_files"": 0.0, ""process_list"": 1.0, ""search_content"": 0.0, ""tail_log"": 0.0, ""find_files"": 0.0, ""port_listeners"": 0.0, ""disk_usage"": 0.0}",0.03,0.84,18,1843,258.2,jev-1.13.0
kill whichever process is using the most memory,truncated,2,1,kill_process,kill_process,1,0.99,"{""git_status"": 0.0, ""port_listeners"": 0.0, ""disk_usage"": 0.0, ""git_log"": 0.0, ""kill_process"": 0.99, ""done"": 0.0, ""list_files"": 0.0, ""process_list"": 0.01, ""search_content"": 0.0, ""tail_log"": 0.0, ""find_files"": 0.0, ""read_file"": 0.0, ""cannot_proceed"": 0.0}",0.05,0.96,92,1982,315.9,jev-1.13.0
kill whichever process is using the most memory,truncated,2,2,kill_process,done,0,0.53,"{""list_files"": 0.0, ""find_files"": 0.0, ""git_log"": 0.0, ""tail_log"": 0.0, ""git_status"": 0.0, ""disk_usage"": 0.0, ""cannot_proceed"": 0.04, ""port_listeners"": 0.0, ""kill_process"": 0.58, ""search_content"": 0.0, ""read_file"": 0.0, ""process_list"": 0.04, ""done"": 0.34}",0.33,0.88,108,2009,265.0,jev-1.13.0
kill whichever process is using the most memory,truncated,2,3,kill_process,done,0,0.62,"{""list_files"": 0.0, ""port_listeners"": 0.0, ""disk_usage"": 0.0, ""kill_process"": 0.65, ""read_file"": 0.0, ""git_log"": 0.0, ""done"": 0.15, ""process_list"": 0.16, ""find_files"": 0.0, ""git_status"": 0.0, ""search_content"": 0.0, ""cannot_proceed"": 0.04, ""tail_log"": 0.0}",0.25,0.91,124,2036,252.6,jev-1.13.0
kill whichever process is using the most memory,truncated,2,4,kill_process,done,0,0.62,"{""read_file"": 0.0, ""process_list"": 0.19, ""done"": 0.12, ""cannot_proceed"": 0.03, ""git_status"": 0.0, ""tail_log"": 0.0, ""kill_process"": 0.66, ""find_files"": 0.0, ""git_log"": 0.0, ""disk_usage"": 0.0, ""search_content"": 0.0, ""list_files"": 0.0, ""port_listeners"": 0.0}",0.22,0.91,139,2063,212.4,jev-1.13.0
kill whichever process is using the most memory,truncated,2,5,kill_process,done,0,0.51,"{""process_list"": 0.28, ""port_listeners"": 0.0, ""disk_usage"": 0.0, ""done"": 0.12, ""list_files"": 0.0, ""cannot_proceed"": 0.04, ""git_status"": 0.0, ""tail_log"": 0.0, ""kill_process"": 0.55, ""search_content"": 0.0, ""find_files"": 0.0, ""git_log"": 0.0, ""read_file"": 0.0}",0.22,0.92,155,2090,219.1,jev-1.13.0
show me the file that uses the jpeg encoder library,truncated,2,0,search_content,search_content,1,0.98,"{""port_listeners"": 0.0, ""search_content"": 0.98, ""git_status"": 0.0, ""list_files"": 0.0, ""find_files"": 0.02, ""cannot_proceed"": 0.0, ""disk_usage"": 0.0, ""process_list"": 0.0, ""read_file"": 0.0, ""git_log"": 0.0, ""kill_process"": 0.0, ""done"": 0.0, ""tail_log"": 0.0}",0.03,0.87,19,1845,259.3,jev-1.13.0
show me the file that uses the jpeg encoder library,truncated,2,1,read_file,read_file,1,0.67,"{""cannot_proceed"": 0.0, ""list_files"": 0.0, ""find_files"": 0.0, ""tail_log"": 0.0, ""git_log"": 0.0, ""port_listeners"": 0.0, ""search_content"": 0.0, ""read_file"": 0.71, ""kill_process"": 0.0, ""disk_usage"": 0.0, ""process_list"": 0.0, ""done"": 0.29, ""git_status"": 0.0}",0.74,0.91,89,1946,319.7,jev-1.13.0
show me the file that uses the jpeg encoder library,truncated,2,2,read_file,done,0,0.61,"{""git_status"": 0.0, ""done"": 0.36, ""read_file"": 0.64, ""git_log"": 0.0, ""kill_process"": 0.0, ""cannot_proceed"": 0.0, ""list_files"": 0.0, ""process_list"": 0.0, ""search_content"": 0.0, ""tail_log"": 0.0, ""find_files"": 0.0, ""port_listeners"": 0.0, ""disk_usage"": 0.0}",0.74,0.91,133,1996,270.2,jev-1.13.0
show me the file that uses the jpeg encoder library,truncated,2,3,read_file,done,0,0.5,"{""port_listeners"": 0.0, ""list_files"": 0.0, ""git_status"": 0.0, ""git_log"": 0.0, ""tail_log"": 0.0, ""disk_usage"": 0.0, ""cannot_proceed"": 0.0, ""search_content"": 0.0, ""read_file"": 0.55, ""kill_process"": 0.0, ""process_list"": 0.0, ""find_files"": 0.0, ""done"": 0.45}",0.73,0.94,178,2046,239.4,jev-1.13.0
show me the file that uses the jpeg encoder library,truncated,2,4,read_file,done,0,0.55,"{""find_files"": 0.0, ""git_log"": 0.0, ""process_list"": 0.0, ""git_status"": 0.0, ""read_file"": 0.59, ""kill_process"": 0.0, ""search_content"": 0.01, ""list_files"": 0.0, ""done"": 0.4, ""disk_usage"": 0.0, ""cannot_proceed"": 0.0, ""port_listeners"": 0.0, ""tail_log"": 0.0}",0.66,0.94,222,2096,245.8,jev-1.13.0
show me the file that uses the jpeg encoder library,truncated,2,5,read_file,done,0,0.55,"{""disk_usage"": 0.0, ""tail_log"": 0.0, ""port_listeners"": 0.0, ""find_files"": 0.0, ""cannot_proceed"": 0.0, ""process_list"": 0.0, ""search_content"": 0.0, ""done"": 0.4, ""git_status"": 0.0, ""read_file"": 0.6, ""list_files"": 0.0, ""kill_process"": 0.0, ""git_log"": 0.0}",0.67,0.93,267,2146,271.9,jev-1.13.0
find recently modified go files and show the most recent one,truncated,2,0,find_files,find_files,1,0.95,"{""read_file"": 0.0, ""git_log"": 0.0, ""done"": 0.03, ""tail_log"": 0.0, ""cannot_proceed"": 0.01, ""port_listeners"": 0.0, ""disk_usage"": 0.0, ""process_list"": 0.0, ""list_files"": 0.0, ""git_status"": 0.0, ""find_files"": 0.96, ""search_content"": 0.0, ""kill_process"": 0.0}",0.04,0.89,22,1846,225.2,jev-1.13.0
find recently modified go files and show the most recent one,truncated,2,1,read_file,read_file,1,0.34,"{""port_listeners"": 0.0, ""git_status"": 0.04, ""search_content"": 0.0, ""list_files"": 0.09, ""find_files"": 0.3, ""cannot_proceed"": 0.1, ""disk_usage"": 0.0, ""process_list"": 0.0, ""read_file"": 0.4, ""done"": 0.06, ""git_log"": 0.01, ""kill_process"": 0.0, ""tail_log"": 0.0}",0.1,0.83,59,1902,258.4,jev-1.13.0
find recently modified go files and show the most recent one,truncated,2,2,read_file,done,0,0.52,"{""disk_usage"": 0.0, ""port_listeners"": 0.0, ""cannot_proceed"": 0.07, ""done"": 0.07, ""git_log"": 0.01, ""read_file"": 0.56, ""process_list"": 0.0, ""git_status"": 0.02, ""tail_log"": 0.0, ""search_content"": 0.0, ""kill_process"": 0.0, ""find_files"": 0.23, ""list_files"": 0.03}",0.12,0.74,98,1950,268.0,jev-1.13.0
find recently modified go files and show the most recent one,truncated,2,3,read_file,done,0,0.36,"{""kill_process"": 0.0, ""tail_log"": 0.0, ""cannot_proceed"": 0.09, ""git_log"": 0.01, ""search_content"": 0.0, ""read_file"": 0.42, ""list_files"": 0.03, ""process_list"": 0.0, ""port_listeners"": 0.0, ""git_status"": 0.03, ""disk_usage"": 0.0, ""done"": 0.06, ""find_files"": 0.36}",0.07,0.7,138,1998,260.3,jev-1.13.0
find recently modified go files and show the most recent one,truncated,2,4,read_file,done,0,0.31,"{""tail_log"": 0.0, ""list_files"": 0.03, ""read_file"": 0.37, ""process_list"": 0.0, ""git_log"": 0.01, ""done"": 0.09, ""port_listeners"": 0.0, ""kill_process"": 0.0, ""git_status"": 0.03, ""cannot_proceed"": 0.11, ""disk_usage"": 0.0, ""find_files"": 0.36, ""search_content"": 0.0}",0.07,0.73,177,2046,257.7,jev-1.13.0
find recently modified go files and show the most recent one,truncated,2,5,find_files,done,0,0.5,"{""tail_log"": 0.0, ""port_listeners"": 0.0, ""kill_process"": 0.0, ""disk_usage"": 0.0, ""read_file"": 0.13, ""git_log"": 0.01, ""process_list"": 0.0, ""done"": 0.09, ""find_files"": 0.54, ""git_status"": 0.04, ""search_content"": 0.0, ""cannot_proceed"": 0.14, ""list_files"": 0.05}",0.05,0.76,216,2094,247.1,jev-1.13.0
read whichever readme is in the skills project,truncated,2,0,find_files,list_files,0,0.67,"{""disk_usage"": 0.0, ""tail_log"": 0.0, ""port_listeners"": 0.0, ""find_files"": 0.7, ""cannot_proceed"": 0.0, ""process_list"": 0.0, ""search_content"": 0.0, ""done"": 0.0, ""git_status"": 0.0, ""read_file"": 0.03, ""list_files"": 0.27, ""kill_process"": 0.0, ""git_log"": 0.0}",0.04,0.91,18,1844,278.3,jev-1.13.0
read whichever readme is in the skills project,truncated,2,1,find_files,read_file,0,0.46,"{""read_file"": 0.12, ""kill_process"": 0.0, ""search_content"": 0.02, ""done"": 0.0, ""port_listeners"": 0.0, ""git_status"": 0.0, ""git_log"": 0.0, ""process_list"": 0.0, ""find_files"": 0.51, ""tail_log"": 0.0, ""cannot_proceed"": 0.0, ""disk_usage"": 0.0, ""list_files"": 0.35}",0.04,0.91,49,1888,241.5,jev-1.13.0
read whichever readme is in the skills project,truncated,2,2,find_files,done,0,0.48,"{""port_listeners"": 0.0, ""list_files"": 0.3, ""git_status"": 0.0, ""git_log"": 0.0, ""find_files"": 0.53, ""disk_usage"": 0.0, ""search_content"": 0.03, ""tail_log"": 0.0, ""read_file"": 0.14, ""kill_process"": 0.0, ""process_list"": 0.0, ""cannot_proceed"": 0.0, ""done"": 0.0}",0.04,0.92,80,1933,280.1,jev-1.13.0
read whichever readme is in the skills project,truncated,2,3,find_files,done,0,0.46,"{""list_files"": 0.33, ""process_list"": 0.0, ""cannot_proceed"": 0.0, ""find_files"": 0.5, ""git_status"": 0.0, ""disk_usage"": 0.0, ""kill_process"": 0.0, ""git_log"": 0.0, ""port_listeners"": 0.0, ""done"": 0.01, ""read_file"": 0.13, ""search_content"": 0.03, ""tail_log"": 0.0}",0.03,0.92,111,1978,340.8,jev-1.13.0
read whichever readme is in the skills project,truncated,2,4,find_files,done,0,0.41,"{""git_status"": 0.0, ""disk_usage"": 0.0, ""find_files"": 0.47000000000000003, ""done"": 0.01, ""kill_process"": 0.0, ""list_files"": 0.32, ""read_file"": 0.16, ""port_listeners"": 0.0, ""search_content"": 0.03, ""tail_log"": 0.0, ""cannot_proceed"": 0.01, ""git_log"": 0.0, ""process_list"": 0.0}",0.03,0.92,143,2023,281.7,jev-1.13.0
read whichever readme is in the skills project,truncated,2,5,find_files,done,0,0.32,"{""process_list"": 0.0, ""disk_usage"": 0.0, ""tail_log"": 0.0, ""list_files"": 0.37, ""read_file"": 0.2, ""git_status"": 0.0, ""search_content"": 0.03, ""find_files"": 0.39, ""done"": 0.0, ""git_log"": 0.0, ""port_listeners"": 0.0, ""cannot_proceed"": 0.01, ""kill_process"": 0.0}",0.03,0.92,174,2068,266.7,jev-1.13.0
tail whichever npm log has the most content in it,truncated,2,0,find_files,find_files,1,0.7,"{""read_file"": 0.0, ""disk_usage"": 0.04, ""cannot_proceed"": 0.03, ""done"": 0.0, ""git_log"": 0.0, ""port_listeners"": 0.0, ""process_list"": 0.0, ""git_status"": 0.0, ""tail_log"": 0.02, ""search_content"": 0.0, ""kill_process"": 0.0, ""find_files"": 0.72, ""list_files"": 0.19}",0.03,0.82,19,1845,285.2,jev-1.13.0
tail whichever npm log has the most content in it,truncated,2,1,tail_log,tail_log,1,1.0,"{""kill_process"": 0.0, ""disk_usage"": 0.0, ""list_files"": 0.0, ""tail_log"": 1.0, ""read_file"": 0.0, ""git_status"": 0.0, ""search_content"": 0.0, ""find_files"": 0.0, ""done"": 0.0, ""git_log"": 0.0, ""port_listeners"": 0.0, ""cannot_proceed"": 0.0, ""process_list"": 0.0}",0.09,0.95,87,2040,303.7,jev-1.13.0
tail whichever npm log has the most content in it,truncated,2,2,tail_log,done,0,0.6,"{""disk_usage"": 0.0, ""tail_log"": 0.63, ""port_listeners"": 0.0, ""find_files"": 0.0, ""cannot_proceed"": 0.01, ""process_list"": 0.0, ""search_content"": 0.0, ""done"": 0.36, ""git_status"": 0.0, ""read_file"": 0.0, ""list_files"": 0.0, ""kill_process"": 0.0, ""git_log"": 0.0}",0.6,0.95,129,2107,351.0,jev-1.13.0
tail whichever npm log has the most content in it,truncated,2,3,tail_log,done,0,0.79,"{""port_listeners"": 0.0, ""read_file"": 0.0, ""cannot_proceed"": 0.02, ""done"": 0.17, ""git_log"": 0.0, ""disk_usage"": 0.0, ""process_list"": 0.0, ""git_status"": 0.0, ""tail_log"": 0.81, ""list_files"": 0.0, ""kill_process"": 0.0, ""find_files"": 0.0, ""search_content"": 0.0}",0.36,0.94,172,2174,268.4,jev-1.13.0
tail whichever npm log has the most content in it,truncated,2,4,tail_log,done,0,0.88,"{""read_file"": 0.01, ""process_list"": 0.0, ""done"": 0.08, ""search_content"": 0.0, ""find_files"": 0.0, ""tail_log"": 0.89, ""kill_process"": 0.0, ""git_log"": 0.0, ""disk_usage"": 0.0, ""git_status"": 0.0, ""cannot_proceed"": 0.02, ""list_files"": 0.0, ""port_listeners"": 0.0}",0.18,0.93,215,2241,254.1,jev-1.13.0
tail whichever npm log has the most content in it,truncated,2,5,tail_log,done,0,0.83,"{""port_listeners"": 0.0, ""list_files"": 0.0, ""disk_usage"": 0.0, ""process_list"": 0.0, ""tail_log"": 0.86, ""find_files"": 0.0, ""git_log"": 0.0, ""cannot_proceed"": 0.03, ""read_file"": 0.01, ""done"": 0.1, ""kill_process"": 0.0, ""search_content"": 0.0, ""git_status"": 0.0}",0.13,0.92,258,2308,267.8,jev-1.13.0
show the most recently changed file in the skills repo,truncated,2,0,find_files,find_files,1,0.67,"{""tail_log"": 0.0, ""disk_usage"": 0.0, ""find_files"": 0.7, ""kill_process"": 0.0, ""port_listeners"": 0.0, ""done"": 0.0, ""cannot_proceed"": 0.01, ""read_file"": 0.0, ""search_content"": 0.0, ""process_list"": 0.0, ""list_files"": 0.07, ""git_status"": 0.09, ""git_log"": 0.13}",0.03,0.88,20,1845,279.4,jev-1.13.0
show the most recently changed file in the skills repo,truncated,2,1,find_files,read_file,0,0.28,"{""kill_process"": 0.0, ""disk_usage"": 0.0, ""search_content"": 0.0, ""cannot_proceed"": 0.02, ""git_status"": 0.12, ""find_files"": 0.34, ""port_listeners"": 0.0, ""done"": 0.26, ""process_list"": 0.0, ""git_log"": 0.1, ""list_files"": 0.1, ""tail_log"": 0.0, ""read_file"": 0.06}",0.17,0.87,36,1873,275.6,jev-1.13.0
show the most recently changed file in the skills repo,truncated,2,2,find_files,done,0,0.44,"{""find_files"": 0.49, ""list_files"": 0.08, ""port_listeners"": 0.0, ""disk_usage"": 0.0, ""git_log"": 0.15000000000000002, ""cannot_proceed"": 0.02, ""read_file"": 0.04, ""kill_process"": 0.0, ""process_list"": 0.0, ""search_content"": 0.0, ""done"": 0.11, ""tail_log"": 0.0, ""git_status"": 0.11}",0.08,0.85,53,1902,235.0,jev-1.13.0
show the most recently changed file in the skills repo,truncated,2,3,find_files,done,0,0.5,"{""git_status"": 0.15, ""disk_usage"": 0.0, ""find_files"": 0.54, ""done"": 0.06, ""tail_log"": 0.0, ""list_files"": 0.08, ""read_file"": 0.03, ""port_listeners"": 0.0, ""search_content"": 0.0, ""kill_process"": 0.0, ""cannot_proceed"": 0.03, ""git_log"": 0.11, ""process_list"": 0.0}",0.07,0.88,70,1931,264.7,jev-1.13.0
show the most recently changed file in the skills repo,truncated,2,4,find_files,done,0,0.47,"{""git_log"": 0.12, ""tail_log"": 0.0, ""disk_usage"": 0.0, ""git_status"": 0.14, ""process_list"": 0.0, ""port_listeners"": 0.0, ""find_files"": 0.52, ""kill_process"": 0.0, ""cannot_proceed"": 0.03, ""search_content"": 0.0, ""read_file"": 0.06, ""list_files"": 0.05, ""done"": 0.08}",0.07,0.89,87,1960,253.1,jev-1.13.0
show the most recently changed file in the skills repo,truncated,2,5,find_files,done,0,0.37,"{""kill_process"": 0.0, ""disk_usage"": 0.0, ""cannot_proceed"": 0.04, ""search_content"": 0.0, ""git_status"": 0.14, ""find_files"": 0.42, ""port_listeners"": 0.0, ""done"": 0.15, ""process_list"": 0.0, ""tail_log"": 0.0, ""list_files"": 0.07, ""git_log"": 0.12, ""read_file"": 0.06}",0.08,0.89,103,1989,266.8,jev-1.13.0
tail whichever npm log is newest,truncated,2,0,find_files,find_files,1,0.94,"{""cannot_proceed"": 0.02, ""list_files"": 0.02, ""git_log"": 0.0, ""find_files"": 0.95, ""tail_log"": 0.01, ""port_listeners"": 0.0, ""search_content"": 0.0, ""read_file"": 0.0, ""kill_process"": 0.0, ""disk_usage"": 0.0, ""process_list"": 0.0, ""done"": 0.0, ""git_status"": 0.0}",0.04,0.9,15,1841,278.7,jev-1.13.0
tail whichever npm log is newest,truncated,2,1,tail_log,tail_log,1,0.98,"{""tail_log"": 0.99, ""port_listeners"": 0.0, ""git_status"": 0.0, ""read_file"": 0.0, ""git_log"": 0.0, ""done"": 0.0, ""search_content"": 0.0, ""kill_process"": 0.0, ""find_files"": 0.01, ""process_list"": 0.0, ""cannot_proceed"": 0.0, ""list_files"": 0.0, ""disk_usage"": 0.0}",0.07,0.94,74,2008,243.2,jev-1.13.0
tail whichever npm log is newest,truncated,2,2,done,done,1,0.81,"{""port_listeners"": 0.0, ""search_content"": 0.0, ""read_file"": 0.0, ""done"": 0.83, ""list_files"": 0.0, ""cannot_proceed"": 0.01, ""git_log"": 0.0, ""process_list"": 0.0, ""kill_process"": 0.0, ""tail_log"": 0.15, ""disk_usage"": 0.0, ""find_files"": 0.01, ""git_status"": 0.0}",0.79,0.96,139,2097,330.5,jev-1.13.0
deploy the app to production,truncated,2,0,cannot_proceed,cannot_proceed,1,0.93,"{""git_status"": 0.04, ""process_list"": 0.0, ""read_file"": 0.0, ""port_listeners"": 0.0, ""tail_log"": 0.0, ""done"": 0.0, ""find_files"": 0.01, ""disk_usage"": 0.0, ""kill_process"": 0.0, ""list_files"": 0.01, ""cannot_proceed"": 0.94, ""git_log"": 0.0, ""search_content"": 0.0}",0.05,0.05,14,1840,269.4,jev-1.13.0
send a message to the team on slack,truncated,2,0,cannot_proceed,cannot_proceed,1,1.0,"{""disk_usage"": 0.0, ""tail_log"": 0.0, ""port_listeners"": 0.0, ""find_files"": 0.0, ""cannot_proceed"": 1.0, ""process_list"": 0.0, ""search_content"": 0.0, ""done"": 0.0, ""list_files"": 0.0, ""read_file"": 0.0, ""git_status"": 0.0, ""kill_process"": 0.0, ""git_log"": 0.0}",0.04,0.03,15,1843,328.1,jev-1.13.0
rename this file to something else,truncated,2,0,cannot_proceed,cannot_proceed,1,0.92,"{""read_file"": 0.0, ""done"": 0.0, ""find_files"": 0.05, ""process_list"": 0.0, ""port_listeners"": 0.0, ""list_files"": 0.02, ""kill_process"": 0.0, ""git_log"": 0.0, ""disk_usage"": 0.0, ""tail_log"": 0.0, ""cannot_proceed"": 0.93, ""git_status"": 0.0, ""search_content"": 0.0}",0.04,0.05,15,1841,229.1,jev-1.13.0
install the missing npm dependency,truncated,2,0,cannot_proceed,cannot_proceed,1,0.77,"{""find_files"": 0.02, ""git_log"": 0.0, ""port_listeners"": 0.0, ""tail_log"": 0.01, ""disk_usage"": 0.0, ""cannot_proceed"": 0.8, ""read_file"": 0.07, ""kill_process"": 0.0, ""process_list"": 0.0, ""search_content"": 0.02, ""done"": 0.0, ""git_status"": 0.0, ""list_files"": 0.08}",0.04,0.05,15,1840,310.7,jev-1.13.0
what's the most recent commit in driftmark,truncated,2,0,git_log,git_log,1,0.98,"{""kill_process"": 0.0, ""done"": 0.0, ""git_log"": 0.98, ""tail_log"": 0.0, ""read_file"": 0.0, ""cannot_proceed"": 0.0, ""port_listeners"": 0.0, ""find_files"": 0.01, ""disk_usage"": 0.0, ""git_status"": 0.0, ""process_list"": 0.0, ""search_content"": 0.0, ""list_files"": 0.01}",0.03,0.88,17,1845,313.0,jev-1.13.0
what's the most recent commit in driftmark,truncated,2,1,done,done,1,0.98,"{""kill_process"": 0.0, ""disk_usage"": 0.0, ""list_files"": 0.0, ""tail_log"": 0.0, ""read_file"": 0.0, ""git_status"": 0.0, ""search_content"": 0.0, ""find_files"": 0.0, ""done"": 0.99, ""git_log"": 0.01, ""port_listeners"": 0.0, ""cannot_proceed"": 0.0, ""process_list"": 0.0}",0.87,0.95,46,1901,317.8,jev-1.13.0
what does the go module for glow require,truncated,2,0,read_file,read_file,1,0.96,"{""read_file"": 0.97, ""find_files"": 0.01, ""cannot_proceed"": 0.01, ""list_files"": 0.0, ""git_log"": 0.0, ""search_content"": 0.01, ""tail_log"": 0.0, ""git_status"": 0.0, ""disk_usage"": 0.0, ""process_list"": 0.0, ""kill_process"": 0.0, ""port_listeners"": 0.0, ""done"": 0.0}",0.03,0.61,17,1843,277.9,jev-1.13.0
what does the go module for glow require,truncated,2,1,read_file,done,0,0.93,"{""cannot_proceed"": 0.0, ""list_files"": 0.0, ""find_files"": 0.0, ""git_log"": 0.0, ""tail_log"": 0.0, ""port_listeners"": 0.0, ""search_content"": 0.0, ""read_file"": 0.95, ""kill_process"": 0.0, ""disk_usage"": 0.0, ""process_list"": 0.0, ""done"": 0.05, ""git_status"": 0.0}",0.08,0.84,42,1887,276.4,jev-1.13.0
what does the go module for glow require,truncated,2,2,read_file,done,0,0.96,"{""search_content"": 0.0, ""kill_process"": 0.0, ""read_file"": 0.97, ""cannot_proceed"": 0.0, ""git_status"": 0.0, ""done"": 0.03, ""git_log"": 0.0, ""process_list"": 0.0, ""find_files"": 0.0, ""tail_log"": 0.0, ""port_listeners"": 0.0, ""disk_usage"": 0.0, ""list_files"": 0.0}",0.07,0.83,69,1932,244.2,jev-1.13.0
what does the go module for glow require,truncated,2,3,read_file,done,0,0.95,"{""read_file"": 0.96, ""cannot_proceed"": 0.01, ""git_log"": 0.0, ""process_list"": 0.0, ""port_listeners"": 0.0, ""done"": 0.03, ""find_files"": 0.0, ""search_content"": 0.0, ""disk_usage"": 0.0, ""tail_log"": 0.0, ""git_status"": 0.0, ""list_files"": 0.0, ""kill_process"": 0.0}",0.06,0.82,95,1977,243.3,jev-1.13.0
what does the go module for glow require,truncated,2,4,read_file,done,0,0.94,"{""read_file"": 0.96, ""port_listeners"": 0.0, ""cannot_proceed"": 0.01, ""done"": 0.03, ""git_log"": 0.0, ""disk_usage"": 0.0, ""process_list"": 0.0, ""git_status"": 0.0, ""tail_log"": 0.0, ""list_files"": 0.0, ""kill_process"": 0.0, ""find_files"": 0.0, ""search_content"": 0.0}",0.05,0.8,121,2022,263.6,jev-1.13.0
what does the go module for glow require,truncated,2,5,read_file,done,0,0.94,"{""git_status"": 0.0, ""process_list"": 0.0, ""read_file"": 0.96, ""port_listeners"": 0.0, ""tail_log"": 0.0, ""done"": 0.03, ""find_files"": 0.0, ""disk_usage"": 0.0, ""list_files"": 0.0, ""search_content"": 0.0, ""cannot_proceed"": 0.01, ""git_log"": 0.0, ""kill_process"": 0.0}",0.05,0.81,147,2067,259.2,jev-1.13.0
are there uncommitted changes in the hermes project,truncated,2,0,git_status,git_status,1,0.91,"{""git_status"": 0.92, ""process_list"": 0.0, ""read_file"": 0.0, ""port_listeners"": 0.0, ""tail_log"": 0.0, ""done"": 0.08, ""find_files"": 0.0, ""disk_usage"": 0.0, ""list_files"": 0.0, ""kill_process"": 0.0, ""cannot_proceed"": 0.0, ""search_content"": 0.0, ""git_log"": 0.0}",0.44,0.95,19,1846,288.5,jev-1.13.0
are there uncommitted changes in the hermes project,truncated,2,1,done,done,1,0.91,"{""disk_usage"": 0.0, ""tail_log"": 0.0, ""port_listeners"": 0.0, ""find_files"": 0.0, ""cannot_proceed"": 0.0, ""process_list"": 0.0, ""search_content"": 0.0, ""done"": 0.93, ""git_status"": 0.07, ""read_file"": 0.0, ""list_files"": 0.0, ""kill_process"": 0.0, ""git_log"": 0.0}",0.88,0.96,37,1876,283.0,jev-1.13.0
which skill docs were modified,truncated,2,0,git_status,git_status,1,0.89,"{""git_status"": 0.91, ""port_listeners"": 0.0, ""tail_log"": 0.0, ""list_files"": 0.0, ""find_files"": 0.06, ""kill_process"": 0.0, ""disk_usage"": 0.0, ""process_list"": 0.0, ""read_file"": 0.0, ""git_log"": 0.01, ""done"": 0.01, ""cannot_proceed"": 0.01, ""search_content"": 0.0}",0.06,0.72,14,1840,234.2,jev-1.13.0
which skill docs were modified,truncated,2,1,done,done,1,0.93,"{""git_log"": 0.01, ""find_files"": 0.0, ""read_file"": 0.04, ""git_status"": 0.01, ""done"": 0.94, ""cannot_proceed"": 0.0, ""port_listeners"": 0.0, ""list_files"": 0.0, ""disk_usage"": 0.0, ""tail_log"": 0.0, ""kill_process"": 0.0, ""search_content"": 0.0, ""process_list"": 0.0}",0.86,0.89,32,1870,310.8,jev-1.13.0
