fixture_id,strategy,repeat,step_idx,chosen,expected,correct,confidence,probabilities_json,goal_noul,state_tokens,input_tokens,latency_ms,model
kill whatever's on port 3000,truncated,0,0,port_listeners,port_listeners,1,1.0,"{""port_listeners"": 1.0, ""search_content"": 0.0, ""process_list"": 0.0, ""done"": 0.0, ""list_files"": 0.0, ""read_file"": 0.0, ""git_log"": 0.0, ""cannot_proceed"": 0.0, ""kill_process"": 0.0, ""tail_log"": 0.0, ""disk_usage"": 0.0, ""git_status"": 0.0, ""find_files"": 0.0}",0.06,14,1263,611.3,jev-1.13.0
kill whatever's on port 3000,truncated,0,1,kill_process,kill_process,1,1.0,"{""cannot_proceed"": 0.0, ""list_files"": 0.0, ""git_status"": 0.0, ""git_log"": 0.0, ""tail_log"": 0.0, ""disk_usage"": 0.0, ""kill_process"": 1.0, ""port_listeners"": 0.0, ""read_file"": 0.0, ""search_content"": 0.0, ""process_list"": 0.0, ""find_files"": 0.0, ""done"": 0.0}",0.03,59,1351,310.2,jev-1.13.0
kill whatever's on port 3000,truncated,0,2,kill_process,done,0,0.32,"{""read_file"": 0.0, ""find_files"": 0.0, ""git_log"": 0.0, ""search_content"": 0.01, ""kill_process"": 0.38, ""list_files"": 0.0, ""port_listeners"": 0.28, ""done"": 0.29, ""disk_usage"": 0.0, ""tail_log"": 0.0, ""git_status"": 0.0, ""cannot_proceed"": 0.03, ""process_list"": 0.01}",0.41,75,1378,261.6,jev-1.13.0
kill whatever's on port 3000,truncated,0,3,kill_process,done,0,0.55,"{""git_log"": 0.0, ""find_files"": 0.0, ""done"": 0.05, ""read_file"": 0.0, ""kill_process"": 0.58, ""process_list"": 0.01, ""list_files"": 0.0, ""cannot_proceed"": 0.02, ""git_status"": 0.0, ""disk_usage"": 0.0, ""search_content"": 0.0, ""tail_log"": 0.0, ""port_listeners"": 0.34}",0.24,91,1405,299.0,jev-1.13.0
kill whatever's on port 3000,truncated,0,4,kill_process,done,0,0.44,"{""kill_process"": 0.5, ""read_file"": 0.0, ""cannot_proceed"": 0.02, ""port_listeners"": 0.44, ""tail_log"": 0.0, ""find_files"": 0.0, ""list_files"": 0.0, ""process_list"": 0.01, ""search_content"": 0.0, ""done"": 0.03, ""git_log"": 0.0, ""git_status"": 0.0, ""disk_usage"": 0.0}",0.23,107,1432,255.3,jev-1.13.0
kill whatever's on port 3000,truncated,0,5,kill_process,done,0,0.42,"{""cannot_proceed"": 0.03, ""read_file"": 0.0, ""disk_usage"": 0.0, ""git_log"": 0.0, ""list_files"": 0.0, ""kill_process"": 0.46, ""tail_log"": 0.0, ""find_files"": 0.0, ""process_list"": 0.01, ""search_content"": 0.0, ""done"": 0.03, ""port_listeners"": 0.47000000000000003, ""git_status"": 0.0}",0.2,122,1459,298.7,jev-1.13.0
kill the process eating the most CPU,truncated,0,0,process_list,process_list,1,1.0,"{""port_listeners"": 0.0, ""list_files"": 0.0, ""disk_usage"": 0.0, ""process_list"": 1.0, ""tail_log"": 0.0, ""find_files"": 0.0, ""git_log"": 0.0, ""cannot_proceed"": 0.0, ""read_file"": 0.0, ""done"": 0.0, ""kill_process"": 0.0, ""search_content"": 0.0, ""git_status"": 0.0}",0.03,16,1260,238.7,jev-1.13.0
kill the process eating the most CPU,truncated,0,1,kill_process,kill_process,1,1.0,"{""cannot_proceed"": 0.0, ""list_files"": 0.0, ""git_status"": 0.0, ""search_content"": 0.0, ""tail_log"": 0.0, ""disk_usage"": 0.0, ""kill_process"": 1.0, ""port_listeners"": 0.0, ""read_file"": 0.0, ""find_files"": 0.0, ""process_list"": 0.0, ""git_log"": 0.0, ""done"": 0.0}",0.04,55,1337,251.5,jev-1.13.0
kill the process eating the most CPU,truncated,0,2,kill_process,done,0,0.54,"{""port_listeners"": 0.0, ""list_files"": 0.0, ""git_status"": 0.0, ""git_log"": 0.0, ""kill_process"": 0.58, ""disk_usage"": 0.0, ""search_content"": 0.0, ""cannot_proceed"": 0.06, ""read_file"": 0.0, ""find_files"": 0.0, ""process_list"": 0.05, ""tail_log"": 0.0, ""done"": 0.31}",0.3,70,1364,381.4,jev-1.13.0
kill the process eating the most CPU,truncated,0,3,kill_process,done,0,0.63,"{""disk_usage"": 0.0, ""process_list"": 0.22, ""git_status"": 0.0, ""list_files"": 0.0, ""search_content"": 0.0, ""done"": 0.09, ""read_file"": 0.0, ""port_listeners"": 0.0, ""git_log"": 0.0, ""kill_process"": 0.66, ""cannot_proceed"": 0.03, ""tail_log"": 0.0, ""find_files"": 0.0}",0.23,86,1391,271.5,jev-1.13.0
kill the process eating the most CPU,truncated,0,4,kill_process,done,0,0.55,"{""port_listeners"": 0.0, ""list_files"": 0.0, ""git_status"": 0.0, ""git_log"": 0.0, ""kill_process"": 0.59, ""disk_usage"": 0.0, ""search_content"": 0.0, ""find_files"": 0.0, ""read_file"": 0.0, ""cannot_proceed"": 0.04, ""process_list"": 0.32, ""tail_log"": 0.0, ""done"": 0.05}",0.2,102,1418,229.9,jev-1.13.0
kill the process eating the most CPU,truncated,0,5,kill_process,done,0,0.47,"{""kill_process"": 0.52, ""done"": 0.05, ""git_log"": 0.0, ""tail_log"": 0.0, ""read_file"": 0.0, ""find_files"": 0.0, ""port_listeners"": 0.0, ""search_content"": 0.0, ""disk_usage"": 0.0, ""git_status"": 0.0, ""cannot_proceed"": 0.03, ""process_list"": 0.4, ""list_files"": 0.0}",0.19,118,1445,226.3,jev-1.13.0
tail the log that changed most recently,truncated,0,0,find_files,find_files,1,0.79,"{""read_file"": 0.0, ""find_files"": 0.8200000000000001, ""git_log"": 0.0, ""search_content"": 0.0, ""kill_process"": 0.0, ""list_files"": 0.15, ""port_listeners"": 0.0, ""done"": 0.0, ""disk_usage"": 0.0, ""tail_log"": 0.01, ""cannot_proceed"": 0.01, ""git_status"": 0.0, ""process_list"": 0.0}",0.04,16,1260,210.2,jev-1.13.0
tail the log that changed most recently,truncated,0,1,tail_log,tail_log,1,1.0,"{""cannot_proceed"": 0.0, ""read_file"": 0.0, ""kill_process"": 0.0, ""port_listeners"": 0.0, ""git_status"": 0.0, ""tail_log"": 1.0, ""process_list"": 0.0, ""search_content"": 0.0, ""list_files"": 0.0, ""git_log"": 0.0, ""find_files"": 0.0, ""disk_usage"": 0.0, ""done"": 0.0}",0.07,59,1357,304.3,jev-1.13.0
tail the log that changed most recently,truncated,0,2,done,done,1,0.99,"{""port_listeners"": 0.0, ""process_list"": 0.0, ""git_log"": 0.0, ""kill_process"": 0.0, ""read_file"": 0.0, ""search_content"": 0.0, ""git_status"": 0.0, ""disk_usage"": 0.0, ""tail_log"": 0.01, ""cannot_proceed"": 0.0, ""done"": 0.99, ""find_files"": 0.0, ""list_files"": 0.0}",0.94,90,1412,262.8,jev-1.13.0
what's using the most disk space here,truncated,0,0,disk_usage,disk_usage,1,1.0,"{""find_files"": 0.0, ""git_log"": 0.0, ""port_listeners"": 0.0, ""tail_log"": 0.0, ""disk_usage"": 1.0, ""cannot_proceed"": 0.0, ""read_file"": 0.0, ""kill_process"": 0.0, ""process_list"": 0.0, ""search_content"": 0.0, ""done"": 0.0, ""git_status"": 0.0, ""list_files"": 0.0}",0.03,16,1261,336.5,jev-1.13.0
what's using the most disk space here,truncated,0,1,done,done,1,0.73,"{""tail_log"": 0.0, ""done"": 0.76, ""process_list"": 0.0, ""read_file"": 0.0, ""find_files"": 0.01, ""list_files"": 0.13, ""disk_usage"": 0.1, ""port_listeners"": 0.0, ""search_content"": 0.0, ""git_log"": 0.0, ""git_status"": 0.0, ""cannot_proceed"": 0.0, ""kill_process"": 0.0}",0.85,40,1309,243.8,jev-1.13.0
restart the database,truncated,0,0,cannot_proceed,cannot_proceed,1,0.73,"{""disk_usage"": 0.0, ""kill_process"": 0.05, ""cannot_proceed"": 0.75, ""search_content"": 0.01, ""git_status"": 0.0, ""find_files"": 0.0, ""port_listeners"": 0.02, ""done"": 0.0, ""process_list"": 0.17, ""tail_log"": 0.0, ""list_files"": 0.0, ""git_log"": 0.0, ""read_file"": 0.0}",0.06,12,1256,259.3,jev-1.13.0
which files have uncommitted changes,truncated,0,0,git_status,git_status,1,0.51,"{""git_log"": 0.0, ""find_files"": 0.0, ""done"": 0.45, ""read_file"": 0.0, ""list_files"": 0.0, ""process_list"": 0.0, ""kill_process"": 0.0, ""cannot_proceed"": 0.0, ""git_status"": 0.55, ""disk_usage"": 0.0, ""search_content"": 0.0, ""tail_log"": 0.0, ""port_listeners"": 0.0}",0.63,16,1260,282.7,jev-1.13.0
which files have uncommitted changes,truncated,0,1,done,done,1,0.99,"{""tail_log"": 0.0, ""done"": 0.98, ""process_list"": 0.0, ""port_listeners"": 0.0, ""find_files"": 0.0, ""list_files"": 0.0, ""disk_usage"": 0.0, ""read_file"": 0.01, ""search_content"": 0.0, ""git_log"": 0.0, ""git_status"": 0.01, ""cannot_proceed"": 0.0, ""kill_process"": 0.0}",0.95,44,1302,310.4,jev-1.13.0
show me the commit history for this repo,truncated,0,0,git_log,git_log,1,1.0,"{""find_files"": 0.0, ""git_log"": 1.0, ""port_listeners"": 0.0, ""disk_usage"": 0.0, ""tail_log"": 0.0, ""cannot_proceed"": 0.0, ""read_file"": 0.0, ""kill_process"": 0.0, ""process_list"": 0.0, ""search_content"": 0.0, ""done"": 0.0, ""git_status"": 0.0, ""list_files"": 0.0}",0.03,17,1261,309.6,jev-1.13.0
show me the commit history for this repo,truncated,0,1,done,done,1,1.0,"{""git_status"": 0.0, ""list_files"": 0.0, ""port_listeners"": 0.0, ""read_file"": 0.0, ""find_files"": 0.0, ""disk_usage"": 0.0, ""tail_log"": 0.0, ""kill_process"": 0.0, ""git_log"": 0.0, ""done"": 1.0, ""process_list"": 0.0, ""cannot_proceed"": 0.0, ""search_content"": 0.0}",0.95,64,1340,213.9,jev-1.13.0
what files are in the internal directory of the glow project,truncated,0,0,list_files,list_files,1,0.9,"{""port_listeners"": 0.0, ""list_files"": 0.91, ""disk_usage"": 0.0, ""cannot_proceed"": 0.01, ""tail_log"": 0.0, ""process_list"": 0.0, ""git_log"": 0.0, ""find_files"": 0.08, ""read_file"": 0.0, ""done"": 0.0, ""kill_process"": 0.0, ""search_content"": 0.0, ""git_status"": 0.0}",0.03,22,1264,307.2,jev-1.13.0
what files are in the internal directory of the glow project,truncated,0,1,done,done,1,0.83,"{""git_log"": 0.0, ""find_files"": 0.01, ""done"": 0.84, ""read_file"": 0.01, ""kill_process"": 0.0, ""process_list"": 0.0, ""list_files"": 0.14, ""cannot_proceed"": 0.0, ""git_status"": 0.0, ""disk_usage"": 0.0, ""search_content"": 0.0, ""tail_log"": 0.0, ""port_listeners"": 0.0}",0.74,41,1300,286.7,jev-1.13.0
show me the contents of the go module file,truncated,0,0,find_files,read_file,0,0.76,"{""done"": 0.0, ""git_log"": 0.0, ""kill_process"": 0.0, ""tail_log"": 0.0, ""search_content"": 0.01, ""process_list"": 0.0, ""read_file"": 0.2, ""git_status"": 0.0, ""disk_usage"": 0.0, ""port_listeners"": 0.0, ""cannot_proceed"": 0.0, ""list_files"": 0.02, ""find_files"": 0.77}",0.03,17,1262,267.0,jev-1.13.0
show me the contents of the go module file,truncated,0,1,read_file,done,0,0.39,"{""find_files"": 0.38, ""port_listeners"": 0.0, ""git_status"": 0.0, ""list_files"": 0.12, ""search_content"": 0.06, ""done"": 0.0, ""read_file"": 0.44, ""process_list"": 0.0, ""git_log"": 0.0, ""kill_process"": 0.0, ""disk_usage"": 0.0, ""tail_log"": 0.0, ""cannot_proceed"": 0.0}",0.04,48,1306,297.3,jev-1.13.0
show me the contents of the go module file,truncated,0,2,read_file,done,0,0.67,"{""git_status"": 0.0, ""process_list"": 0.0, ""read_file"": 0.7, ""port_listeners"": 0.0, ""tail_log"": 0.0, ""git_log"": 0.0, ""find_files"": 0.01, ""disk_usage"": 0.0, ""list_files"": 0.01, ""done"": 0.28, ""cannot_proceed"": 0.0, ""search_content"": 0.0, ""kill_process"": 0.0}",0.24,74,1351,264.4,jev-1.13.0
show me the contents of the go module file,truncated,0,3,read_file,done,0,0.59,"{""list_files"": 0.01, ""port_listeners"": 0.0, ""process_list"": 0.0, ""done"": 0.33, ""git_log"": 0.0, ""search_content"": 0.0, ""find_files"": 0.02, ""git_status"": 0.0, ""kill_process"": 0.0, ""tail_log"": 0.0, ""disk_usage"": 0.0, ""cannot_proceed"": 0.0, ""read_file"": 0.64}",0.23,100,1396,297.2,jev-1.13.0
show me the contents of the go module file,truncated,0,4,read_file,done,0,0.58,"{""git_status"": 0.0, ""read_file"": 0.62, ""cannot_proceed"": 0.0, ""port_listeners"": 0.0, ""process_list"": 0.0, ""find_files"": 0.04, ""list_files"": 0.02, ""search_content"": 0.01, ""tail_log"": 0.0, ""done"": 0.31, ""git_log"": 0.0, ""kill_process"": 0.0, ""disk_usage"": 0.0}",0.24,127,1441,259.0,jev-1.13.0
show me the contents of the go module file,truncated,0,5,read_file,done,0,0.44,"{""tail_log"": 0.0, ""done"": 0.45, ""read_file"": 0.49, ""port_listeners"": 0.0, ""git_log"": 0.0, ""process_list"": 0.0, ""list_files"": 0.01, ""cannot_proceed"": 0.01, ""kill_process"": 0.0, ""find_files"": 0.03, ""disk_usage"": 0.0, ""git_status"": 0.0, ""search_content"": 0.01}",0.25,153,1486,233.7,jev-1.13.0
is anything listening on port 9999,truncated,0,0,port_listeners,port_listeners,1,0.62,"{""git_log"": 0.0, ""tail_log"": 0.0, ""disk_usage"": 0.0, ""git_status"": 0.0, ""process_list"": 0.0, ""port_listeners"": 0.66, ""list_files"": 0.0, ""search_content"": 0.0, ""cannot_proceed"": 0.02, ""find_files"": 0.0, ""read_file"": 0.0, ""kill_process"": 0.0, ""done"": 0.32}",0.73,15,1263,279.0,jev-1.13.0
is anything listening on port 9999,truncated,0,1,done,done,1,0.66,"{""tail_log"": 0.0, ""done"": 0.6900000000000001, ""read_file"": 0.0, ""port_listeners"": 0.29, ""process_list"": 0.01, ""git_log"": 0.0, ""list_files"": 0.0, ""cannot_proceed"": 0.01, ""git_status"": 0.0, ""find_files"": 0.0, ""disk_usage"": 0.0, ""kill_process"": 0.0, ""search_content"": 0.0}",0.84,31,1291,269.0,jev-1.13.0
kill whichever process is using the most memory,truncated,0,0,process_list,process_list,1,1.0,"{""git_status"": 0.0, ""process_list"": 1.0, ""read_file"": 0.0, ""port_listeners"": 0.0, ""tail_log"": 0.0, ""git_log"": 0.0, ""find_files"": 0.0, ""disk_usage"": 0.0, ""search_content"": 0.0, ""kill_process"": 0.0, ""cannot_proceed"": 0.0, ""list_files"": 0.0, ""done"": 0.0}",0.03,18,1261,236.0,jev-1.13.0
kill whichever process is using the most memory,truncated,0,1,kill_process,kill_process,1,0.99,"{""find_files"": 0.0, ""git_log"": 0.0, ""process_list"": 0.01, ""git_status"": 0.0, ""read_file"": 0.0, ""done"": 0.0, ""cannot_proceed"": 0.0, ""list_files"": 0.0, ""search_content"": 0.0, ""kill_process"": 0.99, ""disk_usage"": 0.0, ""port_listeners"": 0.0, ""tail_log"": 0.0}",0.04,92,1400,265.1,jev-1.13.0
kill whichever process is using the most memory,truncated,0,2,kill_process,done,0,0.58,"{""done"": 0.31, ""disk_usage"": 0.0, ""git_status"": 0.0, ""tail_log"": 0.0, ""search_content"": 0.0, ""process_list"": 0.03, ""read_file"": 0.0, ""port_listeners"": 0.0, ""git_log"": 0.0, ""list_files"": 0.0, ""cannot_proceed"": 0.04, ""kill_process"": 0.62, ""find_files"": 0.0}",0.34,108,1427,327.8,jev-1.13.0
kill whichever process is using the most memory,truncated,0,3,kill_process,done,0,0.62,"{""find_files"": 0.0, ""git_status"": 0.0, ""process_list"": 0.16, ""git_log"": 0.0, ""disk_usage"": 0.0, ""kill_process"": 0.66, ""cannot_proceed"": 0.03, ""list_files"": 0.0, ""search_content"": 0.0, ""done"": 0.15, ""read_file"": 0.0, ""port_listeners"": 0.0, ""tail_log"": 0.0}",0.27,124,1454,230.6,jev-1.13.0
kill whichever process is using the most memory,truncated,0,4,kill_process,done,0,0.51,"{""git_log"": 0.0, ""tail_log"": 0.0, ""disk_usage"": 0.0, ""git_status"": 0.0, ""process_list"": 0.22, ""port_listeners"": 0.0, ""list_files"": 0.0, ""kill_process"": 0.56, ""cannot_proceed"": 0.04, ""search_content"": 0.0, ""read_file"": 0.0, ""find_files"": 0.0, ""done"": 0.18}",0.26,139,1481,278.5,jev-1.13.0
kill whichever process is using the most memory,truncated,0,5,kill_process,done,0,0.41,"{""port_listeners"": 0.0, ""find_files"": 0.0, ""list_files"": 0.0, ""kill_process"": 0.47000000000000003, ""read_file"": 0.0, ""git_status"": 0.0, ""search_content"": 0.0, ""disk_usage"": 0.0, ""tail_log"": 0.0, ""process_list"": 0.31, ""done"": 0.18, ""cannot_proceed"": 0.04, ""git_log"": 0.0}",0.24,155,1508,396.2,jev-1.13.0
show me the file that uses the jpeg encoder library,truncated,0,0,search_content,search_content,1,0.99,"{""done"": 0.0, ""list_files"": 0.0, ""disk_usage"": 0.0, ""tail_log"": 0.0, ""find_files"": 0.01, ""port_listeners"": 0.0, ""read_file"": 0.0, ""process_list"": 0.0, ""git_status"": 0.0, ""cannot_proceed"": 0.0, ""kill_process"": 0.0, ""search_content"": 0.99, ""git_log"": 0.0}",0.03,19,1263,239.3,jev-1.13.0
show me the file that uses the jpeg encoder library,truncated,0,1,read_file,read_file,1,0.58,"{""port_listeners"": 0.0, ""list_files"": 0.0, ""git_status"": 0.0, ""search_content"": 0.0, ""kill_process"": 0.0, ""disk_usage"": 0.0, ""tail_log"": 0.0, ""git_log"": 0.0, ""read_file"": 0.62, ""find_files"": 0.0, ""process_list"": 0.0, ""cannot_proceed"": 0.0, ""done"": 0.38}",0.75,89,1364,287.7,jev-1.13.0
show me the file that uses the jpeg encoder library,truncated,0,2,read_file,done,0,0.61,"{""read_file"": 0.64, ""git_log"": 0.0, ""git_status"": 0.0, ""cannot_proceed"": 0.0, ""search_content"": 0.0, ""tail_log"": 0.0, ""kill_process"": 0.0, ""process_list"": 0.0, ""find_files"": 0.0, ""disk_usage"": 0.0, ""done"": 0.36, ""list_files"": 0.0, ""port_listeners"": 0.0}",0.71,133,1414,260.7,jev-1.13.0
show me the file that uses the jpeg encoder library,truncated,0,3,read_file,done,0,0.57,"{""done"": 0.39, ""list_files"": 0.0, ""disk_usage"": 0.0, ""tail_log"": 0.0, ""port_listeners"": 0.0, ""find_files"": 0.0, ""cannot_proceed"": 0.0, ""search_content"": 0.0, ""read_file"": 0.61, ""process_list"": 0.0, ""kill_process"": 0.0, ""git_status"": 0.0, ""git_log"": 0.0}",0.72,178,1464,259.9,jev-1.13.0
show me the file that uses the jpeg encoder library,truncated,0,4,read_file,done,0,0.52,"{""git_status"": 0.0, ""disk_usage"": 0.0, ""find_files"": 0.0, ""done"": 0.43, ""tail_log"": 0.0, ""list_files"": 0.0, ""read_file"": 0.5700000000000001, ""port_listeners"": 0.0, ""search_content"": 0.0, ""kill_process"": 0.0, ""process_list"": 0.0, ""git_log"": 0.0, ""cannot_proceed"": 0.0}",0.68,222,1514,218.2,jev-1.13.0
show me the file that uses the jpeg encoder library,truncated,0,5,read_file,done,0,0.56,"{""find_files"": 0.0, ""git_log"": 0.0, ""port_listeners"": 0.0, ""disk_usage"": 0.0, ""list_files"": 0.0, ""cannot_proceed"": 0.0, ""read_file"": 0.6, ""kill_process"": 0.0, ""process_list"": 0.0, ""search_content"": 0.0, ""done"": 0.4, ""git_status"": 0.0, ""tail_log"": 0.0}",0.63,267,1564,307.2,jev-1.13.0
find recently modified go files and show the most recent one,truncated,0,0,find_files,find_files,1,0.94,"{""port_listeners"": 0.0, ""list_files"": 0.0, ""disk_usage"": 0.0, ""read_file"": 0.0, ""kill_process"": 0.0, ""search_content"": 0.0, ""git_status"": 0.02, ""process_list"": 0.0, ""tail_log"": 0.0, ""find_files"": 0.95, ""done"": 0.01, ""cannot_proceed"": 0.02, ""git_log"": 0.0}",0.05,22,1264,253.9,jev-1.13.0
find recently modified go files and show the most recent one,truncated,0,1,read_file,read_file,1,0.24,"{""port_listeners"": 0.0, ""search_content"": 0.0, ""read_file"": 0.3, ""done"": 0.03, ""list_files"": 0.12, ""cannot_proceed"": 0.12, ""git_log"": 0.09, ""process_list"": 0.0, ""disk_usage"": 0.0, ""tail_log"": 0.0, ""kill_process"": 0.0, ""find_files"": 0.1, ""git_status"": 0.24}",0.09,59,1320,267.2,jev-1.13.0
find recently modified go files and show the most recent one,truncated,0,2,read_file,done,0,0.41,"{""git_log"": 0.07, ""tail_log"": 0.0, ""disk_usage"": 0.0, ""git_status"": 0.12, ""process_list"": 0.0, ""port_listeners"": 0.0, ""list_files"": 0.08, ""search_content"": 0.0, ""cannot_proceed"": 0.16, ""find_files"": 0.08, ""read_file"": 0.45, ""kill_process"": 0.0, ""done"": 0.04}",0.12,98,1368,287.2,jev-1.13.0
find recently modified go files and show the most recent one,truncated,0,3,read_file,done,0,0.36,"{""cannot_proceed"": 0.16, ""list_files"": 0.05, ""git_status"": 0.13, ""git_log"": 0.06, ""tail_log"": 0.0, ""disk_usage"": 0.0, ""kill_process"": 0.0, ""port_listeners"": 0.0, ""read_file"": 0.39999999999999997, ""search_content"": 0.0, ""process_list"": 0.0, ""find_files"": 0.15, ""done"": 0.05}",0.1,138,1416,260.9,jev-1.13.0
find recently modified go files and show the most recent one,truncated,0,4,read_file,done,0,0.39,"{""tail_log"": 0.0, ""done"": 0.04, ""read_file"": 0.44, ""process_list"": 0.0, ""port_listeners"": 0.0, ""git_log"": 0.06, ""list_files"": 0.08, ""cannot_proceed"": 0.15, ""kill_process"": 0.0, ""find_files"": 0.1, ""disk_usage"": 0.0, ""git_status"": 0.13, ""search_content"": 0.0}",0.06,177,1464,327.7,jev-1.13.0
find recently modified go files and show the most recent one,truncated,0,5,cannot_proceed,done,0,0.22,"{""find_files"": 0.22, ""git_log"": 0.07, ""process_list"": 0.0, ""git_status"": 0.16, ""read_file"": 0.12, ""done"": 0.06, ""search_content"": 0.0, ""list_files"": 0.08, ""kill_process"": 0.0, ""disk_usage"": 0.0, ""cannot_proceed"": 0.29000000000000004, ""port_listeners"": 0.0, ""tail_log"": 0.0}",0.05,216,1512,212.9,jev-1.13.0
read whichever readme is in the skills project,truncated,0,0,find_files,list_files,0,0.8,"{""kill_process"": 0.0, ""find_files"": 0.83, ""git_log"": 0.0, ""tail_log"": 0.0, ""read_file"": 0.02, ""done"": 0.0, ""port_listeners"": 0.0, ""search_content"": 0.0, ""disk_usage"": 0.0, ""git_status"": 0.0, ""cannot_proceed"": 0.0, ""process_list"": 0.0, ""list_files"": 0.15}",0.04,18,1262,251.8,jev-1.13.0
read whichever readme is in the skills project,truncated,0,1,find_files,read_file,0,0.31,"{""cannot_proceed"": 0.01, ""read_file"": 0.25, ""done"": 0.0, ""port_listeners"": 0.0, ""git_status"": 0.0, ""process_list"": 0.0, ""tail_log"": 0.0, ""search_content"": 0.02, ""list_files"": 0.34, ""find_files"": 0.38, ""git_log"": 0.0, ""disk_usage"": 0.0, ""kill_process"": 0.0}",0.05,49,1306,261.1,jev-1.13.0
read whichever readme is in the skills project,truncated,0,2,find_files,done,0,0.36,"{""port_listeners"": 0.0, ""list_files"": 0.32, ""search_content"": 0.05, ""find_files"": 0.42, ""process_list"": 0.0, ""tail_log"": 0.0, ""done"": 0.0, ""kill_process"": 0.0, ""disk_usage"": 0.0, ""read_file"": 0.2, ""cannot_proceed"": 0.01, ""git_log"": 0.0, ""git_status"": 0.0}",0.04,80,1351,246.2,jev-1.13.0
read whichever readme is in the skills project,truncated,0,3,find_files,done,0,0.35,"{""read_file"": 0.24, ""git_log"": 0.0, ""tail_log"": 0.0, ""cannot_proceed"": 0.02, ""done"": 0.01, ""kill_process"": 0.0, ""list_files"": 0.28, ""process_list"": 0.0, ""port_listeners"": 0.0, ""git_status"": 0.0, ""find_files"": 0.4, ""search_content"": 0.05, ""disk_usage"": 0.0}",0.04,111,1396,247.6,jev-1.13.0
read whichever readme is in the skills project,truncated,0,4,find_files,done,0,0.34,"{""done"": 0.0, ""disk_usage"": 0.0, ""git_status"": 0.0, ""tail_log"": 0.0, ""search_content"": 0.05, ""process_list"": 0.0, ""port_listeners"": 0.0, ""read_file"": 0.25, ""git_log"": 0.0, ""list_files"": 0.29, ""cannot_proceed"": 0.01, ""kill_process"": 0.0, ""find_files"": 0.4}",0.03,143,1441,226.3,jev-1.13.0
read whichever readme is in the skills project,truncated,0,5,find_files,done,0,0.28,"{""search_content"": 0.03, ""git_status"": 0.0, ""read_file"": 0.31, ""process_list"": 0.0, ""git_log"": 0.0, ""kill_process"": 0.0, ""cannot_proceed"": 0.02, ""list_files"": 0.29, ""disk_usage"": 0.0, ""find_files"": 0.34, ""tail_log"": 0.0, ""port_listeners"": 0.0, ""done"": 0.01}",0.02,174,1486,299.2,jev-1.13.0
tail whichever npm log has the most content in it,truncated,0,0,find_files,find_files,1,0.7,"{""read_file"": 0.0, ""port_listeners"": 0.0, ""process_list"": 0.0, ""tail_log"": 0.02, ""git_log"": 0.0, ""search_content"": 0.0, ""find_files"": 0.73, ""git_status"": 0.0, ""kill_process"": 0.0, ""done"": 0.0, ""list_files"": 0.17, ""cannot_proceed"": 0.03, ""disk_usage"": 0.05}",0.03,19,1263,310.3,jev-1.13.0
tail whichever npm log has the most content in it,truncated,0,1,tail_log,tail_log,1,1.0,"{""kill_process"": 0.0, ""search_content"": 0.0, ""git_log"": 0.0, ""tail_log"": 1.0, ""read_file"": 0.0, ""process_list"": 0.0, ""port_listeners"": 0.0, ""done"": 0.0, ""disk_usage"": 0.0, ""git_status"": 0.0, ""find_files"": 0.0, ""cannot_proceed"": 0.0, ""list_files"": 0.0}",0.1,87,1458,225.5,jev-1.13.0
tail whichever npm log has the most content in it,truncated,0,2,tail_log,done,0,0.64,"{""read_file"": 0.0, ""git_log"": 0.0, ""done"": 0.31, ""find_files"": 0.0, ""git_status"": 0.0, ""tail_log"": 0.68, ""kill_process"": 0.0, ""disk_usage"": 0.0, ""cannot_proceed"": 0.01, ""search_content"": 0.0, ""process_list"": 0.0, ""list_files"": 0.0, ""port_listeners"": 0.0}",0.46,129,1525,238.1,jev-1.13.0
tail whichever npm log has the most content in it,truncated,0,3,tail_log,done,0,0.69,"{""kill_process"": 0.0, ""tail_log"": 0.73, ""cannot_proceed"": 0.01, ""git_log"": 0.0, ""search_content"": 0.0, ""read_file"": 0.0, ""port_listeners"": 0.0, ""process_list"": 0.0, ""list_files"": 0.0, ""git_status"": 0.0, ""disk_usage"": 0.0, ""done"": 0.26, ""find_files"": 0.0}",0.33,172,1592,272.0,jev-1.13.0
tail whichever npm log has the most content in it,truncated,0,4,tail_log,done,0,0.7,"{""kill_process"": 0.0, ""cannot_proceed"": 0.03, ""git_log"": 0.0, ""tail_log"": 0.73, ""read_file"": 0.01, ""process_list"": 0.0, ""port_listeners"": 0.0, ""done"": 0.23, ""disk_usage"": 0.0, ""git_status"": 0.0, ""search_content"": 0.0, ""find_files"": 0.0, ""list_files"": 0.0}",0.3,215,1659,248.0,jev-1.13.0
tail whichever npm log has the most content in it,truncated,0,5,tail_log,done,0,0.76,"{""port_listeners"": 0.0, ""git_log"": 0.0, ""disk_usage"": 0.0, ""kill_process"": 0.0, ""read_file"": 0.02, ""git_status"": 0.0, ""search_content"": 0.0, ""find_files"": 0.0, ""tail_log"": 0.79, ""cannot_proceed"": 0.04, ""done"": 0.15, ""process_list"": 0.0, ""list_files"": 0.0}",0.15,258,1726,285.4,jev-1.13.0
show the most recently changed file in the skills repo,truncated,0,0,git_status,find_files,0,0.42,"{""kill_process"": 0.0, ""cannot_proceed"": 0.03, ""git_log"": 0.37, ""tail_log"": 0.0, ""read_file"": 0.0, ""find_files"": 0.02, ""port_listeners"": 0.0, ""done"": 0.0, ""disk_usage"": 0.0, ""git_status"": 0.47000000000000003, ""process_list"": 0.0, ""search_content"": 0.0, ""list_files"": 0.11}",0.03,20,1263,228.2,jev-1.13.0
show the most recently changed file in the skills repo,truncated,0,1,git_log,read_file,0,0.96,"{""port_listeners"": 0.0, ""list_files"": 0.02, ""find_files"": 0.0, ""cannot_proceed"": 0.01, ""tail_log"": 0.0, ""disk_usage"": 0.0, ""git_log"": 0.97, ""process_list"": 0.0, ""read_file"": 0.0, ""done"": 0.0, ""kill_process"": 0.0, ""search_content"": 0.0, ""git_status"": 0.0}",0.05,42,1296,323.2,jev-1.13.0
show the most recently changed file in the skills repo,truncated,0,2,cannot_proceed,done,0,0.33,"{""read_file"": 0.01, ""find_files"": 0.06, ""git_log"": 0.3, ""search_content"": 0.0, ""kill_process"": 0.0, ""list_files"": 0.17, ""port_listeners"": 0.0, ""done"": 0.07, ""disk_usage"": 0.0, ""tail_log"": 0.0, ""cannot_proceed"": 0.39, ""git_status"": 0.0, ""process_list"": 0.0}",0.37,90,1376,237.9,jev-1.13.0
tail whichever npm log is newest,truncated,0,0,find_files,find_files,1,0.88,"{""kill_process"": 0.0, ""read_file"": 0.0, ""cannot_proceed"": 0.02, ""port_listeners"": 0.0, ""tail_log"": 0.01, ""find_files"": 0.9, ""list_files"": 0.07, ""done"": 0.0, ""search_content"": 0.0, ""process_list"": 0.0, ""git_log"": 0.0, ""git_status"": 0.0, ""disk_usage"": 0.0}",0.04,15,1259,249.4,jev-1.13.0
tail whichever npm log is newest,truncated,0,1,tail_log,tail_log,1,0.99,"{""port_listeners"": 0.0, ""tail_log"": 1.0, ""search_content"": 0.0, ""process_list"": 0.0, ""find_files"": 0.0, ""git_status"": 0.0, ""list_files"": 0.0, ""read_file"": 0.0, ""disk_usage"": 0.0, ""done"": 0.0, ""cannot_proceed"": 0.0, ""git_log"": 0.0, ""kill_process"": 0.0}",0.07,74,1426,264.8,jev-1.13.0
tail whichever npm log is newest,truncated,0,2,done,done,1,0.81,"{""kill_process"": 0.0, ""cannot_proceed"": 0.01, ""git_log"": 0.0, ""tail_log"": 0.16, ""read_file"": 0.0, ""process_list"": 0.0, ""port_listeners"": 0.0, ""find_files"": 0.0, ""disk_usage"": 0.0, ""git_status"": 0.0, ""done"": 0.83, ""search_content"": 0.0, ""list_files"": 0.0}",0.77,139,1515,256.9,jev-1.13.0
deploy the app to production,truncated,0,0,cannot_proceed,cannot_proceed,1,0.62,"{""cannot_proceed"": 0.66, ""disk_usage"": 0.0, ""git_log"": 0.03, ""kill_process"": 0.0, ""list_files"": 0.03, ""read_file"": 0.0, ""tail_log"": 0.0, ""find_files"": 0.05, ""process_list"": 0.0, ""search_content"": 0.01, ""done"": 0.0, ""port_listeners"": 0.0, ""git_status"": 0.22}",0.05,14,1258,251.5,jev-1.13.0
send a message to the team on slack,truncated,0,0,cannot_proceed,cannot_proceed,1,1.0,"{""kill_process"": 0.0, ""disk_usage"": 0.0, ""cannot_proceed"": 1.0, ""search_content"": 0.0, ""git_status"": 0.0, ""find_files"": 0.0, ""port_listeners"": 0.0, ""done"": 0.0, ""process_list"": 0.0, ""tail_log"": 0.0, ""list_files"": 0.0, ""git_log"": 0.0, ""read_file"": 0.0}",0.04,15,1261,273.1,jev-1.13.0
rename this file to something else,truncated,0,0,cannot_proceed,cannot_proceed,1,0.69,"{""find_files"": 0.16, ""git_status"": 0.01, ""process_list"": 0.0, ""git_log"": 0.0, ""read_file"": 0.01, ""done"": 0.0, ""search_content"": 0.0, ""list_files"": 0.1, ""cannot_proceed"": 0.72, ""disk_usage"": 0.0, ""kill_process"": 0.0, ""port_listeners"": 0.0, ""tail_log"": 0.0}",0.04,15,1259,333.0,jev-1.13.0
install the missing npm dependency,truncated,0,0,cannot_proceed,cannot_proceed,1,0.44,"{""kill_process"": 0.0, ""disk_usage"": 0.0, ""search_content"": 0.06, ""cannot_proceed"": 0.49, ""git_status"": 0.01, ""find_files"": 0.1, ""port_listeners"": 0.0, ""tail_log"": 0.02, ""process_list"": 0.0, ""git_log"": 0.0, ""list_files"": 0.29, ""done"": 0.0, ""read_file"": 0.03}",0.04,15,1258,259.7,jev-1.13.0
what's the most recent commit in driftmark,truncated,0,0,git_log,git_log,1,0.96,"{""disk_usage"": 0.0, ""tail_log"": 0.0, ""search_content"": 0.0, ""find_files"": 0.03, ""git_status"": 0.0, ""cannot_proceed"": 0.0, ""done"": 0.0, ""port_listeners"": 0.0, ""list_files"": 0.01, ""read_file"": 0.0, ""kill_process"": 0.0, ""process_list"": 0.0, ""git_log"": 0.96}",0.02,17,1263,237.0,jev-1.13.0
what's the most recent commit in driftmark,truncated,0,1,done,done,1,0.99,"{""kill_process"": 0.0, ""read_file"": 0.0, ""cannot_proceed"": 0.0, ""port_listeners"": 0.0, ""tail_log"": 0.0, ""find_files"": 0.0, ""list_files"": 0.0, ""search_content"": 0.0, ""done"": 0.99, ""process_list"": 0.0, ""git_log"": 0.01, ""git_status"": 0.0, ""disk_usage"": 0.0}",0.87,46,1319,218.9,jev-1.13.0
what does the go module for glow require,truncated,0,0,find_files,read_file,0,0.45,"{""tail_log"": 0.0, ""done"": 0.0, ""kill_process"": 0.0, ""read_file"": 0.24, ""find_files"": 0.5, ""list_files"": 0.03, ""disk_usage"": 0.0, ""port_listeners"": 0.0, ""search_content"": 0.2, ""git_log"": 0.0, ""git_status"": 0.0, ""cannot_proceed"": 0.03, ""process_list"": 0.0}",0.03,17,1261,253.6,jev-1.13.0
what does the go module for glow require,truncated,0,1,find_files,done,0,0.34,"{""port_listeners"": 0.0, ""list_files"": 0.15, ""git_status"": 0.0, ""search_content"": 0.19, ""tail_log"": 0.0, ""disk_usage"": 0.0, ""find_files"": 0.4, ""kill_process"": 0.0, ""read_file"": 0.25, ""cannot_proceed"": 0.01, ""process_list"": 0.0, ""git_log"": 0.0, ""done"": 0.0}",0.06,47,1305,268.7,jev-1.13.0
what does the go module for glow require,truncated,0,2,find_files,done,0,0.32,"{""cannot_proceed"": 0.02, ""disk_usage"": 0.0, ""git_status"": 0.0, ""list_files"": 0.07, ""search_content"": 0.25, ""done"": 0.01, ""git_log"": 0.0, ""port_listeners"": 0.0, ""process_list"": 0.0, ""kill_process"": 0.0, ""find_files"": 0.37, ""tail_log"": 0.0, ""read_file"": 0.28}",0.05,79,1350,255.5,jev-1.13.0
what does the go module for glow require,truncated,0,3,read_file,done,0,0.29,"{""list_files"": 0.14, ""search_content"": 0.29, ""cannot_proceed"": 0.03, ""disk_usage"": 0.0, ""git_log"": 0.0, ""kill_process"": 0.0, ""git_status"": 0.0, ""find_files"": 0.18, ""port_listeners"": 0.0, ""done"": 0.01, ""read_file"": 0.35000000000000003, ""process_list"": 0.0, ""tail_log"": 0.0}",0.04,110,1395,267.7,jev-1.13.0
what does the go module for glow require,truncated,0,4,read_file,done,0,0.95,"{""tail_log"": 0.0, ""done"": 0.03, ""read_file"": 0.97, ""process_list"": 0.0, ""find_files"": 0.0, ""list_files"": 0.0, ""disk_usage"": 0.0, ""kill_process"": 0.0, ""search_content"": 0.0, ""git_log"": 0.0, ""git_status"": 0.0, ""cannot_proceed"": 0.0, ""port_listeners"": 0.0}",0.13,136,1440,318.9,jev-1.13.0
what does the go module for glow require,truncated,0,5,read_file,done,0,0.94,"{""disk_usage"": 0.0, ""tail_log"": 0.0, ""port_listeners"": 0.0, ""find_files"": 0.0, ""git_status"": 0.0, ""cannot_proceed"": 0.0, ""done"": 0.03, ""search_content"": 0.01, ""kill_process"": 0.0, ""read_file"": 0.95, ""list_files"": 0.01, ""process_list"": 0.0, ""git_log"": 0.0}",0.12,162,1485,292.3,jev-1.13.0
are there uncommitted changes in the hermes project,truncated,0,0,git_status,git_status,1,0.86,"{""done"": 0.13, ""disk_usage"": 0.0, ""git_status"": 0.87, ""tail_log"": 0.0, ""search_content"": 0.0, ""process_list"": 0.0, ""port_listeners"": 0.0, ""read_file"": 0.0, ""list_files"": 0.0, ""kill_process"": 0.0, ""cannot_proceed"": 0.0, ""git_log"": 0.0, ""find_files"": 0.0}",0.54,19,1264,272.1,jev-1.13.0
are there uncommitted changes in the hermes project,truncated,0,1,done,done,1,0.94,"{""port_listeners"": 0.0, ""list_files"": 0.01, ""find_files"": 0.0, ""cannot_proceed"": 0.0, ""tail_log"": 0.0, ""disk_usage"": 0.0, ""git_log"": 0.0, ""process_list"": 0.0, ""read_file"": 0.01, ""done"": 0.94, ""kill_process"": 0.0, ""search_content"": 0.0, ""git_status"": 0.04}",0.88,37,1294,281.8,jev-1.13.0
which skill docs were modified,truncated,0,0,git_status,git_status,1,0.91,"{""git_status"": 0.92, ""process_list"": 0.0, ""read_file"": 0.0, ""port_listeners"": 0.0, ""tail_log"": 0.0, ""done"": 0.01, ""find_files"": 0.01, ""disk_usage"": 0.0, ""search_content"": 0.0, ""list_files"": 0.0, ""cannot_proceed"": 0.01, ""kill_process"": 0.0, ""git_log"": 0.05}",0.05,14,1258,243.4,jev-1.13.0
which skill docs were modified,truncated,0,1,done,done,1,0.9,"{""cannot_proceed"": 0.0, ""list_files"": 0.0, ""git_status"": 0.0, ""git_log"": 0.02, ""find_files"": 0.0, ""disk_usage"": 0.0, ""kill_process"": 0.0, ""tail_log"": 0.0, ""read_file"": 0.07, ""search_content"": 0.0, ""process_list"": 0.0, ""port_listeners"": 0.0, ""done"": 0.91}",0.85,32,1288,245.5,jev-1.13.0
kill whatever's on port 3000,truncated,1,0,port_listeners,port_listeners,1,0.99,"{""port_listeners"": 1.0, ""find_files"": 0.0, ""done"": 0.0, ""read_file"": 0.0, ""list_files"": 0.0, ""process_list"": 0.0, ""kill_process"": 0.0, ""git_status"": 0.0, ""cannot_proceed"": 0.0, ""disk_usage"": 0.0, ""search_content"": 0.0, ""tail_log"": 0.0, ""git_log"": 0.0}",0.07,14,1263,282.5,jev-1.13.0
kill whatever's on port 3000,truncated,1,1,kill_process,kill_process,1,1.0,"{""git_status"": 0.0, ""process_list"": 0.0, ""read_file"": 0.0, ""port_listeners"": 0.0, ""tail_log"": 0.0, ""done"": 0.0, ""find_files"": 0.0, ""disk_usage"": 0.0, ""list_files"": 0.0, ""kill_process"": 1.0, ""cannot_proceed"": 0.0, ""search_content"": 0.0, ""git_log"": 0.0}",0.03,59,1351,289.8,jev-1.13.0
kill whatever's on port 3000,truncated,1,2,kill_process,done,0,0.48,"{""port_listeners"": 0.21, ""list_files"": 0.0, ""cannot_proceed"": 0.04, ""kill_process"": 0.52, ""read_file"": 0.0, ""search_content"": 0.0, ""git_status"": 0.0, ""process_list"": 0.01, ""tail_log"": 0.0, ""disk_usage"": 0.0, ""done"": 0.22, ""find_files"": 0.0, ""git_log"": 0.0}",0.37,75,1378,252.0,jev-1.13.0
kill whatever's on port 3000,truncated,1,3,kill_process,done,0,0.61,"{""cannot_proceed"": 0.02, ""read_file"": 0.0, ""kill_process"": 0.64, ""port_listeners"": 0.28, ""done"": 0.05, ""tail_log"": 0.0, ""process_list"": 0.01, ""search_content"": 0.0, ""list_files"": 0.0, ""find_files"": 0.0, ""git_log"": 0.0, ""disk_usage"": 0.0, ""git_status"": 0.0}",0.25,91,1405,244.1,jev-1.13.0
kill whatever's on port 3000,truncated,1,4,kill_process,done,0,0.43,"{""disk_usage"": 0.0, ""tail_log"": 0.0, ""search_content"": 0.0, ""find_files"": 0.0, ""git_status"": 0.0, ""cannot_proceed"": 0.02, ""done"": 0.04, ""port_listeners"": 0.45, ""kill_process"": 0.48, ""read_file"": 0.0, ""list_files"": 0.0, ""process_list"": 0.01, ""git_log"": 0.0}",0.22,107,1432,257.3,jev-1.13.0
kill whatever's on port 3000,truncated,1,5,port_listeners,done,0,0.42,"{""find_files"": 0.0, ""git_log"": 0.0, ""port_listeners"": 0.47000000000000003, ""tail_log"": 0.0, ""disk_usage"": 0.0, ""cannot_proceed"": 0.02, ""read_file"": 0.0, ""kill_process"": 0.46, ""process_list"": 0.02, ""search_content"": 0.0, ""done"": 0.03, ""git_status"": 0.0, ""list_files"": 0.0}",0.19,122,1459,289.5,jev-1.13.0
kill the process eating the most CPU,truncated,1,0,process_list,process_list,1,1.0,"{""process_list"": 1.0, ""cannot_proceed"": 0.0, ""git_status"": 0.0, ""list_files"": 0.0, ""search_content"": 0.0, ""done"": 0.0, ""read_file"": 0.0, ""port_listeners"": 0.0, ""git_log"": 0.0, ""kill_process"": 0.0, ""find_files"": 0.0, ""tail_log"": 0.0, ""disk_usage"": 0.0}",0.03,16,1260,259.3,jev-1.13.0
kill the process eating the most CPU,truncated,1,1,kill_process,kill_process,1,1.0,"{""read_file"": 0.0, ""git_log"": 0.0, ""cannot_proceed"": 0.0, ""tail_log"": 0.0, ""done"": 0.0, ""kill_process"": 1.0, ""disk_usage"": 0.0, ""process_list"": 0.0, ""port_listeners"": 0.0, ""git_status"": 0.0, ""find_files"": 0.0, ""search_content"": 0.0, ""list_files"": 0.0}",0.04,55,1337,261.5,jev-1.13.0
kill the process eating the most CPU,truncated,1,2,kill_process,done,0,0.63,"{""search_content"": 0.0, ""git_status"": 0.0, ""cannot_proceed"": 0.05, ""process_list"": 0.02, ""done"": 0.26, ""list_files"": 0.0, ""find_files"": 0.0, ""tail_log"": 0.0, ""disk_usage"": 0.0, ""read_file"": 0.0, ""git_log"": 0.0, ""port_listeners"": 0.0, ""kill_process"": 0.67}",0.29,70,1364,257.8,jev-1.13.0
kill the process eating the most CPU,truncated,1,3,kill_process,done,0,0.68,"{""kill_process"": 0.7, ""git_status"": 0.0, ""cannot_proceed"": 0.03, ""process_list"": 0.19, ""find_files"": 0.0, ""git_log"": 0.0, ""read_file"": 0.0, ""list_files"": 0.0, ""disk_usage"": 0.0, ""search_content"": 0.0, ""port_listeners"": 0.0, ""tail_log"": 0.0, ""done"": 0.08}",0.2,86,1391,298.3,jev-1.13.0
kill the process eating the most CPU,truncated,1,4,kill_process,done,0,0.49,"{""find_files"": 0.0, ""list_files"": 0.0, ""port_listeners"": 0.0, ""tail_log"": 0.0, ""disk_usage"": 0.0, ""cannot_proceed"": 0.03, ""read_file"": 0.0, ""kill_process"": 0.54, ""process_list"": 0.36, ""search_content"": 0.0, ""done"": 0.07, ""git_status"": 0.0, ""git_log"": 0.0}",0.2,102,1418,256.3,jev-1.13.0
kill the process eating the most CPU,truncated,1,5,kill_process,done,0,0.47,"{""list_files"": 0.0, ""port_listeners"": 0.0, ""process_list"": 0.38, ""done"": 0.06, ""git_log"": 0.0, ""search_content"": 0.0, ""find_files"": 0.0, ""git_status"": 0.0, ""kill_process"": 0.52, ""tail_log"": 0.0, ""read_file"": 0.0, ""cannot_proceed"": 0.04, ""disk_usage"": 0.0}",0.19,118,1445,262.7,jev-1.13.0
tail the log that changed most recently,truncated,1,0,find_files,find_files,1,0.81,"{""kill_process"": 0.0, ""done"": 0.0, ""git_log"": 0.0, ""tail_log"": 0.01, ""read_file"": 0.0, ""search_content"": 0.0, ""port_listeners"": 0.0, ""process_list"": 0.0, ""disk_usage"": 0.0, ""git_status"": 0.0, ""find_files"": 0.83, ""cannot_proceed"": 0.01, ""list_files"": 0.15000000000000002}",0.04,16,1260,223.8,jev-1.13.0
tail the log that changed most recently,truncated,1,1,tail_log,tail_log,1,1.0,"{""read_file"": 0.0, ""port_listeners"": 0.0, ""process_list"": 0.0, ""tail_log"": 1.0, ""git_log"": 0.0, ""search_content"": 0.0, ""find_files"": 0.0, ""git_status"": 0.0, ""kill_process"": 0.0, ""done"": 0.0, ""disk_usage"": 0.0, ""cannot_proceed"": 0.0, ""list_files"": 0.0}",0.08,59,1357,505.5,jev-1.13.0
tail the log that changed most recently,truncated,1,2,done,done,1,0.98,"{""git_status"": 0.0, ""process_list"": 0.0, ""read_file"": 0.0, ""port_listeners"": 0.0, ""tail_log"": 0.01, ""git_log"": 0.0, ""find_files"": 0.0, ""disk_usage"": 0.0, ""kill_process"": 0.0, ""search_content"": 0.0, ""cannot_proceed"": 0.0, ""done"": 0.99, ""list_files"": 0.0}",0.94,90,1412,254.4,jev-1.13.0
what's using the most disk space here,truncated,1,0,disk_usage,disk_usage,1,1.0,"{""port_listeners"": 0.0, ""find_files"": 0.0, ""process_list"": 0.0, ""read_file"": 0.0, ""done"": 0.0, ""git_status"": 0.0, ""tail_log"": 0.0, ""search_content"": 0.0, ""disk_usage"": 1.0, ""list_files"": 0.0, ""cannot_proceed"": 0.0, ""git_log"": 0.0, ""kill_process"": 0.0}",0.03,16,1261,478.9,jev-1.13.0
what's using the most disk space here,truncated,1,1,done,done,1,0.75,"{""git_status"": 0.0, ""disk_usage"": 0.09, ""find_files"": 0.01, ""done"": 0.77, ""kill_process"": 0.0, ""list_files"": 0.13, ""read_file"": 0.0, ""port_listeners"": 0.0, ""search_content"": 0.0, ""tail_log"": 0.0, ""process_list"": 0.0, ""git_log"": 0.0, ""cannot_proceed"": 0.0}",0.87,40,1309,224.4,jev-1.13.0
restart the database,truncated,1,0,cannot_proceed,cannot_proceed,1,0.71,"{""cannot_proceed"": 0.74, ""read_file"": 0.0, ""disk_usage"": 0.0, ""kill_process"": 0.04, ""list_files"": 0.0, ""git_log"": 0.0, ""tail_log"": 0.0, ""process_list"": 0.19, ""find_files"": 0.0, ""search_content"": 0.01, ""git_status"": 0.0, ""port_listeners"": 0.02, ""done"": 0.0}",0.06,12,1256,257.2,jev-1.13.0
which files have uncommitted changes,truncated,1,0,git_status,git_status,1,0.5,"{""cannot_proceed"": 0.0, ""read_file"": 0.0, ""done"": 0.46, ""port_listeners"": 0.0, ""kill_process"": 0.0, ""tail_log"": 0.0, ""process_list"": 0.0, ""search_content"": 0.0, ""list_files"": 0.0, ""git_log"": 0.0, ""find_files"": 0.0, ""disk_usage"": 0.0, ""git_status"": 0.54}",0.64,16,1260,252.2,jev-1.13.0
which files have uncommitted changes,truncated,1,1,done,done,1,0.98,"{""search_content"": 0.0, ""git_status"": 0.01, ""cannot_proceed"": 0.0, ""process_list"": 0.0, ""list_files"": 0.0, ""find_files"": 0.0, ""done"": 0.98, ""port_listeners"": 0.0, ""disk_usage"": 0.0, ""kill_process"": 0.0, ""git_log"": 0.0, ""tail_log"": 0.0, ""read_file"": 0.01}",0.94,44,1302,268.0,jev-1.13.0
show me the commit history for this repo,truncated,1,0,git_log,git_log,1,1.0,"{""git_status"": 0.0, ""read_file"": 0.0, ""cannot_proceed"": 0.0, ""port_listeners"": 0.0, ""done"": 0.0, ""find_files"": 0.0, ""list_files"": 0.0, ""search_content"": 0.0, ""process_list"": 0.0, ""tail_log"": 0.0, ""git_log"": 1.0, ""kill_process"": 0.0, ""disk_usage"": 0.0}",0.03,17,1261,239.0,jev-1.13.0
show me the commit history for this repo,truncated,1,1,done,done,1,0.99,"{""list_files"": 0.0, ""search_content"": 0.0, ""cannot_proceed"": 0.0, ""find_files"": 0.0, ""git_log"": 0.0, ""git_status"": 0.0, ""disk_usage"": 0.0, ""kill_process"": 0.0, ""done"": 1.0, ""port_listeners"": 0.0, ""read_file"": 0.0, ""process_list"": 0.0, ""tail_log"": 0.0}",0.95,64,1340,290.2,jev-1.13.0
what files are in the internal directory of the glow project,truncated,1,0,list_files,list_files,1,0.91,"{""port_listeners"": 0.0, ""list_files"": 0.92, ""find_files"": 0.07, ""cannot_proceed"": 0.01, ""tail_log"": 0.0, ""process_list"": 0.0, ""git_log"": 0.0, ""disk_usage"": 0.0, ""read_file"": 0.0, ""done"": 0.0, ""kill_process"": 0.0, ""search_content"": 0.0, ""git_status"": 0.0}",0.03,22,1264,225.3,jev-1.13.0
what files are in the internal directory of the glow project,truncated,1,1,done,done,1,0.9,"{""port_listeners"": 0.0, ""list_files"": 0.08, ""git_status"": 0.0, ""git_log"": 0.0, ""tail_log"": 0.0, ""disk_usage"": 0.0, ""search_content"": 0.0, ""cannot_proceed"": 0.0, ""read_file"": 0.01, ""find_files"": 0.01, ""process_list"": 0.0, ""kill_process"": 0.0, ""done"": 0.9}",0.77,41,1300,294.2,jev-1.13.0
show me the contents of the go module file,truncated,1,0,find_files,read_file,0,0.79,"{""git_log"": 0.0, ""tail_log"": 0.0, ""disk_usage"": 0.0, ""git_status"": 0.0, ""process_list"": 0.0, ""port_listeners"": 0.0, ""list_files"": 0.02, ""kill_process"": 0.0, ""cannot_proceed"": 0.0, ""find_files"": 0.81, ""read_file"": 0.17, ""search_content"": 0.0, ""done"": 0.0}",0.03,17,1262,301.9,jev-1.13.0
show me the contents of the go module file,truncated,1,1,read_file,done,0,0.39,"{""done"": 0.0, ""port_listeners"": 0.0, ""git_status"": 0.0, ""git_log"": 0.0, ""list_files"": 0.11, ""kill_process"": 0.0, ""search_content"": 0.05, ""read_file"": 0.44, ""find_files"": 0.39, ""process_list"": 0.0, ""cannot_proceed"": 0.01, ""tail_log"": 0.0, ""disk_usage"": 0.0}",0.04,48,1306,269.5,jev-1.13.0
show me the contents of the go module file,truncated,1,2,read_file,done,0,0.67,"{""git_status"": 0.0, ""git_log"": 0.0, ""port_listeners"": 0.0, ""done"": 0.29000000000000004, ""list_files"": 0.0, ""kill_process"": 0.0, ""cannot_proceed"": 0.0, ""read_file"": 0.7, ""find_files"": 0.01, ""process_list"": 0.0, ""search_content"": 0.0, ""tail_log"": 0.0, ""disk_usage"": 0.0}",0.25,74,1351,213.0,jev-1.13.0
show me the contents of the go module file,truncated,1,3,read_file,done,0,0.65,"{""git_log"": 0.0, ""disk_usage"": 0.0, ""kill_process"": 0.0, ""read_file"": 0.68, ""list_files"": 0.01, ""cannot_proceed"": 0.0, ""tail_log"": 0.0, ""find_files"": 0.02, ""search_content"": 0.0, ""process_list"": 0.0, ""git_status"": 0.0, ""port_listeners"": 0.0, ""done"": 0.28}",0.22,100,1396,264.2,jev-1.13.0
show me the contents of the go module file,truncated,1,4,read_file,done,0,0.6,"{""tail_log"": 0.0, ""done"": 0.29, ""read_file"": 0.64, ""port_listeners"": 0.0, ""find_files"": 0.04, ""list_files"": 0.02, ""disk_usage"": 0.0, ""kill_process"": 0.0, ""search_content"": 0.01, ""git_log"": 0.0, ""git_status"": 0.0, ""cannot_proceed"": 0.0, ""process_list"": 0.0}",0.24,127,1441,217.1,jev-1.13.0
show me the contents of the go module file,truncated,1,5,read_file,done,0,0.55,"{""list_files"": 0.02, ""port_listeners"": 0.0, ""process_list"": 0.0, ""done"": 0.35, ""git_log"": 0.0, ""search_content"": 0.01, ""find_files"": 0.03, ""git_status"": 0.0, ""kill_process"": 0.0, ""tail_log"": 0.0, ""disk_usage"": 0.0, ""cannot_proceed"": 0.01, ""read_file"": 0.58}",0.22,153,1486,310.3,jev-1.13.0
is anything listening on port 9999,truncated,1,0,port_listeners,port_listeners,1,0.56,"{""git_status"": 0.0, ""process_list"": 0.0, ""read_file"": 0.0, ""port_listeners"": 0.6, ""tail_log"": 0.0, ""git_log"": 0.0, ""find_files"": 0.0, ""disk_usage"": 0.0, ""kill_process"": 0.0, ""search_content"": 0.0, ""cannot_proceed"": 0.02, ""done"": 0.38, ""list_files"": 0.0}",0.73,15,1263,265.6,jev-1.13.0
is anything listening on port 9999,truncated,1,1,done,done,1,0.7,"{""done"": 0.73, ""git_log"": 0.0, ""git_status"": 0.0, ""port_listeners"": 0.24, ""list_files"": 0.0, ""kill_process"": 0.0, ""search_content"": 0.0, ""read_file"": 0.0, ""find_files"": 0.0, ""process_list"": 0.02, ""cannot_proceed"": 0.01, ""tail_log"": 0.0, ""disk_usage"": 0.0}",0.82,31,1291,251.9,jev-1.13.0
kill whichever process is using the most memory,truncated,1,0,process_list,process_list,1,1.0,"{""read_file"": 0.0, ""git_status"": 0.0, ""cannot_proceed"": 0.0, ""disk_usage"": 0.0, ""kill_process"": 0.0, ""search_content"": 0.0, ""process_list"": 1.0, ""list_files"": 0.0, ""find_files"": 0.0, ""git_log"": 0.0, ""port_listeners"": 0.0, ""tail_log"": 0.0, ""done"": 0.0}",0.03,18,1261,259.4,jev-1.13.0
kill whichever process is using the most memory,truncated,1,1,kill_process,kill_process,1,0.99,"{""git_log"": 0.0, ""tail_log"": 0.0, ""disk_usage"": 0.0, ""git_status"": 0.0, ""process_list"": 0.01, ""port_listeners"": 0.0, ""find_files"": 0.0, ""search_content"": 0.0, ""cannot_proceed"": 0.0, ""list_files"": 0.0, ""read_file"": 0.0, ""kill_process"": 0.99, ""done"": 0.0}",0.05,92,1400,267.5,jev-1.13.0
kill whichever process is using the most memory,truncated,1,2,kill_process,done,0,0.57,"{""cannot_proceed"": 0.04, ""read_file"": 0.0, ""done"": 0.32, ""port_listeners"": 0.0, ""kill_process"": 0.6, ""process_list"": 0.04, ""tail_log"": 0.0, ""search_content"": 0.0, ""list_files"": 0.0, ""git_log"": 0.0, ""find_files"": 0.0, ""disk_usage"": 0.0, ""git_status"": 0.0}",0.34,108,1427,252.3,jev-1.13.0
kill whichever process is using the most memory,truncated,1,3,kill_process,done,0,0.66,"{""disk_usage"": 0.0, ""tail_log"": 0.0, ""search_content"": 0.0, ""find_files"": 0.0, ""git_status"": 0.0, ""cannot_proceed"": 0.03, ""done"": 0.14, ""port_listeners"": 0.0, ""kill_process"": 0.7, ""read_file"": 0.0, ""list_files"": 0.0, ""process_list"": 0.13, ""git_log"": 0.0}",0.26,124,1454,286.2,jev-1.13.0
kill whichever process is using the most memory,truncated,1,4,kill_process,done,0,0.53,"{""port_listeners"": 0.0, ""list_files"": 0.0, ""git_status"": 0.0, ""search_content"": 0.0, ""kill_process"": 0.5700000000000001, ""disk_usage"": 0.0, ""find_files"": 0.0, ""tail_log"": 0.0, ""read_file"": 0.0, ""cannot_proceed"": 0.04, ""process_list"": 0.21, ""git_log"": 0.0, ""done"": 0.18}",0.24,139,1481,238.5,jev-1.13.0
kill whichever process is using the most memory,truncated,1,5,kill_process,done,0,0.47,"{""tail_log"": 0.0, ""disk_usage"": 0.0, ""search_content"": 0.0, ""find_files"": 0.0, ""git_status"": 0.0, ""cannot_proceed"": 0.05, ""done"": 0.14, ""port_listeners"": 0.0, ""kill_process"": 0.51, ""read_file"": 0.0, ""list_files"": 0.0, ""process_list"": 0.3, ""git_log"": 0.0}",0.2,155,1508,269.4,jev-1.13.0
show me the file that uses the jpeg encoder library,truncated,1,0,search_content,search_content,1,0.98,"{""tail_log"": 0.0, ""done"": 0.0, ""process_list"": 0.0, ""kill_process"": 0.0, ""find_files"": 0.01, ""list_files"": 0.0, ""disk_usage"": 0.0, ""port_listeners"": 0.0, ""search_content"": 0.99, ""git_log"": 0.0, ""git_status"": 0.0, ""cannot_proceed"": 0.0, ""read_file"": 0.0}",0.03,19,1263,297.0,jev-1.13.0
show me the file that uses the jpeg encoder library,truncated,1,1,read_file,read_file,1,0.67,"{""find_files"": 0.0, ""git_log"": 0.0, ""process_list"": 0.0, ""git_status"": 0.0, ""disk_usage"": 0.0, ""kill_process"": 0.0, ""cannot_proceed"": 0.0, ""list_files"": 0.0, ""search_content"": 0.0, ""done"": 0.29, ""read_file"": 0.71, ""port_listeners"": 0.0, ""tail_log"": 0.0}",0.75,89,1364,223.0,jev-1.13.0
show me the file that uses the jpeg encoder library,truncated,1,2,read_file,done,0,0.67,"{""git_status"": 0.0, ""process_list"": 0.0, ""read_file"": 0.7, ""port_listeners"": 0.0, ""tail_log"": 0.0, ""git_log"": 0.0, ""find_files"": 0.0, ""disk_usage"": 0.0, ""kill_process"": 0.0, ""list_files"": 0.0, ""cannot_proceed"": 0.0, ""done"": 0.3, ""search_content"": 0.0}",0.74,133,1414,241.2,jev-1.13.0
show me the file that uses the jpeg encoder library,truncated,1,3,read_file,done,0,0.56,"{""list_files"": 0.0, ""process_list"": 0.0, ""cannot_proceed"": 0.0, ""kill_process"": 0.0, ""git_log"": 0.0, ""disk_usage"": 0.0, ""find_files"": 0.0, ""git_status"": 0.0, ""port_listeners"": 0.0, ""done"": 0.4, ""read_file"": 0.6, ""search_content"": 0.0, ""tail_log"": 0.0}",0.73,178,1464,285.6,jev-1.13.0
show me the file that uses the jpeg encoder library,truncated,1,4,read_file,done,0,0.58,"{""cannot_proceed"": 0.0, ""git_log"": 0.0, ""tail_log"": 0.0, ""done"": 0.38, ""read_file"": 0.62, ""kill_process"": 0.0, ""disk_usage"": 0.0, ""process_list"": 0.0, ""port_listeners"": 0.0, ""search_content"": 0.0, ""find_files"": 0.0, ""git_status"": 0.0, ""list_files"": 0.0}",0.68,222,1514,265.1,jev-1.13.0
show me the file that uses the jpeg encoder library,truncated,1,5,read_file,done,0,0.55,"{""git_log"": 0.0, ""git_status"": 0.0, ""read_file"": 0.6, ""disk_usage"": 0.0, ""search_content"": 0.0, ""find_files"": 0.0, ""process_list"": 0.0, ""list_files"": 0.0, ""kill_process"": 0.0, ""cannot_proceed"": 0.0, ""tail_log"": 0.0, ""port_listeners"": 0.0, ""done"": 0.4}",0.64,267,1564,255.2,jev-1.13.0
find recently modified go files and show the most recent one,truncated,1,0,find_files,find_files,1,0.93,"{""process_list"": 0.0, ""disk_usage"": 0.0, ""list_files"": 0.0, ""tail_log"": 0.0, ""read_file"": 0.0, ""git_status"": 0.04, ""search_content"": 0.0, ""find_files"": 0.93, ""done"": 0.01, ""cannot_proceed"": 0.02, ""port_listeners"": 0.0, ""git_log"": 0.0, ""kill_process"": 0.0}",0.04,22,1264,247.8,jev-1.13.0
find recently modified go files and show the most recent one,truncated,1,1,read_file,read_file,1,0.24,"{""tail_log"": 0.0, ""list_files"": 0.15, ""read_file"": 0.31, ""port_listeners"": 0.0, ""done"": 0.03, ""process_list"": 0.0, ""git_log"": 0.09, ""git_status"": 0.19, ""find_files"": 0.09, ""cannot_proceed"": 0.14, ""disk_usage"": 0.0, ""kill_process"": 0.0, ""search_content"": 0.0}",0.09,59,1320,281.9,jev-1.13.0
find recently modified go files and show the most recent one,truncated,1,2,read_file,done,0,0.43,"{""port_listeners"": 0.0, ""git_log"": 0.06, ""cannot_proceed"": 0.14, ""kill_process"": 0.0, ""read_file"": 0.48, ""git_status"": 0.11, ""search_content"": 0.0, ""process_list"": 0.0, ""tail_log"": 0.0, ""disk_usage"": 0.0, ""done"": 0.04, ""find_files"": 0.1, ""list_files"": 0.07}",0.12,98,1368,231.5,jev-1.13.0
find recently modified go files and show the most recent one,truncated,1,3,read_file,done,0,0.39,"{""git_log"": 0.07, ""tail_log"": 0.0, ""disk_usage"": 0.0, ""git_status"": 0.11, ""process_list"": 0.0, ""port_listeners"": 0.0, ""list_files"": 0.05, ""kill_process"": 0.0, ""cannot_proceed"": 0.15, ""find_files"": 0.14, ""read_file"": 0.45, ""search_content"": 0.0, ""done"": 0.03}",0.08,138,1416,287.8,jev-1.13.0
find recently modified go files and show the most recent one,truncated,1,4,read_file,done,0,0.38,"{""find_files"": 0.11, ""list_files"": 0.05, ""port_listeners"": 0.0, ""disk_usage"": 0.0, ""tail_log"": 0.0, ""git_status"": 0.15, ""read_file"": 0.44, ""kill_process"": 0.0, ""process_list"": 0.0, ""search_content"": 0.0, ""done"": 0.03, ""git_log"": 0.05, ""cannot_proceed"": 0.17}",0.07,177,1464,266.6,jev-1.13.0
find recently modified go files and show the most recent one,truncated,1,5,cannot_proceed,done,0,0.2,"{""kill_process"": 0.0, ""disk_usage"": 0.0, ""search_content"": 0.0, ""cannot_proceed"": 0.27, ""git_status"": 0.15, ""find_files"": 0.2, ""port_listeners"": 0.0, ""done"": 0.04, ""process_list"": 0.0, ""tail_log"": 0.0, ""list_files"": 0.11, ""git_log"": 0.08, ""read_file"": 0.15}",0.05,216,1512,295.5,jev-1.13.0
read whichever readme is in the skills project,truncated,1,0,find_files,list_files,0,0.81,"{""port_listeners"": 0.0, ""list_files"": 0.14, ""disk_usage"": 0.0, ""tail_log"": 0.0, ""find_files"": 0.84, ""done"": 0.0, ""read_file"": 0.02, ""process_list"": 0.0, ""search_content"": 0.0, ""git_status"": 0.0, ""kill_process"": 0.0, ""cannot_proceed"": 0.0, ""git_log"": 0.0}",0.04,18,1262,286.7,jev-1.13.0
read whichever readme is in the skills project,truncated,1,1,find_files,read_file,0,0.31,"{""port_listeners"": 0.0, ""search_content"": 0.04, ""cannot_proceed"": 0.01, ""done"": 0.0, ""list_files"": 0.33, ""read_file"": 0.25, ""git_log"": 0.0, ""process_list"": 0.0, ""disk_usage"": 0.0, ""tail_log"": 0.0, ""kill_process"": 0.0, ""git_status"": 0.0, ""find_files"": 0.37}",0.04,49,1306,309.7,jev-1.13.0
read whichever readme is in the skills project,truncated,1,2,find_files,done,0,0.42,"{""kill_process"": 0.0, ""disk_usage"": 0.0, ""list_files"": 0.27, ""tail_log"": 0.0, ""read_file"": 0.19, ""git_status"": 0.0, ""search_content"": 0.05, ""find_files"": 0.47000000000000003, ""done"": 0.0, ""cannot_proceed"": 0.01, ""port_listeners"": 0.0, ""git_log"": 0.0, ""process_list"": 0.0}",0.04,80,1351,211.1,jev-1.13.0
read whichever readme is in the skills project,truncated,1,3,find_files,done,0,0.42,"{""git_status"": 0.0, ""process_list"": 0.0, ""read_file"": 0.24, ""port_listeners"": 0.0, ""tail_log"": 0.0, ""git_log"": 0.0, ""find_files"": 0.47000000000000003, ""disk_usage"": 0.0, ""kill_process"": 0.0, ""search_content"": 0.03, ""cannot_proceed"": 0.02, ""done"": 0.0, ""list_files"": 0.24}",0.03,111,1396,233.1,jev-1.13.0
read whichever readme is in the skills project,truncated,1,4,find_files,done,0,0.37,"{""port_listeners"": 0.0, ""cannot_proceed"": 0.01, ""git_log"": 0.0, ""kill_process"": 0.0, ""read_file"": 0.19, ""search_content"": 0.05, ""git_status"": 0.0, ""find_files"": 0.43, ""tail_log"": 0.0, ""process_list"": 0.0, ""done"": 0.01, ""disk_usage"": 0.0, ""list_files"": 0.31}",0.03,143,1441,300.8,jev-1.13.0
read whichever readme is in the skills project,truncated,1,5,find_files,done,0,0.33,"{""cannot_proceed"": 0.03, ""list_files"": 0.29, ""find_files"": 0.38, ""git_log"": 0.0, ""tail_log"": 0.0, ""port_listeners"": 0.0, ""search_content"": 0.06, ""read_file"": 0.24, ""kill_process"": 0.0, ""disk_usage"": 0.0, ""process_list"": 0.0, ""done"": 0.0, ""git_status"": 0.0}",0.03,174,1486,250.5,jev-1.13.0
tail whichever npm log has the most content in it,truncated,1,0,find_files,find_files,1,0.76,"{""cannot_proceed"": 0.03, ""done"": 0.0, ""disk_usage"": 0.03, ""process_list"": 0.0, ""list_files"": 0.14, ""port_listeners"": 0.0, ""search_content"": 0.0, ""tail_log"": 0.01, ""kill_process"": 0.0, ""git_status"": 0.0, ""find_files"": 0.79, ""git_log"": 0.0, ""read_file"": 0.0}",0.03,19,1263,224.6,jev-1.13.0
tail whichever npm log has the most content in it,truncated,1,1,tail_log,tail_log,1,0.99,"{""kill_process"": 0.0, ""read_file"": 0.0, ""cannot_proceed"": 0.0, ""port_listeners"": 0.0, ""done"": 0.0, ""find_files"": 0.0, ""list_files"": 0.0, ""search_content"": 0.0, ""tail_log"": 1.0, ""process_list"": 0.0, ""git_log"": 0.0, ""git_status"": 0.0, ""disk_usage"": 0.0}",0.1,87,1458,273.0,jev-1.13.0
tail whichever npm log has the most content in it,truncated,1,2,tail_log,done,0,0.5,"{""search_content"": 0.0, ""git_status"": 0.0, ""cannot_proceed"": 0.02, ""process_list"": 0.0, ""list_files"": 0.0, ""done"": 0.43, ""find_files"": 0.0, ""port_listeners"": 0.0, ""disk_usage"": 0.0, ""kill_process"": 0.0, ""git_log"": 0.0, ""read_file"": 0.0, ""tail_log"": 0.55}",0.62,129,1525,229.8,jev-1.13.0
tail whichever npm log has the most content in it,truncated,1,3,tail_log,done,0,0.78,"{""port_listeners"": 0.0, ""search_content"": 0.0, ""read_file"": 0.0, ""done"": 0.19, ""list_files"": 0.0, ""process_list"": 0.0, ""git_log"": 0.0, ""cannot_proceed"": 0.01, ""kill_process"": 0.0, ""tail_log"": 0.8, ""disk_usage"": 0.0, ""find_files"": 0.0, ""git_status"": 0.0}",0.35,172,1592,304.8,jev-1.13.0
tail whichever npm log has the most content in it,truncated,1,4,tail_log,done,0,0.66,"{""kill_process"": 0.0, ""read_file"": 0.01, ""cannot_proceed"": 0.02, ""port_listeners"": 0.0, ""tail_log"": 0.6900000000000001, ""find_files"": 0.0, ""search_content"": 0.0, ""list_files"": 0.0, ""done"": 0.27, ""process_list"": 0.0, ""git_log"": 0.0, ""git_status"": 0.0, ""disk_usage"": 0.0}",0.29,215,1659,263.5,jev-1.13.0
tail whichever npm log has the most content in it,truncated,1,5,tail_log,done,0,0.84,"{""done"": 0.09, ""list_files"": 0.0, ""disk_usage"": 0.0, ""tail_log"": 0.86, ""port_listeners"": 0.0, ""find_files"": 0.0, ""read_file"": 0.01, ""search_content"": 0.0, ""git_status"": 0.0, ""cannot_proceed"": 0.04, ""kill_process"": 0.0, ""process_list"": 0.0, ""git_log"": 0.0}",0.13,258,1726,275.6,jev-1.13.0
show the most recently changed file in the skills repo,truncated,1,0,git_status,find_files,0,0.38,"{""cannot_proceed"": 0.02, ""list_files"": 0.1, ""git_status"": 0.44, ""git_log"": 0.42, ""kill_process"": 0.0, ""disk_usage"": 0.0, ""find_files"": 0.02, ""tail_log"": 0.0, ""read_file"": 0.0, ""search_content"": 0.0, ""process_list"": 0.0, ""port_listeners"": 0.0, ""done"": 0.0}",0.03,20,1263,270.5,jev-1.13.0
show the most recently changed file in the skills repo,truncated,1,1,git_log,read_file,0,0.94,"{""tail_log"": 0.0, ""list_files"": 0.02, ""read_file"": 0.0, ""git_log"": 0.95, ""port_listeners"": 0.0, ""process_list"": 0.0, ""done"": 0.01, ""kill_process"": 0.0, ""git_status"": 0.0, ""find_files"": 0.0, ""disk_usage"": 0.0, ""cannot_proceed"": 0.02, ""search_content"": 0.0}",0.05,42,1296,253.3,jev-1.13.0
show the most recently changed file in the skills repo,truncated,1,2,cannot_proceed,done,0,0.31,"{""cannot_proceed"": 0.37, ""read_file"": 0.02, ""kill_process"": 0.0, ""port_listeners"": 0.0, ""done"": 0.1, ""tail_log"": 0.0, ""process_list"": 0.0, ""search_content"": 0.0, ""list_files"": 0.11, ""find_files"": 0.05, ""git_log"": 0.35, ""disk_usage"": 0.0, ""git_status"": 0.0}",0.17,90,1376,273.9,jev-1.13.0
tail whichever npm log is newest,truncated,1,0,find_files,find_files,1,0.91,"{""cannot_proceed"": 0.02, ""tail_log"": 0.01, ""git_log"": 0.0, ""find_files"": 0.92, ""list_files"": 0.05, ""port_listeners"": 0.0, ""search_content"": 0.0, ""read_file"": 0.0, ""kill_process"": 0.0, ""done"": 0.0, ""process_list"": 0.0, ""disk_usage"": 0.0, ""git_status"": 0.0}",0.04,15,1259,260.1,jev-1.13.0
tail whichever npm log is newest,truncated,1,1,tail_log,tail_log,1,0.99,"{""kill_process"": 0.0, ""find_files"": 0.0, ""git_log"": 0.0, ""tail_log"": 1.0, ""read_file"": 0.0, ""search_content"": 0.0, ""port_listeners"": 0.0, ""done"": 0.0, ""disk_usage"": 0.0, ""git_status"": 0.0, ""cannot_proceed"": 0.0, ""process_list"": 0.0, ""list_files"": 0.0}",0.08,74,1426,268.9,jev-1.13.0
tail whichever npm log is newest,truncated,1,2,done,done,1,0.81,"{""find_files"": 0.0, ""list_files"": 0.0, ""port_listeners"": 0.0, ""tail_log"": 0.15, ""git_log"": 0.0, ""cannot_proceed"": 0.01, ""read_file"": 0.0, ""kill_process"": 0.0, ""process_list"": 0.0, ""search_content"": 0.0, ""done"": 0.84, ""disk_usage"": 0.0, ""git_status"": 0.0}",0.75,139,1515,288.0,jev-1.13.0
deploy the app to production,truncated,1,0,cannot_proceed,cannot_proceed,1,0.65,"{""port_listeners"": 0.0, ""list_files"": 0.05, ""disk_usage"": 0.0, ""tail_log"": 0.0, ""find_files"": 0.05, ""done"": 0.0, ""read_file"": 0.0, ""git_status"": 0.19, ""cannot_proceed"": 0.67, ""process_list"": 0.0, ""kill_process"": 0.0, ""search_content"": 0.01, ""git_log"": 0.02}",0.05,14,1258,232.6,jev-1.13.0
send a message to the team on slack,truncated,1,0,cannot_proceed,cannot_proceed,1,1.0,"{""tail_log"": 0.0, ""done"": 0.0, ""port_listeners"": 0.0, ""process_list"": 0.0, ""find_files"": 0.0, ""list_files"": 0.0, ""disk_usage"": 0.0, ""kill_process"": 0.0, ""search_content"": 0.0, ""git_log"": 0.0, ""git_status"": 0.0, ""cannot_proceed"": 1.0, ""read_file"": 0.0}",0.04,15,1261,213.1,jev-1.13.0
rename this file to something else,truncated,1,0,cannot_proceed,cannot_proceed,1,0.68,"{""read_file"": 0.01, ""disk_usage"": 0.0, ""done"": 0.0, ""find_files"": 0.18, ""process_list"": 0.0, ""tail_log"": 0.0, ""kill_process"": 0.0, ""git_log"": 0.0, ""search_content"": 0.0, ""git_status"": 0.01, ""cannot_proceed"": 0.7, ""list_files"": 0.1, ""port_listeners"": 0.0}",0.04,15,1259,256.4,jev-1.13.0
install the missing npm dependency,truncated,1,0,cannot_proceed,cannot_proceed,1,0.4,"{""list_files"": 0.31, ""process_list"": 0.0, ""cannot_proceed"": 0.44, ""find_files"": 0.11, ""git_status"": 0.01, ""git_log"": 0.0, ""disk_usage"": 0.0, ""kill_process"": 0.0, ""port_listeners"": 0.0, ""done"": 0.0, ""read_file"": 0.05, ""search_content"": 0.06, ""tail_log"": 0.02}",0.05,15,1258,273.7,jev-1.13.0
what's the most recent commit in driftmark,truncated,1,0,git_log,git_log,1,0.97,"{""git_log"": 0.97, ""tail_log"": 0.0, ""disk_usage"": 0.0, ""git_status"": 0.0, ""process_list"": 0.0, ""port_listeners"": 0.0, ""find_files"": 0.02, ""kill_process"": 0.0, ""cannot_proceed"": 0.0, ""search_content"": 0.0, ""read_file"": 0.0, ""list_files"": 0.01, ""done"": 0.0}",0.03,17,1263,239.2,jev-1.13.0
what's the most recent commit in driftmark,truncated,1,1,done,done,1,0.99,"{""read_file"": 0.0, ""disk_usage"": 0.0, ""list_files"": 0.0, ""git_status"": 0.0, ""search_content"": 0.0, ""done"": 0.99, ""process_list"": 0.0, ""git_log"": 0.01, ""port_listeners"": 0.0, ""kill_process"": 0.0, ""cannot_proceed"": 0.0, ""tail_log"": 0.0, ""find_files"": 0.0}",0.89,46,1319,285.0,jev-1.13.0
what does the go module for glow require,truncated,1,0,find_files,read_file,0,0.47,"{""port_listeners"": 0.0, ""list_files"": 0.03, ""disk_usage"": 0.0, ""tail_log"": 0.0, ""done"": 0.0, ""find_files"": 0.52, ""read_file"": 0.21, ""search_content"": 0.21, ""cannot_proceed"": 0.03, ""git_status"": 0.0, ""kill_process"": 0.0, ""process_list"": 0.0, ""git_log"": 0.0}",0.03,17,1261,264.3,jev-1.13.0
what does the go module for glow require,truncated,1,1,find_files,done,0,0.31,"{""git_log"": 0.0, ""tail_log"": 0.0, ""disk_usage"": 0.0, ""git_status"": 0.0, ""process_list"": 0.0, ""port_listeners"": 0.0, ""find_files"": 0.37, ""kill_process"": 0.0, ""cannot_proceed"": 0.01, ""search_content"": 0.18, ""read_file"": 0.28, ""list_files"": 0.16, ""done"": 0.0}",0.06,47,1305,242.8,jev-1.13.0
what does the go module for glow require,truncated,1,2,read_file,done,0,0.24,"{""cannot_proceed"": 0.02, ""read_file"": 0.3, ""kill_process"": 0.0, ""port_listeners"": 0.0, ""done"": 0.01, ""tail_log"": 0.0, ""process_list"": 0.0, ""search_content"": 0.27, ""list_files"": 0.16, ""find_files"": 0.24, ""git_log"": 0.0, ""disk_usage"": 0.0, ""git_status"": 0.0}",0.06,79,1350,234.2,jev-1.13.0
what does the go module for glow require,truncated,1,3,read_file,done,0,0.92,"{""cannot_proceed"": 0.0, ""read_file"": 0.93, ""done"": 0.05, ""port_listeners"": 0.0, ""kill_process"": 0.0, ""process_list"": 0.0, ""tail_log"": 0.0, ""search_content"": 0.01, ""list_files"": 0.01, ""find_files"": 0.0, ""git_log"": 0.0, ""disk_usage"": 0.0, ""git_status"": 0.0}",0.12,105,1395,274.2,jev-1.13.0
what does the go module for glow require,truncated,1,4,read_file,done,0,0.91,"{""port_listeners"": 0.0, ""search_content"": 0.01, ""cannot_proceed"": 0.0, ""done"": 0.06, ""list_files"": 0.01, ""process_list"": 0.0, ""git_log"": 0.0, ""read_file"": 0.92, ""disk_usage"": 0.0, ""tail_log"": 0.0, ""kill_process"": 0.0, ""git_status"": 0.0, ""find_files"": 0.0}",0.12,131,1440,277.3,jev-1.13.0
what does the go module for glow require,truncated,1,5,read_file,done,0,0.91,"{""port_listeners"": 0.0, ""list_files"": 0.01, ""disk_usage"": 0.0, ""process_list"": 0.0, ""tail_log"": 0.0, ""find_files"": 0.01, ""git_log"": 0.0, ""cannot_proceed"": 0.0, ""read_file"": 0.93, ""done"": 0.04, ""kill_process"": 0.0, ""search_content"": 0.01, ""git_status"": 0.0}",0.11,157,1485,255.3,jev-1.13.0
are there uncommitted changes in the hermes project,truncated,1,0,git_status,git_status,1,0.92,"{""find_files"": 0.0, ""git_status"": 0.93, ""process_list"": 0.0, ""git_log"": 0.0, ""read_file"": 0.0, ""done"": 0.07, ""search_content"": 0.0, ""list_files"": 0.0, ""kill_process"": 0.0, ""cannot_proceed"": 0.0, ""disk_usage"": 0.0, ""port_listeners"": 0.0, ""tail_log"": 0.0}",0.43,19,1264,217.3,jev-1.13.0
are there uncommitted changes in the hermes project,truncated,1,1,done,done,1,0.91,"{""find_files"": 0.0, ""port_listeners"": 0.0, ""list_files"": 0.01, ""git_status"": 0.07, ""search_content"": 0.0, ""done"": 0.91, ""git_log"": 0.0, ""process_list"": 0.0, ""read_file"": 0.01, ""kill_process"": 0.0, ""disk_usage"": 0.0, ""tail_log"": 0.0, ""cannot_proceed"": 0.0}",0.88,37,1294,300.9,jev-1.13.0
which skill docs were modified,truncated,1,0,git_status,git_status,1,0.92,"{""process_list"": 0.0, ""disk_usage"": 0.0, ""tail_log"": 0.0, ""list_files"": 0.0, ""done"": 0.01, ""git_status"": 0.92, ""search_content"": 0.01, ""find_files"": 0.01, ""read_file"": 0.0, ""git_log"": 0.04, ""port_listeners"": 0.0, ""cannot_proceed"": 0.01, ""kill_process"": 0.0}",0.05,14,1258,250.0,jev-1.13.0
which skill docs were modified,truncated,1,1,done,done,1,0.91,"{""port_listeners"": 0.0, ""disk_usage"": 0.0, ""git_log"": 0.02, ""read_file"": 0.06, ""kill_process"": 0.0, ""git_status"": 0.0, ""search_content"": 0.0, ""find_files"": 0.0, ""tail_log"": 0.0, ""cannot_proceed"": 0.0, ""done"": 0.92, ""process_list"": 0.0, ""list_files"": 0.0}",0.86,32,1288,269.6,jev-1.13.0
kill whatever's on port 3000,truncated,2,0,port_listeners,port_listeners,1,1.0,"{""git_log"": 0.0, ""find_files"": 0.0, ""read_file"": 0.0, ""search_content"": 0.0, ""done"": 0.0, ""list_files"": 0.0, ""port_listeners"": 1.0, ""git_status"": 0.0, ""disk_usage"": 0.0, ""tail_log"": 0.0, ""kill_process"": 0.0, ""cannot_proceed"": 0.0, ""process_list"": 0.0}",0.07,14,1263,306.6,jev-1.13.0
kill whatever's on port 3000,truncated,2,1,kill_process,kill_process,1,1.0,"{""process_list"": 0.0, ""done"": 0.0, ""disk_usage"": 0.0, ""port_listeners"": 0.0, ""list_files"": 0.0, ""cannot_proceed"": 0.0, ""search_content"": 0.0, ""tail_log"": 0.0, ""kill_process"": 1.0, ""git_status"": 0.0, ""find_files"": 0.0, ""git_log"": 0.0, ""read_file"": 0.0}",0.03,59,1351,228.6,jev-1.13.0
kill whatever's on port 3000,truncated,2,2,kill_process,done,0,0.36,"{""cannot_proceed"": 0.03, ""read_file"": 0.0, ""git_status"": 0.0, ""port_listeners"": 0.31, ""done"": 0.24, ""process_list"": 0.01, ""tail_log"": 0.0, ""search_content"": 0.0, ""list_files"": 0.0, ""find_files"": 0.0, ""git_log"": 0.0, ""disk_usage"": 0.0, ""kill_process"": 0.41}",0.42,75,1378,243.9,jev-1.13.0
kill whatever's on port 3000,truncated,2,3,kill_process,done,0,0.53,"{""kill_process"": 0.57, ""search_content"": 0.0, ""git_log"": 0.0, ""tail_log"": 0.0, ""read_file"": 0.0, ""cannot_proceed"": 0.02, ""port_listeners"": 0.33, ""done"": 0.07, ""disk_usage"": 0.0, ""git_status"": 0.0, ""process_list"": 0.01, ""find_files"": 0.0, ""list_files"": 0.0}",0.24,91,1405,267.5,jev-1.13.0
kill whatever's on port 3000,truncated,2,4,kill_process,done,0,0.49,"{""git_log"": 0.0, ""find_files"": 0.0, ""read_file"": 0.0, ""search_content"": 0.0, ""done"": 0.03, ""list_files"": 0.0, ""port_listeners"": 0.4, ""kill_process"": 0.53, ""disk_usage"": 0.0, ""tail_log"": 0.0, ""git_status"": 0.0, ""cannot_proceed"": 0.02, ""process_list"": 0.01}",0.22,107,1432,546.5,jev-1.13.0
kill whatever's on port 3000,truncated,2,5,port_listeners,done,0,0.44,"{""tail_log"": 0.0, ""done"": 0.02, ""port_listeners"": 0.49, ""process_list"": 0.01, ""find_files"": 0.0, ""list_files"": 0.0, ""disk_usage"": 0.0, ""kill_process"": 0.46, ""search_content"": 0.0, ""git_log"": 0.0, ""git_status"": 0.0, ""cannot_proceed"": 0.02, ""read_file"": 0.0}",0.21,122,1459,307.5,jev-1.13.0
kill the process eating the most CPU,truncated,2,0,process_list,process_list,1,1.0,"{""kill_process"": 0.0, ""cannot_proceed"": 0.0, ""git_log"": 0.0, ""tail_log"": 0.0, ""read_file"": 0.0, ""search_content"": 0.0, ""port_listeners"": 0.0, ""done"": 0.0, ""disk_usage"": 0.0, ""git_status"": 0.0, ""process_list"": 1.0, ""find_files"": 0.0, ""list_files"": 0.0}",0.03,16,1260,219.0,jev-1.13.0
kill the process eating the most CPU,truncated,2,1,kill_process,kill_process,1,1.0,"{""git_log"": 0.0, ""find_files"": 0.0, ""done"": 0.0, ""read_file"": 0.0, ""list_files"": 0.0, ""kill_process"": 1.0, ""process_list"": 0.0, ""git_status"": 0.0, ""cannot_proceed"": 0.0, ""disk_usage"": 0.0, ""search_content"": 0.0, ""tail_log"": 0.0, ""port_listeners"": 0.0}",0.04,55,1337,270.5,jev-1.13.0
kill the process eating the most CPU,truncated,2,2,kill_process,done,0,0.61,"{""find_files"": 0.0, ""git_status"": 0.0, ""process_list"": 0.04, ""git_log"": 0.0, ""disk_usage"": 0.0, ""kill_process"": 0.64, ""cannot_proceed"": 0.06, ""list_files"": 0.0, ""read_file"": 0.0, ""done"": 0.26, ""search_content"": 0.0, ""port_listeners"": 0.0, ""tail_log"": 0.0}",0.28,70,1364,245.1,jev-1.13.0
kill the process eating the most CPU,truncated,2,3,kill_process,done,0,0.68,"{""cannot_proceed"": 0.03, ""list_files"": 0.0, ""find_files"": 0.0, ""git_log"": 0.0, ""tail_log"": 0.0, ""port_listeners"": 0.0, ""search_content"": 0.0, ""read_file"": 0.0, ""kill_process"": 0.71, ""disk_usage"": 0.0, ""process_list"": 0.16, ""done"": 0.1, ""git_status"": 0.0}",0.24,86,1391,222.8,jev-1.13.0
kill the process eating the most CPU,truncated,2,4,kill_process,done,0,0.6,"{""port_listeners"": 0.0, ""list_files"": 0.0, ""disk_usage"": 0.0, ""tail_log"": 0.0, ""done"": 0.06, ""find_files"": 0.0, ""read_file"": 0.0, ""process_list"": 0.26, ""cannot_proceed"": 0.04, ""search_content"": 0.0, ""kill_process"": 0.64, ""git_status"": 0.0, ""git_log"": 0.0}",0.2,102,1418,284.8,jev-1.13.0
kill the process eating the most CPU,truncated,2,5,kill_process,done,0,0.51,"{""cannot_proceed"": 0.05, ""disk_usage"": 0.0, ""git_log"": 0.0, ""read_file"": 0.0, ""list_files"": 0.0, ""kill_process"": 0.55, ""tail_log"": 0.0, ""find_files"": 0.0, ""search_content"": 0.0, ""process_list"": 0.36, ""done"": 0.04, ""port_listeners"": 0.0, ""git_status"": 0.0}",0.15,118,1445,274.7,jev-1.13.0
tail the log that changed most recently,truncated,2,0,find_files,find_files,1,0.82,"{""tail_log"": 0.01, ""done"": 0.0, ""port_listeners"": 0.0, ""process_list"": 0.0, ""find_files"": 0.84, ""list_files"": 0.14, ""disk_usage"": 0.0, ""kill_process"": 0.0, ""search_content"": 0.0, ""git_log"": 0.0, ""git_status"": 0.0, ""cannot_proceed"": 0.01, ""read_file"": 0.0}",0.04,16,1260,361.4,jev-1.13.0
tail the log that changed most recently,truncated,2,1,tail_log,tail_log,1,1.0,"{""port_listeners"": 0.0, ""list_files"": 0.0, ""disk_usage"": 0.0, ""read_file"": 0.0, ""kill_process"": 0.0, ""search_content"": 0.0, ""git_status"": 0.0, ""find_files"": 0.0, ""tail_log"": 1.0, ""process_list"": 0.0, ""done"": 0.0, ""cannot_proceed"": 0.0, ""git_log"": 0.0}",0.08,59,1357,286.6,jev-1.13.0
tail the log that changed most recently,truncated,2,2,done,done,1,0.98,"{""cannot_proceed"": 0.0, ""done"": 0.99, ""disk_usage"": 0.0, ""port_listeners"": 0.0, ""list_files"": 0.0, ""process_list"": 0.0, ""search_content"": 0.0, ""tail_log"": 0.01, ""kill_process"": 0.0, ""git_status"": 0.0, ""find_files"": 0.0, ""git_log"": 0.0, ""read_file"": 0.0}",0.94,90,1412,244.1,jev-1.13.0
what's using the most disk space here,truncated,2,0,disk_usage,disk_usage,1,1.0,"{""tail_log"": 0.0, ""done"": 0.0, ""read_file"": 0.0, ""port_listeners"": 0.0, ""find_files"": 0.0, ""list_files"": 0.0, ""disk_usage"": 1.0, ""kill_process"": 0.0, ""search_content"": 0.0, ""git_log"": 0.0, ""git_status"": 0.0, ""cannot_proceed"": 0.0, ""process_list"": 0.0}",0.03,16,1261,251.9,jev-1.13.0
what's using the most disk space here,truncated,2,1,done,done,1,0.74,"{""git_log"": 0.0, ""read_file"": 0.0, ""kill_process"": 0.0, ""cannot_proceed"": 0.0, ""list_files"": 0.15, ""disk_usage"": 0.08, ""tail_log"": 0.0, ""search_content"": 0.0, ""find_files"": 0.01, ""process_list"": 0.0, ""done"": 0.76, ""port_listeners"": 0.0, ""git_status"": 0.0}",0.87,40,1309,230.9,jev-1.13.0
restart the database,truncated,2,0,cannot_proceed,cannot_proceed,1,0.74,"{""done"": 0.0, ""git_log"": 0.0, ""read_file"": 0.0, ""cannot_proceed"": 0.77, ""tail_log"": 0.0, ""kill_process"": 0.04, ""disk_usage"": 0.0, ""process_list"": 0.16, ""port_listeners"": 0.02, ""git_status"": 0.0, ""find_files"": 0.0, ""search_content"": 0.01, ""list_files"": 0.0}",0.06,12,1256,327.3,jev-1.13.0
which files have uncommitted changes,truncated,2,0,git_status,git_status,1,0.5,"{""port_listeners"": 0.0, ""list_files"": 0.0, ""find_files"": 0.0, ""process_list"": 0.0, ""tail_log"": 0.0, ""disk_usage"": 0.0, ""git_log"": 0.0, ""cannot_proceed"": 0.0, ""read_file"": 0.0, ""done"": 0.46, ""kill_process"": 0.0, ""search_content"": 0.0, ""git_status"": 0.54}",0.65,16,1260,325.1,jev-1.13.0
which files have uncommitted changes,truncated,2,1,done,done,1,0.98,"{""git_log"": 0.0, ""find_files"": 0.0, ""read_file"": 0.01, ""search_content"": 0.0, ""done"": 0.98, ""cannot_proceed"": 0.0, ""port_listeners"": 0.0, ""kill_process"": 0.0, ""disk_usage"": 0.0, ""tail_log"": 0.0, ""git_status"": 0.01, ""list_files"": 0.0, ""process_list"": 0.0}",0.94,44,1302,318.8,jev-1.13.0
show me the commit history for this repo,truncated,2,0,git_log,git_log,1,1.0,"{""list_files"": 0.0, ""search_content"": 0.0, ""cannot_proceed"": 0.0, ""kill_process"": 0.0, ""git_status"": 0.0, ""git_log"": 1.0, ""disk_usage"": 0.0, ""find_files"": 0.0, ""done"": 0.0, ""port_listeners"": 0.0, ""read_file"": 0.0, ""process_list"": 0.0, ""tail_log"": 0.0}",0.03,17,1261,291.5,jev-1.13.0
show me the commit history for this repo,truncated,2,1,done,done,1,0.99,"{""port_listeners"": 0.0, ""find_files"": 0.0, ""search_content"": 0.0, ""list_files"": 0.0, ""kill_process"": 0.0, ""read_file"": 0.0, ""tail_log"": 0.0, ""process_list"": 0.0, ""disk_usage"": 0.0, ""git_status"": 0.0, ""git_log"": 0.0, ""cannot_proceed"": 0.0, ""done"": 1.0}",0.95,64,1340,231.3,jev-1.13.0
what files are in the internal directory of the glow project,truncated,2,0,list_files,list_files,1,0.92,"{""git_log"": 0.0, ""find_files"": 0.06, ""read_file"": 0.0, ""search_content"": 0.0, ""kill_process"": 0.0, ""cannot_proceed"": 0.01, ""port_listeners"": 0.0, ""list_files"": 0.93, ""disk_usage"": 0.0, ""tail_log"": 0.0, ""git_status"": 0.0, ""done"": 0.0, ""process_list"": 0.0}",0.03,22,1264,228.4,jev-1.13.0
what files are in the internal directory of the glow project,truncated,2,1,done,done,1,0.87,"{""port_listeners"": 0.0, ""list_files"": 0.1, ""process_list"": 0.0, ""read_file"": 0.01, ""git_status"": 0.0, ""done"": 0.88, ""tail_log"": 0.0, ""search_content"": 0.0, ""disk_usage"": 0.0, ""find_files"": 0.01, ""git_log"": 0.0, ""cannot_proceed"": 0.0, ""kill_process"": 0.0}",0.75,41,1300,292.1,jev-1.13.0
show me the contents of the go module file,truncated,2,0,find_files,read_file,0,0.81,"{""find_files"": 0.83, ""git_status"": 0.0, ""process_list"": 0.0, ""git_log"": 0.0, ""read_file"": 0.14, ""done"": 0.0, ""search_content"": 0.01, ""list_files"": 0.02, ""disk_usage"": 0.0, ""cannot_proceed"": 0.0, ""kill_process"": 0.0, ""port_listeners"": 0.0, ""tail_log"": 0.0}",0.03,17,1262,387.7,jev-1.13.0
show me the contents of the go module file,truncated,2,1,find_files,done,0,0.42,"{""git_status"": 0.0, ""done"": 0.0, ""disk_usage"": 0.0, ""git_log"": 0.0, ""kill_process"": 0.0, ""port_listeners"": 0.0, ""list_files"": 0.1, ""process_list"": 0.0, ""search_content"": 0.06, ""tail_log"": 0.0, ""find_files"": 0.45999999999999996, ""read_file"": 0.37, ""cannot_proceed"": 0.01}",0.04,48,1306,237.2,jev-1.13.0
show me the contents of the go module file,truncated,2,2,find_files,done,0,0.42,"{""tail_log"": 0.0, ""list_files"": 0.06, ""read_file"": 0.4, ""port_listeners"": 0.0, ""process_list"": 0.0, ""git_log"": 0.0, ""done"": 0.0, ""find_files"": 0.47000000000000003, ""kill_process"": 0.0, ""cannot_proceed"": 0.01, ""disk_usage"": 0.0, ""git_status"": 0.0, ""search_content"": 0.05}",0.03,79,1351,218.2,jev-1.13.0
show me the contents of the go module file,truncated,2,3,find_files,done,0,0.4,"{""git_status"": 0.0, ""disk_usage"": 0.0, ""find_files"": 0.46, ""done"": 0.0, ""tail_log"": 0.0, ""list_files"": 0.06, ""read_file"": 0.41, ""port_listeners"": 0.0, ""search_content"": 0.06, ""kill_process"": 0.0, ""process_list"": 0.0, ""git_log"": 0.0, ""cannot_proceed"": 0.01}",0.03,110,1396,244.8,jev-1.13.0
show me the contents of the go module file,truncated,2,4,find_files,done,0,0.41,"{""cannot_proceed"": 0.01, ""list_files"": 0.05, ""find_files"": 0.46, ""git_log"": 0.0, ""tail_log"": 0.0, ""port_listeners"": 0.0, ""search_content"": 0.07, ""read_file"": 0.4, ""kill_process"": 0.0, ""done"": 0.0, ""process_list"": 0.0, ""disk_usage"": 0.0, ""git_status"": 0.0}",0.02,142,1441,286.0,jev-1.13.0
show me the contents of the go module file,truncated,2,5,find_files,done,0,0.38,"{""git_log"": 0.0, ""find_files"": 0.44, ""read_file"": 0.4, ""git_status"": 0.0, ""kill_process"": 0.0, ""cannot_proceed"": 0.01, ""port_listeners"": 0.0, ""list_files"": 0.06, ""disk_usage"": 0.0, ""tail_log"": 0.0, ""done"": 0.0, ""search_content"": 0.09, ""process_list"": 0.0}",0.02,173,1486,232.6,jev-1.13.0
is anything listening on port 9999,truncated,2,0,port_listeners,port_listeners,1,0.58,"{""tail_log"": 0.0, ""done"": 0.35, ""port_listeners"": 0.62, ""read_file"": 0.0, ""find_files"": 0.0, ""list_files"": 0.0, ""disk_usage"": 0.0, ""process_list"": 0.0, ""search_content"": 0.0, ""git_log"": 0.0, ""git_status"": 0.0, ""cannot_proceed"": 0.03, ""kill_process"": 0.0}",0.71,15,1263,314.4,jev-1.13.0
is anything listening on port 9999,truncated,2,1,done,done,1,0.67,"{""tail_log"": 0.0, ""disk_usage"": 0.0, ""search_content"": 0.0, ""find_files"": 0.0, ""git_status"": 0.0, ""port_listeners"": 0.27, ""done"": 0.71, ""cannot_proceed"": 0.01, ""kill_process"": 0.0, ""read_file"": 0.0, ""list_files"": 0.0, ""process_list"": 0.01, ""git_log"": 0.0}",0.86,31,1291,293.0,jev-1.13.0
kill whichever process is using the most memory,truncated,2,0,process_list,process_list,1,1.0,"{""cannot_proceed"": 0.0, ""list_files"": 0.0, ""git_log"": 0.0, ""tail_log"": 0.0, ""find_files"": 0.0, ""port_listeners"": 0.0, ""search_content"": 0.0, ""read_file"": 0.0, ""kill_process"": 0.0, ""done"": 0.0, ""process_list"": 1.0, ""disk_usage"": 0.0, ""git_status"": 0.0}",0.03,18,1261,261.7,jev-1.13.0
kill whichever process is using the most memory,truncated,2,1,kill_process,kill_process,1,0.99,"{""tail_log"": 0.0, ""list_files"": 0.0, ""read_file"": 0.0, ""port_listeners"": 0.0, ""process_list"": 0.01, ""done"": 0.0, ""git_log"": 0.0, ""cannot_proceed"": 0.0, ""find_files"": 0.0, ""git_status"": 0.0, ""disk_usage"": 0.0, ""kill_process"": 0.99, ""search_content"": 0.0}",0.05,92,1400,248.4,jev-1.13.0
kill whichever process is using the most memory,truncated,2,2,kill_process,done,0,0.44,"{""read_file"": 0.0, ""git_log"": 0.0, ""git_status"": 0.0, ""search_content"": 0.0, ""disk_usage"": 0.0, ""tail_log"": 0.0, ""kill_process"": 0.49, ""done"": 0.42, ""cannot_proceed"": 0.05, ""find_files"": 0.0, ""process_list"": 0.04, ""list_files"": 0.0, ""port_listeners"": 0.0}",0.34,108,1427,290.6,jev-1.13.0
kill whichever process is using the most memory,truncated,2,3,kill_process,done,0,0.65,"{""cannot_proceed"": 0.03, ""git_log"": 0.0, ""tail_log"": 0.0, ""read_file"": 0.0, ""done"": 0.15, ""kill_process"": 0.68, ""list_files"": 0.0, ""process_list"": 0.14, ""port_listeners"": 0.0, ""git_status"": 0.0, ""find_files"": 0.0, ""search_content"": 0.0, ""disk_usage"": 0.0}",0.24,124,1454,233.6,jev-1.13.0
kill whichever process is using the most memory,truncated,2,4,kill_process,done,0,0.58,"{""cannot_proceed"": 0.04, ""disk_usage"": 0.0, ""read_file"": 0.0, ""kill_process"": 0.62, ""list_files"": 0.0, ""git_log"": 0.0, ""tail_log"": 0.0, ""process_list"": 0.19, ""find_files"": 0.0, ""search_content"": 0.0, ""done"": 0.15, ""port_listeners"": 0.0, ""git_status"": 0.0}",0.24,139,1481,225.6,jev-1.13.0
kill whichever process is using the most memory,truncated,2,5,kill_process,done,0,0.39,"{""done"": 0.16, ""list_files"": 0.0, ""disk_usage"": 0.0, ""tail_log"": 0.0, ""find_files"": 0.0, ""port_listeners"": 0.0, ""cannot_proceed"": 0.03, ""search_content"": 0.0, ""git_status"": 0.0, ""read_file"": 0.0, ""kill_process"": 0.44, ""process_list"": 0.37, ""git_log"": 0.0}",0.19,155,1508,236.4,jev-1.13.0
show me the file that uses the jpeg encoder library,truncated,2,0,search_content,search_content,1,0.98,"{""git_log"": 0.0, ""find_files"": 0.01, ""done"": 0.0, ""read_file"": 0.0, ""list_files"": 0.0, ""process_list"": 0.0, ""kill_process"": 0.0, ""git_status"": 0.0, ""cannot_proceed"": 0.0, ""disk_usage"": 0.0, ""search_content"": 0.99, ""tail_log"": 0.0, ""port_listeners"": 0.0}",0.03,19,1263,231.3,jev-1.13.0
show me the file that uses the jpeg encoder library,truncated,2,1,read_file,read_file,1,0.64,"{""disk_usage"": 0.0, ""kill_process"": 0.0, ""search_content"": 0.0, ""cannot_proceed"": 0.0, ""git_status"": 0.0, ""find_files"": 0.0, ""port_listeners"": 0.0, ""done"": 0.32, ""process_list"": 0.0, ""tail_log"": 0.0, ""list_files"": 0.0, ""git_log"": 0.0, ""read_file"": 0.68}",0.74,89,1364,249.4,jev-1.13.0
show me the file that uses the jpeg encoder library,truncated,2,2,read_file,done,0,0.62,"{""port_listeners"": 0.0, ""git_log"": 0.0, ""cannot_proceed"": 0.0, ""read_file"": 0.65, ""kill_process"": 0.0, ""git_status"": 0.0, ""search_content"": 0.0, ""find_files"": 0.0, ""tail_log"": 0.0, ""disk_usage"": 0.0, ""done"": 0.35, ""process_list"": 0.0, ""list_files"": 0.0}",0.71,133,1414,232.0,jev-1.13.0
show me the file that uses the jpeg encoder library,truncated,2,3,read_file,done,0,0.56,"{""find_files"": 0.0, ""git_log"": 0.0, ""port_listeners"": 0.0, ""disk_usage"": 0.0, ""tail_log"": 0.0, ""cannot_proceed"": 0.0, ""read_file"": 0.6, ""kill_process"": 0.0, ""process_list"": 0.0, ""search_content"": 0.0, ""done"": 0.4, ""git_status"": 0.0, ""list_files"": 0.0}",0.73,178,1464,288.2,jev-1.13.0
show me the file that uses the jpeg encoder library,truncated,2,4,read_file,done,0,0.6,"{""git_log"": 0.0, ""tail_log"": 0.0, ""disk_usage"": 0.0, ""git_status"": 0.0, ""process_list"": 0.0, ""port_listeners"": 0.0, ""list_files"": 0.0, ""kill_process"": 0.0, ""cannot_proceed"": 0.0, ""search_content"": 0.0, ""read_file"": 0.64, ""find_files"": 0.0, ""done"": 0.36}",0.67,222,1514,216.5,jev-1.13.0
show me the file that uses the jpeg encoder library,truncated,2,5,read_file,done,0,0.55,"{""git_log"": 0.0, ""tail_log"": 0.0, ""disk_usage"": 0.0, ""git_status"": 0.0, ""process_list"": 0.0, ""port_listeners"": 0.0, ""find_files"": 0.0, ""search_content"": 0.0, ""cannot_proceed"": 0.0, ""kill_process"": 0.0, ""read_file"": 0.6, ""list_files"": 0.0, ""done"": 0.4}",0.67,267,1564,311.2,jev-1.13.0
find recently modified go files and show the most recent one,truncated,2,0,find_files,find_files,1,0.92,"{""read_file"": 0.0, ""git_status"": 0.04, ""git_log"": 0.0, ""process_list"": 0.0, ""cannot_proceed"": 0.02, ""disk_usage"": 0.0, ""kill_process"": 0.0, ""list_files"": 0.0, ""find_files"": 0.93, ""search_content"": 0.0, ""port_listeners"": 0.0, ""tail_log"": 0.0, ""done"": 0.01}",0.05,22,1264,263.0,jev-1.13.0
find recently modified go files and show the most recent one,truncated,2,1,git_status,read_file,0,0.17,"{""git_log"": 0.09, ""tail_log"": 0.0, ""disk_usage"": 0.0, ""git_status"": 0.24000000000000002, ""process_list"": 0.0, ""port_listeners"": 0.0, ""find_files"": 0.1, ""kill_process"": 0.0, ""cannot_proceed"": 0.14, ""list_files"": 0.16, ""read_file"": 0.23, ""search_content"": 0.0, ""done"": 0.04}",0.09,59,1320,254.6,jev-1.13.0
find recently modified go files and show the most recent one,truncated,2,2,git_log,done,0,0.41,"{""search_content"": 0.0, ""git_status"": 0.01, ""cannot_proceed"": 0.11, ""process_list"": 0.0, ""done"": 0.03, ""find_files"": 0.17, ""list_files"": 0.04, ""tail_log"": 0.0, ""disk_usage"": 0.0, ""read_file"": 0.18, ""kill_process"": 0.0, ""port_listeners"": 0.0, ""git_log"": 0.46}",0.08,81,1354,254.7,jev-1.13.0
find recently modified go files and show the most recent one,truncated,2,3,read_file,done,0,0.25,"{""git_status"": 0.01, ""disk_usage"": 0.0, ""find_files"": 0.15, ""done"": 0.04, ""tail_log"": 0.0, ""list_files"": 0.1, ""read_file"": 0.32, ""port_listeners"": 0.0, ""search_content"": 0.0, ""kill_process"": 0.0, ""cannot_proceed"": 0.2, ""git_log"": 0.18, ""process_list"": 0.0}",0.1,130,1434,274.5,jev-1.13.0
find recently modified go files and show the most recent one,truncated,2,4,read_file,done,0,0.36,"{""git_log"": 0.13, ""tail_log"": 0.0, ""disk_usage"": 0.0, ""git_status"": 0.0, ""process_list"": 0.0, ""port_listeners"": 0.0, ""find_files"": 0.17, ""search_content"": 0.0, ""cannot_proceed"": 0.13, ""kill_process"": 0.0, ""read_file"": 0.42, ""list_files"": 0.04, ""done"": 0.11}",0.17,169,1482,221.3,jev-1.13.0
find recently modified go files and show the most recent one,truncated,2,5,read_file,done,0,0.33,"{""port_listeners"": 0.0, ""list_files"": 0.04, ""find_files"": 0.21, ""kill_process"": 0.0, ""read_file"": 0.39, ""git_status"": 0.0, ""search_content"": 0.0, ""disk_usage"": 0.0, ""tail_log"": 0.0, ""cannot_proceed"": 0.17, ""done"": 0.07, ""process_list"": 0.0, ""git_log"": 0.12}",0.1,208,1530,298.8,jev-1.13.0
read whichever readme is in the skills project,truncated,2,0,find_files,list_files,0,0.81,"{""find_files"": 0.83, ""git_status"": 0.0, ""process_list"": 0.0, ""git_log"": 0.0, ""read_file"": 0.02, ""done"": 0.0, ""search_content"": 0.0, ""list_files"": 0.15, ""kill_process"": 0.0, ""cannot_proceed"": 0.0, ""disk_usage"": 0.0, ""port_listeners"": 0.0, ""tail_log"": 0.0}",0.04,18,1262,295.9,jev-1.13.0
read whichever readme is in the skills project,truncated,2,1,find_files,read_file,0,0.36,"{""tail_log"": 0.0, ""done"": 0.0, ""read_file"": 0.19, ""git_log"": 0.0, ""process_list"": 0.0, ""port_listeners"": 0.0, ""list_files"": 0.35, ""find_files"": 0.42, ""cannot_proceed"": 0.01, ""kill_process"": 0.0, ""disk_usage"": 0.0, ""git_status"": 0.0, ""search_content"": 0.03}",0.04,49,1306,235.6,jev-1.13.0
read whichever readme is in the skills project,truncated,2,2,find_files,done,0,0.39,"{""git_log"": 0.0, ""git_status"": 0.0, ""cannot_proceed"": 0.01, ""disk_usage"": 0.0, ""kill_process"": 0.0, ""find_files"": 0.45, ""read_file"": 0.18, ""list_files"": 0.31, ""process_list"": 0.0, ""search_content"": 0.05, ""tail_log"": 0.0, ""port_listeners"": 0.0, ""done"": 0.0}",0.04,80,1351,236.3,jev-1.13.0
read whichever readme is in the skills project,truncated,2,3,find_files,done,0,0.39,"{""find_files"": 0.45, ""git_status"": 0.0, ""process_list"": 0.0, ""git_log"": 0.0, ""disk_usage"": 0.0, ""done"": 0.01, ""search_content"": 0.05, ""list_files"": 0.29, ""kill_process"": 0.0, ""cannot_proceed"": 0.01, ""read_file"": 0.19, ""port_listeners"": 0.0, ""tail_log"": 0.0}",0.03,111,1396,279.9,jev-1.13.0
read whichever readme is in the skills project,truncated,2,4,find_files,done,0,0.32,"{""kill_process"": 0.0, ""tail_log"": 0.0, ""cannot_proceed"": 0.02, ""git_log"": 0.0, ""search_content"": 0.06, ""read_file"": 0.27, ""list_files"": 0.27, ""process_list"": 0.0, ""port_listeners"": 0.0, ""git_status"": 0.0, ""disk_usage"": 0.0, ""done"": 0.01, ""find_files"": 0.37}",0.03,143,1441,340.7,jev-1.13.0
read whichever readme is in the skills project,truncated,2,5,find_files,done,0,0.38,"{""tail_log"": 0.0, ""git_log"": 0.0, ""done"": 0.0, ""read_file"": 0.24, ""cannot_proceed"": 0.02, ""port_listeners"": 0.0, ""list_files"": 0.24, ""process_list"": 0.0, ""kill_process"": 0.0, ""git_status"": 0.0, ""find_files"": 0.44, ""search_content"": 0.06, ""disk_usage"": 0.0}",0.02,174,1486,217.8,jev-1.13.0
tail whichever npm log has the most content in it,truncated,2,0,find_files,find_files,1,0.67,"{""search_content"": 0.0, ""git_status"": 0.0, ""cannot_proceed"": 0.04, ""process_list"": 0.0, ""find_files"": 0.7, ""done"": 0.0, ""list_files"": 0.18, ""port_listeners"": 0.0, ""git_log"": 0.0, ""read_file"": 0.0, ""disk_usage"": 0.06, ""tail_log"": 0.02, ""kill_process"": 0.0}",0.03,19,1263,233.4,jev-1.13.0
tail whichever npm log has the most content in it,truncated,2,1,tail_log,tail_log,1,0.99,"{""git_status"": 0.0, ""search_content"": 0.0, ""port_listeners"": 0.0, ""read_file"": 0.0, ""process_list"": 0.0, ""disk_usage"": 0.0, ""tail_log"": 1.0, ""kill_process"": 0.0, ""git_log"": 0.0, ""done"": 0.0, ""find_files"": 0.0, ""cannot_proceed"": 0.0, ""list_files"": 0.0}",0.1,87,1458,254.2,jev-1.13.0
tail whichever npm log has the most content in it,truncated,2,2,done,done,1,0.46,"{""kill_process"": 0.0, ""tail_log"": 0.49, ""cannot_proceed"": 0.0, ""git_log"": 0.0, ""search_content"": 0.0, ""read_file"": 0.0, ""process_list"": 0.0, ""port_listeners"": 0.0, ""list_files"": 0.0, ""disk_usage"": 0.0, ""git_status"": 0.0, ""done"": 0.51, ""find_files"": 0.0}",0.61,129,1525,307.9,jev-1.13.0
show the most recently changed file in the skills repo,truncated,2,0,git_status,find_files,0,0.43,"{""git_status"": 0.48, ""process_list"": 0.0, ""read_file"": 0.0, ""port_listeners"": 0.0, ""tail_log"": 0.0, ""done"": 0.0, ""find_files"": 0.02, ""disk_usage"": 0.0, ""list_files"": 0.12, ""search_content"": 0.0, ""cannot_proceed"": 0.03, ""git_log"": 0.35000000000000003, ""kill_process"": 0.0}",0.02,20,1263,282.4,jev-1.13.0
show the most recently changed file in the skills repo,truncated,2,1,git_log,read_file,0,0.95,"{""cannot_proceed"": 0.01, ""tail_log"": 0.0, ""git_log"": 0.96, ""find_files"": 0.0, ""list_files"": 0.02, ""port_listeners"": 0.0, ""search_content"": 0.0, ""read_file"": 0.0, ""kill_process"": 0.0, ""done"": 0.01, ""process_list"": 0.0, ""disk_usage"": 0.0, ""git_status"": 0.0}",0.05,42,1296,231.9,jev-1.13.0
show the most recently changed file in the skills repo,truncated,2,2,git_log,done,0,0.31,"{""cannot_proceed"": 0.36, ""git_status"": 0.0, ""read_file"": 0.02, ""process_list"": 0.0, ""git_log"": 0.37, ""kill_process"": 0.0, ""find_files"": 0.05, ""list_files"": 0.1, ""disk_usage"": 0.0, ""search_content"": 0.0, ""tail_log"": 0.0, ""port_listeners"": 0.0, ""done"": 0.1}",0.28,90,1376,234.1,jev-1.13.0
show the most recently changed file in the skills repo,truncated,2,3,git_log,done,0,0.33,"{""list_files"": 0.09, ""port_listeners"": 0.0, ""disk_usage"": 0.0, ""kill_process"": 0.0, ""read_file"": 0.01, ""git_log"": 0.39, ""done"": 0.1, ""process_list"": 0.0, ""find_files"": 0.05, ""git_status"": 0.01, ""search_content"": 0.0, ""cannot_proceed"": 0.35, ""tail_log"": 0.0}",0.19,138,1456,259.0,jev-1.13.0
show the most recently changed file in the skills repo,truncated,2,4,git_log,done,0,0.33,"{""git_log"": 0.39, ""find_files"": 0.04, ""done"": 0.13, ""read_file"": 0.02, ""list_files"": 0.1, ""process_list"": 0.0, ""kill_process"": 0.0, ""cannot_proceed"": 0.31, ""git_status"": 0.01, ""disk_usage"": 0.0, ""search_content"": 0.0, ""tail_log"": 0.0, ""port_listeners"": 0.0}",0.24,187,1536,259.5,jev-1.13.0
show the most recently changed file in the skills repo,truncated,2,5,cannot_proceed,done,0,0.35,"{""kill_process"": 0.0, ""tail_log"": 0.0, ""cannot_proceed"": 0.41000000000000003, ""git_log"": 0.3, ""search_content"": 0.0, ""read_file"": 0.01, ""process_list"": 0.0, ""port_listeners"": 0.0, ""list_files"": 0.15, ""disk_usage"": 0.0, ""git_status"": 0.01, ""done"": 0.06, ""find_files"": 0.06}",0.08,235,1616,234.0,jev-1.13.0
tail whichever npm log is newest,truncated,2,0,find_files,find_files,1,0.9,"{""done"": 0.0, ""git_log"": 0.0, ""tail_log"": 0.01, ""read_file"": 0.0, ""cannot_proceed"": 0.01, ""kill_process"": 0.0, ""list_files"": 0.06, ""process_list"": 0.0, ""disk_usage"": 0.0, ""git_status"": 0.0, ""find_files"": 0.92, ""search_content"": 0.0, ""port_listeners"": 0.0}",0.04,15,1259,289.4,jev-1.13.0
tail whichever npm log is newest,truncated,2,1,tail_log,tail_log,1,0.99,"{""git_status"": 0.0, ""read_file"": 0.0, ""disk_usage"": 0.0, ""git_log"": 0.0, ""kill_process"": 0.0, ""done"": 0.0, ""list_files"": 0.0, ""process_list"": 0.0, ""search_content"": 0.0, ""tail_log"": 1.0, ""find_files"": 0.0, ""port_listeners"": 0.0, ""cannot_proceed"": 0.0}",0.08,74,1426,267.8,jev-1.13.0
tail whichever npm log is newest,truncated,2,2,done,done,1,0.81,"{""list_files"": 0.0, ""port_listeners"": 0.0, ""disk_usage"": 0.0, ""kill_process"": 0.0, ""read_file"": 0.0, ""git_log"": 0.0, ""process_list"": 0.0, ""done"": 0.84, ""find_files"": 0.0, ""git_status"": 0.0, ""search_content"": 0.0, ""cannot_proceed"": 0.01, ""tail_log"": 0.15}",0.76,139,1515,282.1,jev-1.13.0
deploy the app to production,truncated,2,0,cannot_proceed,cannot_proceed,1,0.6,"{""port_listeners"": 0.0, ""find_files"": 0.04, ""search_content"": 0.01, ""list_files"": 0.04, ""git_status"": 0.24, ""process_list"": 0.0, ""read_file"": 0.0, ""kill_process"": 0.0, ""disk_usage"": 0.0, ""tail_log"": 0.0, ""git_log"": 0.03, ""cannot_proceed"": 0.64, ""done"": 0.0}",0.06,14,1258,241.2,jev-1.13.0
send a message to the team on slack,truncated,2,0,cannot_proceed,cannot_proceed,1,1.0,"{""git_status"": 0.0, ""list_files"": 0.0, ""port_listeners"": 0.0, ""read_file"": 0.0, ""find_files"": 0.0, ""disk_usage"": 0.0, ""tail_log"": 0.0, ""kill_process"": 0.0, ""git_log"": 0.0, ""done"": 0.0, ""process_list"": 0.0, ""cannot_proceed"": 1.0, ""search_content"": 0.0}",0.04,15,1261,252.1,jev-1.13.0
rename this file to something else,truncated,2,0,cannot_proceed,cannot_proceed,1,0.66,"{""tail_log"": 0.0, ""done"": 0.0, ""port_listeners"": 0.0, ""kill_process"": 0.0, ""find_files"": 0.23, ""list_files"": 0.06, ""disk_usage"": 0.0, ""process_list"": 0.0, ""search_content"": 0.0, ""git_log"": 0.0, ""git_status"": 0.01, ""cannot_proceed"": 0.69, ""read_file"": 0.01}",0.04,15,1259,279.2,jev-1.13.0
install the missing npm dependency,truncated,2,0,cannot_proceed,cannot_proceed,1,0.49,"{""git_log"": 0.0, ""find_files"": 0.11, ""read_file"": 0.03, ""git_status"": 0.01, ""done"": 0.0, ""list_files"": 0.25, ""port_listeners"": 0.0, ""cannot_proceed"": 0.53, ""disk_usage"": 0.0, ""tail_log"": 0.02, ""kill_process"": 0.0, ""search_content"": 0.05, ""process_list"": 0.0}",0.05,15,1258,256.6,jev-1.13.0
what's the most recent commit in driftmark,truncated,2,0,git_log,git_log,1,0.95,"{""done"": 0.0, ""list_files"": 0.01, ""disk_usage"": 0.0, ""tail_log"": 0.0, ""git_log"": 0.96, ""port_listeners"": 0.0, ""read_file"": 0.0, ""process_list"": 0.0, ""git_status"": 0.0, ""cannot_proceed"": 0.0, ""kill_process"": 0.0, ""search_content"": 0.0, ""find_files"": 0.03}",0.02,17,1263,216.1,jev-1.13.0
what's the most recent commit in driftmark,truncated,2,1,done,done,1,0.99,"{""port_listeners"": 0.0, ""list_files"": 0.0, ""disk_usage"": 0.0, ""process_list"": 0.0, ""tail_log"": 0.0, ""cannot_proceed"": 0.0, ""git_log"": 0.01, ""find_files"": 0.0, ""read_file"": 0.0, ""done"": 0.99, ""kill_process"": 0.0, ""search_content"": 0.0, ""git_status"": 0.0}",0.86,46,1319,383.9,jev-1.13.0
what does the go module for glow require,truncated,2,0,find_files,read_file,0,0.51,"{""git_status"": 0.0, ""process_list"": 0.0, ""read_file"": 0.2, ""port_listeners"": 0.0, ""tail_log"": 0.0, ""git_log"": 0.0, ""find_files"": 0.55, ""disk_usage"": 0.0, ""list_files"": 0.03, ""search_content"": 0.17, ""cannot_proceed"": 0.04, ""kill_process"": 0.0, ""done"": 0.0}",0.03,17,1261,265.9,jev-1.13.0
what does the go module for glow require,truncated,2,1,find_files,done,0,0.32,"{""cannot_proceed"": 0.01, ""port_listeners"": 0.0, ""disk_usage"": 0.0, ""process_list"": 0.0, ""list_files"": 0.12, ""done"": 0.01, ""search_content"": 0.19, ""tail_log"": 0.0, ""kill_process"": 0.0, ""git_status"": 0.0, ""find_files"": 0.37, ""git_log"": 0.0, ""read_file"": 0.3}",0.06,47,1305,265.3,jev-1.13.0
what does the go module for glow require,truncated,2,2,read_file,done,0,0.28,"{""kill_process"": 0.0, ""disk_usage"": 0.0, ""search_content"": 0.24, ""cannot_proceed"": 0.03, ""git_status"": 0.0, ""find_files"": 0.25, ""port_listeners"": 0.0, ""done"": 0.01, ""process_list"": 0.0, ""git_log"": 0.0, ""list_files"": 0.13, ""tail_log"": 0.0, ""read_file"": 0.34}",0.05,79,1350,232.1,jev-1.13.0
what does the go module for glow require,truncated,2,3,read_file,done,0,0.93,"{""done"": 0.05, ""disk_usage"": 0.0, ""kill_process"": 0.0, ""tail_log"": 0.0, ""search_content"": 0.01, ""process_list"": 0.0, ""read_file"": 0.93, ""list_files"": 0.0, ""git_log"": 0.0, ""git_status"": 0.0, ""cannot_proceed"": 0.0, ""port_listeners"": 0.0, ""find_files"": 0.0}",0.12,105,1395,233.0,jev-1.13.0
what does the go module for glow require,truncated,2,4,read_file,done,0,0.92,"{""git_status"": 0.0, ""port_listeners"": 0.0, ""done"": 0.05, ""git_log"": 0.0, ""kill_process"": 0.0, ""disk_usage"": 0.0, ""list_files"": 0.01, ""process_list"": 0.0, ""search_content"": 0.01, ""tail_log"": 0.0, ""find_files"": 0.0, ""read_file"": 0.93, ""cannot_proceed"": 0.0}",0.12,131,1440,247.6,jev-1.13.0
what does the go module for glow require,truncated,2,5,read_file,done,0,0.89,"{""list_files"": 0.01, ""port_listeners"": 0.0, ""kill_process"": 0.0, ""disk_usage"": 0.0, ""read_file"": 0.9, ""git_log"": 0.0, ""process_list"": 0.0, ""done"": 0.06, ""find_files"": 0.01, ""git_status"": 0.0, ""search_content"": 0.01, ""cannot_proceed"": 0.01, ""tail_log"": 0.0}",0.11,157,1485,282.4,jev-1.13.0
are there uncommitted changes in the hermes project,truncated,2,0,git_status,git_status,1,0.88,"{""list_files"": 0.0, ""process_list"": 0.0, ""cannot_proceed"": 0.0, ""kill_process"": 0.0, ""git_status"": 0.89, ""find_files"": 0.0, ""git_log"": 0.0, ""disk_usage"": 0.0, ""done"": 0.11, ""port_listeners"": 0.0, ""read_file"": 0.0, ""search_content"": 0.0, ""tail_log"": 0.0}",0.54,19,1264,310.1,jev-1.13.0
are there uncommitted changes in the hermes project,truncated,2,1,done,done,1,0.94,"{""search_content"": 0.0, ""git_status"": 0.04, ""cannot_proceed"": 0.0, ""process_list"": 0.0, ""find_files"": 0.0, ""done"": 0.94, ""list_files"": 0.01, ""tail_log"": 0.0, ""disk_usage"": 0.0, ""kill_process"": 0.0, ""git_log"": 0.0, ""read_file"": 0.01, ""port_listeners"": 0.0}",0.88,37,1294,228.2,jev-1.13.0
which skill docs were modified,truncated,2,0,git_status,git_status,1,0.9,"{""cannot_proceed"": 0.01, ""read_file"": 0.0, ""git_status"": 0.91, ""port_listeners"": 0.0, ""done"": 0.01, ""tail_log"": 0.0, ""process_list"": 0.0, ""search_content"": 0.01, ""list_files"": 0.0, ""find_files"": 0.01, ""git_log"": 0.05, ""disk_usage"": 0.0, ""kill_process"": 0.0}",0.06,14,1258,234.9,jev-1.13.0
which skill docs were modified,truncated,2,1,done,done,1,0.92,"{""search_content"": 0.0, ""git_status"": 0.0, ""kill_process"": 0.0, ""disk_usage"": 0.0, ""find_files"": 0.0, ""read_file"": 0.05, ""git_log"": 0.02, ""list_files"": 0.0, ""cannot_proceed"": 0.0, ""process_list"": 0.0, ""port_listeners"": 0.0, ""tail_log"": 0.0, ""done"": 0.93}",0.86,32,1288,312.7,jev-1.13.0
