fixture_id,strategy,repeat,step_idx,chosen,expected,correct,confidence,probabilities_json,goal_noul,state_tokens,input_tokens,latency_ms,model
kill whatever's on port 3000,truncated,0,0,port_listeners,port_listeners,1,0.99,"{""cannot_proceed"": 0.0, ""git_log"": 0.0, ""read_file"": 0.0, ""tail_log"": 0.0, ""done"": 0.0, ""kill_process"": 0.0, ""list_files"": 0.0, ""process_list"": 0.0, ""disk_usage"": 0.0, ""git_status"": 0.0, ""find_files"": 0.0, ""search_content"": 0.0, ""port_listeners"": 1.0}",0.07,14,1541,649.3,jev-1.13.0
kill whatever's on port 3000,truncated,0,1,kill_process,kill_process,1,1.0,"{""git_status"": 0.0, ""read_file"": 0.0, ""cannot_proceed"": 0.0, ""port_listeners"": 0.0, ""done"": 0.0, ""find_files"": 0.0, ""list_files"": 0.0, ""process_list"": 0.0, ""search_content"": 0.0, ""tail_log"": 0.0, ""git_log"": 0.0, ""kill_process"": 1.0, ""disk_usage"": 0.0}",0.03,59,1629,330.7,jev-1.13.0
kill whatever's on port 3000,truncated,0,2,port_listeners,done,0,0.32,"{""list_files"": 0.0, ""process_list"": 0.01, ""cannot_proceed"": 0.04, ""disk_usage"": 0.0, ""git_log"": 0.0, ""kill_process"": 0.35, ""git_status"": 0.0, ""find_files"": 0.0, ""port_listeners"": 0.38, ""done"": 0.22, ""read_file"": 0.0, ""search_content"": 0.0, ""tail_log"": 0.0}",0.42,75,1656,266.9,jev-1.13.0
kill whatever's on port 3000,truncated,0,3,kill_process,done,0,0.97,"{""port_listeners"": 0.0, ""list_files"": 0.0, ""disk_usage"": 0.0, ""tail_log"": 0.0, ""done"": 0.0, ""git_log"": 0.0, ""cannot_proceed"": 0.02, ""git_status"": 0.0, ""process_list"": 0.0, ""search_content"": 0.0, ""kill_process"": 0.98, ""read_file"": 0.0, ""find_files"": 0.0}",0.03,121,1745,243.5,jev-1.13.0
kill whatever's on port 3000,truncated,0,4,kill_process,done,0,0.87,"{""git_status"": 0.0, ""process_list"": 0.01, ""read_file"": 0.0, ""port_listeners"": 0.02, ""tail_log"": 0.0, ""done"": 0.0, ""find_files"": 0.0, ""disk_usage"": 0.0, ""kill_process"": 0.88, ""list_files"": 0.0, ""cannot_proceed"": 0.09, ""search_content"": 0.0, ""git_log"": 0.0}",0.03,137,1772,230.5,jev-1.13.0
kill whatever's on port 3000,truncated,0,5,kill_process,done,0,0.74,"{""done"": 0.0, ""list_files"": 0.0, ""disk_usage"": 0.0, ""tail_log"": 0.0, ""git_log"": 0.0, ""port_listeners"": 0.13, ""read_file"": 0.0, ""process_list"": 0.02, ""search_content"": 0.0, ""cannot_proceed"": 0.09, ""kill_process"": 0.76, ""git_status"": 0.0, ""find_files"": 0.0}",0.03,153,1799,287.1,jev-1.13.0
kill the process eating the most CPU,truncated,0,0,process_list,process_list,1,1.0,"{""port_listeners"": 0.0, ""find_files"": 0.0, ""git_log"": 0.0, ""kill_process"": 0.0, ""read_file"": 0.0, ""search_content"": 0.0, ""git_status"": 0.0, ""cannot_proceed"": 0.0, ""tail_log"": 0.0, ""process_list"": 1.0, ""done"": 0.0, ""disk_usage"": 0.0, ""list_files"": 0.0}",0.03,16,1538,252.6,jev-1.13.0
kill the process eating the most CPU,truncated,0,1,kill_process,kill_process,1,1.0,"{""cannot_proceed"": 0.0, ""list_files"": 0.0, ""find_files"": 0.0, ""tail_log"": 0.0, ""git_log"": 0.0, ""port_listeners"": 0.0, ""search_content"": 0.0, ""read_file"": 0.0, ""kill_process"": 1.0, ""done"": 0.0, ""process_list"": 0.0, ""disk_usage"": 0.0, ""git_status"": 0.0}",0.04,55,1615,303.8,jev-1.13.0
kill the process eating the most CPU,truncated,0,2,kill_process,done,0,0.52,"{""disk_usage"": 0.0, ""kill_process"": 0.55, ""cannot_proceed"": 0.04, ""search_content"": 0.0, ""git_status"": 0.0, ""find_files"": 0.0, ""port_listeners"": 0.0, ""done"": 0.34, ""process_list"": 0.06, ""git_log"": 0.0, ""list_files"": 0.0, ""tail_log"": 0.0, ""read_file"": 0.0}",0.33,70,1642,225.8,jev-1.13.0
kill the process eating the most CPU,truncated,0,3,kill_process,done,0,0.56,"{""port_listeners"": 0.0, ""list_files"": 0.0, ""process_list"": 0.28, ""search_content"": 0.0, ""read_file"": 0.0, ""git_status"": 0.0, ""kill_process"": 0.6, ""tail_log"": 0.0, ""disk_usage"": 0.0, ""find_files"": 0.0, ""git_log"": 0.0, ""cannot_proceed"": 0.02, ""done"": 0.1}",0.25,86,1669,237.3,jev-1.13.0
kill the process eating the most CPU,truncated,0,4,kill_process,done,0,0.51,"{""git_log"": 0.0, ""find_files"": 0.0, ""read_file"": 0.0, ""search_content"": 0.0, ""kill_process"": 0.55, ""list_files"": 0.0, ""port_listeners"": 0.0, ""git_status"": 0.0, ""disk_usage"": 0.0, ""tail_log"": 0.0, ""done"": 0.05, ""cannot_proceed"": 0.04, ""process_list"": 0.36}",0.21,102,1696,241.3,jev-1.13.0
kill the process eating the most CPU,truncated,0,5,kill_process,done,0,0.49,"{""find_files"": 0.0, ""list_files"": 0.0, ""port_listeners"": 0.0, ""disk_usage"": 0.0, ""tail_log"": 0.0, ""git_status"": 0.0, ""read_file"": 0.0, ""kill_process"": 0.54, ""process_list"": 0.38, ""search_content"": 0.0, ""done"": 0.04, ""git_log"": 0.0, ""cannot_proceed"": 0.04}",0.18,118,1723,250.2,jev-1.13.0
tail the log that changed most recently,truncated,0,0,find_files,find_files,1,0.95,"{""cannot_proceed"": 0.01, ""list_files"": 0.03, ""git_status"": 0.0, ""git_log"": 0.0, ""tail_log"": 0.01, ""disk_usage"": 0.0, ""kill_process"": 0.0, ""search_content"": 0.0, ""read_file"": 0.0, ""find_files"": 0.95, ""process_list"": 0.0, ""port_listeners"": 0.0, ""done"": 0.0}",0.04,16,1538,285.4,jev-1.13.0
tail the log that changed most recently,truncated,0,1,tail_log,tail_log,1,1.0,"{""done"": 0.0, ""git_log"": 0.0, ""port_listeners"": 0.0, ""git_status"": 0.0, ""list_files"": 0.0, ""kill_process"": 0.0, ""search_content"": 0.0, ""read_file"": 0.0, ""find_files"": 0.0, ""process_list"": 0.0, ""cannot_proceed"": 0.0, ""tail_log"": 1.0, ""disk_usage"": 0.0}",0.07,59,1635,260.6,jev-1.13.0
tail the log that changed most recently,truncated,0,2,done,done,1,0.99,"{""list_files"": 0.0, ""search_content"": 0.0, ""cannot_proceed"": 0.0, ""find_files"": 0.0, ""git_status"": 0.0, ""disk_usage"": 0.0, ""git_log"": 0.0, ""kill_process"": 0.0, ""port_listeners"": 0.0, ""done"": 0.99, ""read_file"": 0.0, ""process_list"": 0.0, ""tail_log"": 0.01}",0.93,90,1690,226.6,jev-1.13.0
what's using the most disk space here,truncated,0,0,disk_usage,disk_usage,1,1.0,"{""disk_usage"": 1.0, ""tail_log"": 0.0, ""port_listeners"": 0.0, ""find_files"": 0.0, ""git_status"": 0.0, ""search_content"": 0.0, ""done"": 0.0, ""cannot_proceed"": 0.0, ""kill_process"": 0.0, ""read_file"": 0.0, ""list_files"": 0.0, ""process_list"": 0.0, ""git_log"": 0.0}",0.03,16,1539,224.4,jev-1.13.0
what's using the most disk space here,truncated,0,1,done,done,1,0.78,"{""done"": 0.8, ""git_log"": 0.0, ""git_status"": 0.0, ""list_files"": 0.1, ""search_content"": 0.0, ""process_list"": 0.0, ""tail_log"": 0.0, ""read_file"": 0.0, ""port_listeners"": 0.0, ""disk_usage"": 0.08, ""cannot_proceed"": 0.0, ""kill_process"": 0.0, ""find_files"": 0.02}",0.88,40,1587,369.9,jev-1.13.0
restart the database,truncated,0,0,cannot_proceed,cannot_proceed,1,0.96,"{""git_status"": 0.0, ""process_list"": 0.03, ""read_file"": 0.0, ""port_listeners"": 0.0, ""tail_log"": 0.0, ""git_log"": 0.0, ""find_files"": 0.0, ""disk_usage"": 0.0, ""kill_process"": 0.01, ""search_content"": 0.0, ""cannot_proceed"": 0.96, ""list_files"": 0.0, ""done"": 0.0}",0.06,12,1534,211.1,jev-1.13.0
which files have uncommitted changes,truncated,0,0,git_status,git_status,1,0.52,"{""git_status"": 0.5700000000000001, ""process_list"": 0.0, ""read_file"": 0.0, ""port_listeners"": 0.0, ""tail_log"": 0.0, ""git_log"": 0.0, ""find_files"": 0.0, ""disk_usage"": 0.0, ""kill_process"": 0.0, ""done"": 0.43, ""cannot_proceed"": 0.0, ""search_content"": 0.0, ""list_files"": 0.0}",0.67,16,1538,257.3,jev-1.13.0
which files have uncommitted changes,truncated,0,1,done,done,1,0.98,"{""git_status"": 0.01, ""process_list"": 0.0, ""read_file"": 0.01, ""port_listeners"": 0.0, ""tail_log"": 0.0, ""done"": 0.98, ""find_files"": 0.0, ""disk_usage"": 0.0, ""kill_process"": 0.0, ""search_content"": 0.0, ""cannot_proceed"": 0.0, ""list_files"": 0.0, ""git_log"": 0.0}",0.94,44,1580,482.0,jev-1.13.0
show me the commit history for this repo,truncated,0,0,git_log,git_log,1,1.0,"{""git_status"": 0.0, ""disk_usage"": 0.0, ""find_files"": 0.0, ""done"": 0.0, ""tail_log"": 0.0, ""list_files"": 0.0, ""read_file"": 0.0, ""port_listeners"": 0.0, ""search_content"": 0.0, ""kill_process"": 0.0, ""cannot_proceed"": 0.0, ""git_log"": 1.0, ""process_list"": 0.0}",0.03,17,1539,277.2,jev-1.13.0
show me the commit history for this repo,truncated,0,1,done,done,1,0.99,"{""read_file"": 0.0, ""find_files"": 0.0, ""git_log"": 0.01, ""search_content"": 0.0, ""kill_process"": 0.0, ""cannot_proceed"": 0.0, ""port_listeners"": 0.0, ""list_files"": 0.0, ""disk_usage"": 0.0, ""tail_log"": 0.0, ""git_status"": 0.0, ""done"": 0.99, ""process_list"": 0.0}",0.94,64,1618,247.8,jev-1.13.0
what files are in the internal directory of the glow project,truncated,0,0,list_files,list_files,1,0.96,"{""tail_log"": 0.0, ""list_files"": 0.96, ""read_file"": 0.0, ""git_log"": 0.0, ""done"": 0.0, ""port_listeners"": 0.0, ""process_list"": 0.0, ""kill_process"": 0.0, ""git_status"": 0.0, ""find_files"": 0.03, ""disk_usage"": 0.0, ""cannot_proceed"": 0.01, ""search_content"": 0.0}",0.03,22,1542,256.1,jev-1.13.0
what files are in the internal directory of the glow project,truncated,0,1,done,done,1,0.89,"{""cannot_proceed"": 0.0, ""read_file"": 0.01, ""disk_usage"": 0.0, ""kill_process"": 0.0, ""list_files"": 0.09, ""git_log"": 0.0, ""tail_log"": 0.0, ""search_content"": 0.0, ""process_list"": 0.0, ""find_files"": 0.0, ""done"": 0.9, ""port_listeners"": 0.0, ""git_status"": 0.0}",0.75,41,1578,265.7,jev-1.13.0
show me the contents of the go module file,truncated,0,0,read_file,read_file,1,0.98,"{""git_status"": 0.0, ""list_files"": 0.01, ""port_listeners"": 0.0, ""read_file"": 0.98, ""process_list"": 0.0, ""disk_usage"": 0.0, ""tail_log"": 0.0, ""kill_process"": 0.0, ""git_log"": 0.0, ""done"": 0.0, ""find_files"": 0.01, ""cannot_proceed"": 0.0, ""search_content"": 0.0}",0.03,17,1540,275.3,jev-1.13.0
show me the contents of the go module file,truncated,0,1,read_file,done,0,0.68,"{""port_listeners"": 0.0, ""search_content"": 0.0, ""cannot_proceed"": 0.0, ""done"": 0.29, ""list_files"": 0.0, ""read_file"": 0.71, ""git_log"": 0.0, ""process_list"": 0.0, ""disk_usage"": 0.0, ""tail_log"": 0.0, ""kill_process"": 0.0, ""find_files"": 0.0, ""git_status"": 0.0}",0.13,43,1584,288.4,jev-1.13.0
show me the contents of the go module file,truncated,0,2,read_file,done,0,0.64,"{""list_files"": 0.0, ""port_listeners"": 0.0, ""disk_usage"": 0.0, ""kill_process"": 0.0, ""read_file"": 0.68, ""git_log"": 0.0, ""process_list"": 0.0, ""done"": 0.32, ""find_files"": 0.0, ""git_status"": 0.0, ""search_content"": 0.0, ""cannot_proceed"": 0.0, ""tail_log"": 0.0}",0.17,69,1629,254.4,jev-1.13.0
show me the contents of the go module file,truncated,0,3,read_file,done,0,0.67,"{""kill_process"": 0.0, ""process_list"": 0.0, ""git_log"": 0.0, ""tail_log"": 0.0, ""read_file"": 0.7, ""find_files"": 0.0, ""port_listeners"": 0.0, ""search_content"": 0.0, ""disk_usage"": 0.0, ""git_status"": 0.0, ""cannot_proceed"": 0.0, ""done"": 0.3, ""list_files"": 0.0}",0.14,95,1674,240.8,jev-1.13.0
show me the contents of the go module file,truncated,0,4,read_file,done,0,0.57,"{""kill_process"": 0.0, ""tail_log"": 0.0, ""cannot_proceed"": 0.0, ""git_log"": 0.0, ""search_content"": 0.0, ""read_file"": 0.62, ""process_list"": 0.0, ""port_listeners"": 0.0, ""list_files"": 0.0, ""disk_usage"": 0.0, ""git_status"": 0.0, ""done"": 0.38, ""find_files"": 0.0}",0.18,122,1719,257.4,jev-1.13.0
show me the contents of the go module file,truncated,0,5,read_file,done,0,0.62,"{""done"": 0.34, ""git_log"": 0.0, ""kill_process"": 0.0, ""tail_log"": 0.0, ""search_content"": 0.0, ""process_list"": 0.0, ""disk_usage"": 0.0, ""read_file"": 0.66, ""list_files"": 0.0, ""git_status"": 0.0, ""cannot_proceed"": 0.0, ""port_listeners"": 0.0, ""find_files"": 0.0}",0.14,148,1764,251.6,jev-1.13.0
is anything listening on port 9999,truncated,0,0,port_listeners,port_listeners,1,0.54,"{""git_status"": 0.0, ""git_log"": 0.0, ""done"": 0.39, ""port_listeners"": 0.59, ""list_files"": 0.0, ""kill_process"": 0.0, ""search_content"": 0.0, ""read_file"": 0.0, ""find_files"": 0.0, ""process_list"": 0.0, ""cannot_proceed"": 0.02, ""tail_log"": 0.0, ""disk_usage"": 0.0}",0.75,15,1541,253.0,jev-1.13.0
is anything listening on port 9999,truncated,0,1,done,done,1,0.65,"{""git_log"": 0.0, ""disk_usage"": 0.0, ""cannot_proceed"": 0.0, ""read_file"": 0.0, ""list_files"": 0.0, ""kill_process"": 0.0, ""tail_log"": 0.0, ""find_files"": 0.0, ""process_list"": 0.01, ""search_content"": 0.0, ""git_status"": 0.0, ""port_listeners"": 0.31, ""done"": 0.68}",0.84,31,1569,324.4,jev-1.13.0
kill whichever process is using the most memory,truncated,0,0,process_list,process_list,1,1.0,"{""port_listeners"": 0.0, ""tail_log"": 0.0, ""search_content"": 0.0, ""process_list"": 1.0, ""done"": 0.0, ""git_status"": 0.0, ""kill_process"": 0.0, ""find_files"": 0.0, ""disk_usage"": 0.0, ""list_files"": 0.0, ""git_log"": 0.0, ""cannot_proceed"": 0.0, ""read_file"": 0.0}",0.03,18,1539,245.9,jev-1.13.0
kill whichever process is using the most memory,truncated,0,1,kill_process,kill_process,1,0.99,"{""git_status"": 0.0, ""search_content"": 0.0, ""port_listeners"": 0.0, ""read_file"": 0.0, ""find_files"": 0.0, ""disk_usage"": 0.0, ""tail_log"": 0.0, ""kill_process"": 0.99, ""git_log"": 0.0, ""done"": 0.0, ""process_list"": 0.01, ""cannot_proceed"": 0.0, ""list_files"": 0.0}",0.05,92,1678,255.3,jev-1.13.0
kill whichever process is using the most memory,truncated,0,2,kill_process,done,0,0.66,"{""git_status"": 0.0, ""disk_usage"": 0.0, ""cannot_proceed"": 0.05, ""git_log"": 0.0, ""kill_process"": 0.68, ""port_listeners"": 0.0, ""list_files"": 0.0, ""process_list"": 0.03, ""search_content"": 0.0, ""tail_log"": 0.0, ""find_files"": 0.0, ""read_file"": 0.0, ""done"": 0.23}",0.29,108,1705,264.4,jev-1.13.0
kill whichever process is using the most memory,truncated,0,3,kill_process,done,0,0.6,"{""git_status"": 0.0, ""port_listeners"": 0.0, ""done"": 0.18, ""git_log"": 0.0, ""kill_process"": 0.63, ""disk_usage"": 0.0, ""list_files"": 0.0, ""process_list"": 0.15, ""search_content"": 0.0, ""tail_log"": 0.0, ""find_files"": 0.0, ""read_file"": 0.0, ""cannot_proceed"": 0.04}",0.26,124,1732,279.2,jev-1.13.0
kill whichever process is using the most memory,truncated,0,4,kill_process,done,0,0.53,"{""done"": 0.12, ""port_listeners"": 0.0, ""process_list"": 0.27, ""disk_usage"": 0.0, ""git_log"": 0.0, ""search_content"": 0.0, ""find_files"": 0.0, ""git_status"": 0.0, ""kill_process"": 0.57, ""tail_log"": 0.0, ""read_file"": 0.0, ""cannot_proceed"": 0.04, ""list_files"": 0.0}",0.24,139,1759,256.5,jev-1.13.0
kill whichever process is using the most memory,truncated,0,5,kill_process,done,0,0.54,"{""kill_process"": 0.58, ""find_files"": 0.0, ""git_log"": 0.0, ""tail_log"": 0.0, ""read_file"": 0.0, ""done"": 0.09, ""port_listeners"": 0.0, ""cannot_proceed"": 0.04, ""disk_usage"": 0.0, ""git_status"": 0.0, ""process_list"": 0.29, ""search_content"": 0.0, ""list_files"": 0.0}",0.22,155,1786,323.7,jev-1.13.0
show me the file that uses the jpeg encoder library,truncated,0,0,search_content,search_content,1,0.98,"{""kill_process"": 0.0, ""disk_usage"": 0.0, ""tail_log"": 0.0, ""list_files"": 0.0, ""done"": 0.0, ""git_status"": 0.0, ""search_content"": 0.99, ""find_files"": 0.01, ""read_file"": 0.0, ""cannot_proceed"": 0.0, ""port_listeners"": 0.0, ""git_log"": 0.0, ""process_list"": 0.0}",0.03,19,1541,250.1,jev-1.13.0
show me the file that uses the jpeg encoder library,truncated,0,1,read_file,read_file,1,0.66,"{""cannot_proceed"": 0.0, ""tail_log"": 0.0, ""git_log"": 0.0, ""list_files"": 0.0, ""find_files"": 0.0, ""port_listeners"": 0.0, ""search_content"": 0.0, ""read_file"": 0.6900000000000001, ""kill_process"": 0.0, ""disk_usage"": 0.0, ""process_list"": 0.0, ""done"": 0.31, ""git_status"": 0.0}",0.71,89,1642,212.5,jev-1.13.0
show me the file that uses the jpeg encoder library,truncated,0,2,read_file,done,0,0.59,"{""tail_log"": 0.0, ""list_files"": 0.0, ""read_file"": 0.63, ""process_list"": 0.0, ""git_log"": 0.0, ""done"": 0.37, ""port_listeners"": 0.0, ""cannot_proceed"": 0.0, ""find_files"": 0.0, ""kill_process"": 0.0, ""disk_usage"": 0.0, ""git_status"": 0.0, ""search_content"": 0.0}",0.75,133,1692,224.5,jev-1.13.0
show me the file that uses the jpeg encoder library,truncated,0,3,read_file,done,0,0.53,"{""tail_log"": 0.0, ""done"": 0.43, ""kill_process"": 0.0, ""port_listeners"": 0.0, ""find_files"": 0.0, ""list_files"": 0.0, ""disk_usage"": 0.0, ""read_file"": 0.5700000000000001, ""search_content"": 0.0, ""git_log"": 0.0, ""git_status"": 0.0, ""cannot_proceed"": 0.0, ""process_list"": 0.0}",0.72,178,1742,259.5,jev-1.13.0
show me the file that uses the jpeg encoder library,truncated,0,4,read_file,done,0,0.52,"{""git_status"": 0.0, ""git_log"": 0.0, ""port_listeners"": 0.0, ""done"": 0.43, ""list_files"": 0.0, ""kill_process"": 0.0, ""search_content"": 0.0, ""read_file"": 0.5700000000000001, ""find_files"": 0.0, ""process_list"": 0.0, ""cannot_proceed"": 0.0, ""tail_log"": 0.0, ""disk_usage"": 0.0}",0.68,222,1792,255.1,jev-1.13.0
show me the file that uses the jpeg encoder library,truncated,0,5,read_file,done,0,0.55,"{""cannot_proceed"": 0.0, ""list_files"": 0.0, ""find_files"": 0.0, ""git_log"": 0.0, ""tail_log"": 0.0, ""port_listeners"": 0.0, ""search_content"": 0.0, ""read_file"": 0.6, ""kill_process"": 0.0, ""done"": 0.4, ""process_list"": 0.0, ""disk_usage"": 0.0, ""git_status"": 0.0}",0.63,267,1842,340.3,jev-1.13.0
find recently modified go files and show the most recent one,truncated,0,0,find_files,find_files,1,0.98,"{""find_files"": 0.98, ""git_status"": 0.0, ""cannot_proceed"": 0.01, ""disk_usage"": 0.0, ""git_log"": 0.0, ""process_list"": 0.0, ""read_file"": 0.0, ""list_files"": 0.0, ""search_content"": 0.0, ""kill_process"": 0.0, ""port_listeners"": 0.0, ""tail_log"": 0.0, ""done"": 0.01}",0.05,22,1542,288.4,jev-1.13.0
find recently modified go files and show the most recent one,truncated,0,1,read_file,read_file,1,0.34,"{""git_status"": 0.05, ""process_list"": 0.0, ""read_file"": 0.4, ""port_listeners"": 0.0, ""tail_log"": 0.0, ""done"": 0.05, ""find_files"": 0.31, ""disk_usage"": 0.0, ""kill_process"": 0.0, ""git_log"": 0.02, ""cannot_proceed"": 0.08, ""list_files"": 0.09, ""search_content"": 0.0}",0.09,59,1598,244.1,jev-1.13.0
find recently modified go files and show the most recent one,truncated,0,2,read_file,done,0,0.49,"{""git_status"": 0.03, ""read_file"": 0.54, ""cannot_proceed"": 0.08, ""port_listeners"": 0.0, ""tail_log"": 0.0, ""find_files"": 0.25, ""search_content"": 0.0, ""process_list"": 0.0, ""list_files"": 0.04, ""done"": 0.03, ""git_log"": 0.03, ""kill_process"": 0.0, ""disk_usage"": 0.0}",0.1,98,1646,243.7,jev-1.13.0
find recently modified go files and show the most recent one,truncated,0,3,read_file,done,0,0.34,"{""done"": 0.07, ""disk_usage"": 0.0, ""read_file"": 0.4, ""tail_log"": 0.0, ""search_content"": 0.0, ""process_list"": 0.0, ""port_listeners"": 0.0, ""git_status"": 0.02, ""list_files"": 0.02, ""git_log"": 0.02, ""cannot_proceed"": 0.08, ""kill_process"": 0.0, ""find_files"": 0.39}",0.08,138,1694,382.9,jev-1.13.0
find recently modified go files and show the most recent one,truncated,0,4,find_files,done,0,0.36,"{""port_listeners"": 0.0, ""list_files"": 0.03, ""git_status"": 0.03, ""git_log"": 0.02, ""kill_process"": 0.0, ""disk_usage"": 0.0, ""cannot_proceed"": 0.13, ""find_files"": 0.41, ""read_file"": 0.33, ""tail_log"": 0.0, ""process_list"": 0.0, ""search_content"": 0.0, ""done"": 0.05}",0.06,177,1742,335.7,jev-1.13.0
find recently modified go files and show the most recent one,truncated,0,5,find_files,done,0,0.62,"{""port_listeners"": 0.0, ""find_files"": 0.66, ""search_content"": 0.0, ""git_status"": 0.02, ""tail_log"": 0.0, ""list_files"": 0.02, ""kill_process"": 0.0, ""process_list"": 0.0, ""disk_usage"": 0.0, ""done"": 0.03, ""cannot_proceed"": 0.07, ""git_log"": 0.01, ""read_file"": 0.19}",0.05,215,1799,268.2,jev-1.13.0
read whichever readme is in the skills project,truncated,0,0,find_files,list_files,0,0.69,"{""git_status"": 0.0, ""process_list"": 0.0, ""read_file"": 0.02, ""port_listeners"": 0.0, ""tail_log"": 0.0, ""git_log"": 0.0, ""find_files"": 0.71, ""disk_usage"": 0.0, ""kill_process"": 0.0, ""list_files"": 0.27, ""cannot_proceed"": 0.0, ""done"": 0.0, ""search_content"": 0.0}",0.04,18,1540,273.7,jev-1.13.0
read whichever readme is in the skills project,truncated,0,1,find_files,read_file,0,0.41,"{""search_content"": 0.01, ""git_status"": 0.0, ""cannot_proceed"": 0.0, ""process_list"": 0.0, ""list_files"": 0.39, ""done"": 0.0, ""find_files"": 0.47000000000000003, ""tail_log"": 0.0, ""git_log"": 0.0, ""kill_process"": 0.0, ""read_file"": 0.13, ""port_listeners"": 0.0, ""disk_usage"": 0.0}",0.05,49,1584,266.2,jev-1.13.0
read whichever readme is in the skills project,truncated,0,2,find_files,done,0,0.45,"{""list_files"": 0.36, ""search_content"": 0.02, ""cannot_proceed"": 0.0, ""find_files"": 0.5, ""git_log"": 0.0, ""disk_usage"": 0.0, ""kill_process"": 0.0, ""git_status"": 0.0, ""port_listeners"": 0.0, ""done"": 0.0, ""read_file"": 0.12, ""process_list"": 0.0, ""tail_log"": 0.0}",0.04,80,1629,270.1,jev-1.13.0
read whichever readme is in the skills project,truncated,0,3,find_files,done,0,0.4,"{""cannot_proceed"": 0.01, ""read_file"": 0.13, ""git_status"": 0.0, ""port_listeners"": 0.0, ""done"": 0.0, ""tail_log"": 0.0, ""process_list"": 0.0, ""search_content"": 0.03, ""list_files"": 0.37, ""find_files"": 0.46, ""git_log"": 0.0, ""disk_usage"": 0.0, ""kill_process"": 0.0}",0.04,111,1674,244.8,jev-1.13.0
read whichever readme is in the skills project,truncated,0,4,find_files,done,0,0.37,"{""port_listeners"": 0.0, ""cannot_proceed"": 0.01, ""list_files"": 0.36, ""read_file"": 0.17, ""kill_process"": 0.0, ""search_content"": 0.03, ""git_status"": 0.0, ""disk_usage"": 0.0, ""tail_log"": 0.0, ""process_list"": 0.0, ""done"": 0.0, ""find_files"": 0.43, ""git_log"": 0.0}",0.03,143,1719,275.0,jev-1.13.0
read whichever readme is in the skills project,truncated,0,5,find_files,done,0,0.41,"{""port_listeners"": 0.0, ""search_content"": 0.03, ""read_file"": 0.15, ""done"": 0.0, ""list_files"": 0.35000000000000003, ""process_list"": 0.0, ""git_log"": 0.0, ""cannot_proceed"": 0.01, ""disk_usage"": 0.0, ""tail_log"": 0.0, ""kill_process"": 0.0, ""git_status"": 0.0, ""find_files"": 0.46}",0.02,174,1764,233.0,jev-1.13.0
tail whichever npm log has the most content in it,truncated,0,0,find_files,find_files,1,0.67,"{""tail_log"": 0.02, ""disk_usage"": 0.03, ""search_content"": 0.01, ""find_files"": 0.7, ""git_status"": 0.0, ""cannot_proceed"": 0.04, ""done"": 0.0, ""port_listeners"": 0.0, ""kill_process"": 0.0, ""read_file"": 0.0, ""list_files"": 0.2, ""process_list"": 0.0, ""git_log"": 0.0}",0.03,19,1541,261.9,jev-1.13.0
tail whichever npm log has the most content in it,truncated,0,1,tail_log,tail_log,1,0.99,"{""tail_log"": 1.0, ""list_files"": 0.0, ""read_file"": 0.0, ""git_log"": 0.0, ""process_list"": 0.0, ""port_listeners"": 0.0, ""done"": 0.0, ""find_files"": 0.0, ""cannot_proceed"": 0.0, ""kill_process"": 0.0, ""disk_usage"": 0.0, ""git_status"": 0.0, ""search_content"": 0.0}",0.09,87,1736,239.5,jev-1.13.0
tail whichever npm log has the most content in it,truncated,0,2,tail_log,done,0,0.53,"{""git_status"": 0.0, ""read_file"": 0.0, ""cannot_proceed"": 0.01, ""port_listeners"": 0.0, ""done"": 0.42, ""find_files"": 0.0, ""list_files"": 0.0, ""process_list"": 0.0, ""tail_log"": 0.57, ""search_content"": 0.0, ""git_log"": 0.0, ""kill_process"": 0.0, ""disk_usage"": 0.0}",0.63,129,1803,286.5,jev-1.13.0
tail whichever npm log has the most content in it,truncated,0,3,tail_log,done,0,0.7,"{""find_files"": 0.0, ""git_status"": 0.0, ""git_log"": 0.0, ""process_list"": 0.0, ""read_file"": 0.0, ""disk_usage"": 0.0, ""cannot_proceed"": 0.01, ""list_files"": 0.0, ""kill_process"": 0.0, ""search_content"": 0.0, ""tail_log"": 0.73, ""port_listeners"": 0.0, ""done"": 0.26}",0.35,172,1870,254.8,jev-1.13.0
tail whichever npm log has the most content in it,truncated,0,4,tail_log,done,0,0.8,"{""list_files"": 0.0, ""port_listeners"": 0.0, ""kill_process"": 0.0, ""disk_usage"": 0.0, ""read_file"": 0.01, ""git_log"": 0.0, ""process_list"": 0.0, ""done"": 0.14, ""find_files"": 0.0, ""git_status"": 0.0, ""search_content"": 0.0, ""cannot_proceed"": 0.03, ""tail_log"": 0.81}",0.19,215,1937,270.4,jev-1.13.0
tail whichever npm log has the most content in it,truncated,0,5,tail_log,done,0,0.74,"{""git_status"": 0.0, ""process_list"": 0.0, ""read_file"": 0.01, ""port_listeners"": 0.0, ""tail_log"": 0.77, ""git_log"": 0.0, ""find_files"": 0.0, ""disk_usage"": 0.0, ""list_files"": 0.0, ""search_content"": 0.0, ""cannot_proceed"": 0.04, ""kill_process"": 0.0, ""done"": 0.18}",0.22,258,2004,297.0,jev-1.13.0
show the most recently changed file in the skills repo,truncated,0,0,find_files,find_files,1,0.61,"{""find_files"": 0.65, ""list_files"": 0.05, ""port_listeners"": 0.0, ""disk_usage"": 0.0, ""tail_log"": 0.0, ""cannot_proceed"": 0.01, ""read_file"": 0.0, ""kill_process"": 0.0, ""process_list"": 0.0, ""search_content"": 0.0, ""done"": 0.0, ""git_log"": 0.14, ""git_status"": 0.15}",0.03,20,1541,242.0,jev-1.13.0
show the most recently changed file in the skills repo,truncated,0,1,find_files,read_file,0,0.27,"{""tail_log"": 0.0, ""done"": 0.22, ""kill_process"": 0.0, ""process_list"": 0.0, ""find_files"": 0.32, ""list_files"": 0.09, ""disk_usage"": 0.0, ""read_file"": 0.04, ""search_content"": 0.0, ""git_log"": 0.16, ""git_status"": 0.15, ""cannot_proceed"": 0.02, ""port_listeners"": 0.0}",0.17,36,1569,256.4,jev-1.13.0
show the most recently changed file in the skills repo,truncated,0,2,find_files,done,0,0.43,"{""find_files"": 0.49, ""git_status"": 0.15, ""process_list"": 0.0, ""git_log"": 0.2, ""disk_usage"": 0.0, ""kill_process"": 0.0, ""search_content"": 0.0, ""list_files"": 0.05, ""cannot_proceed"": 0.02, ""read_file"": 0.03, ""done"": 0.06, ""port_listeners"": 0.0, ""tail_log"": 0.0}",0.09,53,1598,274.6,jev-1.13.0
show the most recently changed file in the skills repo,truncated,0,3,find_files,done,0,0.43,"{""port_listeners"": 0.0, ""find_files"": 0.48, ""done"": 0.05, ""process_list"": 0.0, ""list_files"": 0.08, ""read_file"": 0.04, ""kill_process"": 0.0, ""git_status"": 0.12, ""cannot_proceed"": 0.04, ""disk_usage"": 0.0, ""search_content"": 0.0, ""tail_log"": 0.0, ""git_log"": 0.19}",0.07,70,1627,222.7,jev-1.13.0
show the most recently changed file in the skills repo,truncated,0,4,find_files,done,0,0.47,"{""port_listeners"": 0.0, ""cannot_proceed"": 0.03, ""git_log"": 0.17, ""read_file"": 0.05, ""kill_process"": 0.0, ""search_content"": 0.0, ""git_status"": 0.1, ""disk_usage"": 0.0, ""tail_log"": 0.0, ""process_list"": 0.0, ""done"": 0.07, ""find_files"": 0.52, ""list_files"": 0.06}",0.06,87,1656,292.1,jev-1.13.0
show the most recently changed file in the skills repo,truncated,0,5,find_files,done,0,0.42,"{""done"": 0.07, ""git_log"": 0.2, ""port_listeners"": 0.0, ""git_status"": 0.14, ""list_files"": 0.05, ""kill_process"": 0.0, ""cannot_proceed"": 0.04, ""read_file"": 0.03, ""find_files"": 0.47, ""process_list"": 0.0, ""search_content"": 0.0, ""tail_log"": 0.0, ""disk_usage"": 0.0}",0.07,103,1685,304.7,jev-1.13.0
tail whichever npm log is newest,truncated,0,0,find_files,find_files,1,0.95,"{""cannot_proceed"": 0.01, ""port_listeners"": 0.0, ""disk_usage"": 0.0, ""done"": 0.0, ""list_files"": 0.03, ""process_list"": 0.0, ""git_status"": 0.0, ""tail_log"": 0.01, ""kill_process"": 0.0, ""search_content"": 0.0, ""find_files"": 0.95, ""git_log"": 0.0, ""read_file"": 0.0}",0.04,15,1537,274.6,jev-1.13.0
tail whichever npm log is newest,truncated,0,1,tail_log,tail_log,1,0.97,"{""process_list"": 0.0, ""cannot_proceed"": 0.0, ""git_status"": 0.0, ""list_files"": 0.0, ""search_content"": 0.0, ""done"": 0.0, ""port_listeners"": 0.0, ""git_log"": 0.0, ""read_file"": 0.0, ""kill_process"": 0.0, ""disk_usage"": 0.0, ""tail_log"": 0.98, ""find_files"": 0.02}",0.07,74,1704,246.9,jev-1.13.0
tail whichever npm log is newest,truncated,0,2,done,done,1,0.8,"{""port_listeners"": 0.0, ""list_files"": 0.0, ""disk_usage"": 0.0, ""tail_log"": 0.15, ""done"": 0.81, ""find_files"": 0.01, ""read_file"": 0.0, ""process_list"": 0.0, ""cannot_proceed"": 0.02, ""search_content"": 0.0, ""kill_process"": 0.0, ""git_status"": 0.0, ""git_log"": 0.0}",0.78,139,1793,213.1,jev-1.13.0
deploy the app to production,truncated,0,0,cannot_proceed,cannot_proceed,1,0.88,"{""git_status"": 0.06999999999999999, ""done"": 0.0, ""read_file"": 0.0, ""git_log"": 0.01, ""kill_process"": 0.0, ""disk_usage"": 0.0, ""list_files"": 0.01, ""process_list"": 0.0, ""search_content"": 0.0, ""tail_log"": 0.0, ""find_files"": 0.01, ""port_listeners"": 0.0, ""cannot_proceed"": 0.9}",0.05,14,1536,250.1,jev-1.13.0
send a message to the team on slack,truncated,0,0,cannot_proceed,cannot_proceed,1,1.0,"{""tail_log"": 0.0, ""done"": 0.0, ""read_file"": 0.0, ""kill_process"": 0.0, ""find_files"": 0.0, ""list_files"": 0.0, ""disk_usage"": 0.0, ""port_listeners"": 0.0, ""search_content"": 0.0, ""git_log"": 0.0, ""git_status"": 0.0, ""cannot_proceed"": 1.0, ""process_list"": 0.0}",0.04,15,1539,267.3,jev-1.13.0
rename this file to something else,truncated,0,0,cannot_proceed,cannot_proceed,1,0.89,"{""git_status"": 0.01, ""disk_usage"": 0.0, ""find_files"": 0.07, ""done"": 0.0, ""tail_log"": 0.0, ""list_files"": 0.02, ""read_file"": 0.0, ""port_listeners"": 0.0, ""search_content"": 0.0, ""kill_process"": 0.0, ""cannot_proceed"": 0.9, ""git_log"": 0.0, ""process_list"": 0.0}",0.04,15,1537,256.2,jev-1.13.0
install the missing npm dependency,truncated,0,0,cannot_proceed,cannot_proceed,1,0.56,"{""find_files"": 0.04, ""git_log"": 0.0, ""port_listeners"": 0.0, ""tail_log"": 0.01, ""list_files"": 0.17, ""cannot_proceed"": 0.6, ""read_file"": 0.13, ""kill_process"": 0.0, ""process_list"": 0.0, ""search_content"": 0.04, ""done"": 0.0, ""git_status"": 0.01, ""disk_usage"": 0.0}",0.05,15,1536,266.8,jev-1.13.0
what's the most recent commit in driftmark,truncated,0,0,git_log,git_log,1,0.98,"{""port_listeners"": 0.0, ""search_content"": 0.0, ""process_list"": 0.0, ""done"": 0.0, ""list_files"": 0.01, ""cannot_proceed"": 0.0, ""git_log"": 0.98, ""read_file"": 0.0, ""kill_process"": 0.0, ""tail_log"": 0.0, ""disk_usage"": 0.0, ""find_files"": 0.01, ""git_status"": 0.0}",0.03,17,1541,243.0,jev-1.13.0
what's the most recent commit in driftmark,truncated,0,1,done,done,1,0.99,"{""find_files"": 0.0, ""list_files"": 0.0, ""port_listeners"": 0.0, ""tail_log"": 0.0, ""git_log"": 0.01, ""git_status"": 0.0, ""read_file"": 0.0, ""kill_process"": 0.0, ""process_list"": 0.0, ""search_content"": 0.0, ""done"": 0.99, ""disk_usage"": 0.0, ""cannot_proceed"": 0.0}",0.9,46,1597,279.4,jev-1.13.0
what does the go module for glow require,truncated,0,0,read_file,read_file,1,0.97,"{""git_status"": 0.0, ""read_file"": 0.98, ""cannot_proceed"": 0.0, ""port_listeners"": 0.0, ""tail_log"": 0.0, ""find_files"": 0.01, ""list_files"": 0.0, ""search_content"": 0.01, ""done"": 0.0, ""process_list"": 0.0, ""git_log"": 0.0, ""kill_process"": 0.0, ""disk_usage"": 0.0}",0.03,17,1539,275.6,jev-1.13.0
what does the go module for glow require,truncated,0,1,read_file,done,0,0.89,"{""tail_log"": 0.0, ""port_listeners"": 0.0, ""disk_usage"": 0.0, ""kill_process"": 0.0, ""read_file"": 0.91, ""git_log"": 0.0, ""process_list"": 0.0, ""done"": 0.09, ""find_files"": 0.0, ""git_status"": 0.0, ""search_content"": 0.0, ""cannot_proceed"": 0.0, ""list_files"": 0.0}",0.08,42,1583,279.8,jev-1.13.0
what does the go module for glow require,truncated,0,2,read_file,done,0,0.95,"{""process_list"": 0.0, ""port_listeners"": 0.0, ""disk_usage"": 0.0, ""done"": 0.04, ""list_files"": 0.0, ""cannot_proceed"": 0.0, ""search_content"": 0.0, ""tail_log"": 0.0, ""kill_process"": 0.0, ""git_status"": 0.0, ""find_files"": 0.0, ""git_log"": 0.0, ""read_file"": 0.96}",0.07,69,1628,216.4,jev-1.13.0
what does the go module for glow require,truncated,0,3,read_file,done,0,0.96,"{""find_files"": 0.0, ""git_log"": 0.0, ""port_listeners"": 0.0, ""tail_log"": 0.0, ""list_files"": 0.0, ""cannot_proceed"": 0.01, ""read_file"": 0.96, ""kill_process"": 0.0, ""process_list"": 0.0, ""search_content"": 0.0, ""done"": 0.03, ""git_status"": 0.0, ""disk_usage"": 0.0}",0.05,95,1673,300.2,jev-1.13.0
what does the go module for glow require,truncated,0,4,read_file,done,0,0.96,"{""kill_process"": 0.0, ""read_file"": 0.97, ""cannot_proceed"": 0.01, ""port_listeners"": 0.0, ""tail_log"": 0.0, ""find_files"": 0.0, ""list_files"": 0.0, ""process_list"": 0.0, ""done"": 0.02, ""search_content"": 0.0, ""git_log"": 0.0, ""git_status"": 0.0, ""disk_usage"": 0.0}",0.05,121,1718,285.5,jev-1.13.0
what does the go module for glow require,truncated,0,5,read_file,done,0,0.94,"{""done"": 0.04, ""git_log"": 0.0, ""read_file"": 0.95, ""cannot_proceed"": 0.01, ""tail_log"": 0.0, ""kill_process"": 0.0, ""disk_usage"": 0.0, ""process_list"": 0.0, ""list_files"": 0.0, ""search_content"": 0.0, ""find_files"": 0.0, ""git_status"": 0.0, ""port_listeners"": 0.0}",0.05,147,1763,304.2,jev-1.13.0
are there uncommitted changes in the hermes project,truncated,0,0,git_status,git_status,1,0.89,"{""cannot_proceed"": 0.0, ""list_files"": 0.0, ""git_log"": 0.0, ""find_files"": 0.0, ""tail_log"": 0.0, ""port_listeners"": 0.0, ""search_content"": 0.0, ""read_file"": 0.0, ""kill_process"": 0.0, ""disk_usage"": 0.0, ""process_list"": 0.0, ""done"": 0.1, ""git_status"": 0.9}",0.43,19,1542,277.4,jev-1.13.0
are there uncommitted changes in the hermes project,truncated,0,1,done,done,1,0.92,"{""find_files"": 0.0, ""git_status"": 0.06, ""process_list"": 0.0, ""git_log"": 0.0, ""disk_usage"": 0.0, ""kill_process"": 0.0, ""search_content"": 0.0, ""list_files"": 0.01, ""read_file"": 0.0, ""done"": 0.93, ""cannot_proceed"": 0.0, ""port_listeners"": 0.0, ""tail_log"": 0.0}",0.88,37,1572,219.8,jev-1.13.0
which skill docs were modified,truncated,0,0,git_status,git_status,1,0.85,"{""cannot_proceed"": 0.01, ""tail_log"": 0.0, ""find_files"": 0.09, ""list_files"": 0.0, ""git_log"": 0.02, ""port_listeners"": 0.0, ""search_content"": 0.0, ""read_file"": 0.0, ""kill_process"": 0.0, ""done"": 0.01, ""process_list"": 0.0, ""disk_usage"": 0.0, ""git_status"": 0.87}",0.06,14,1536,298.4,jev-1.13.0
which skill docs were modified,truncated,0,1,done,done,1,0.93,"{""tail_log"": 0.0, ""disk_usage"": 0.0, ""cannot_proceed"": 0.0, ""find_files"": 0.0, ""git_status"": 0.01, ""port_listeners"": 0.0, ""done"": 0.93, ""search_content"": 0.0, ""list_files"": 0.0, ""read_file"": 0.04, ""kill_process"": 0.0, ""process_list"": 0.0, ""git_log"": 0.02}",0.85,32,1566,361.9,jev-1.13.0
kill whatever's on port 3000,truncated,1,0,port_listeners,port_listeners,1,0.99,"{""find_files"": 0.0, ""git_status"": 0.0, ""process_list"": 0.0, ""git_log"": 0.0, ""disk_usage"": 0.0, ""done"": 0.0, ""cannot_proceed"": 0.0, ""list_files"": 0.0, ""search_content"": 0.0, ""read_file"": 0.0, ""kill_process"": 0.0, ""port_listeners"": 1.0, ""tail_log"": 0.0}",0.07,14,1541,213.0,jev-1.13.0
kill whatever's on port 3000,truncated,1,1,kill_process,kill_process,1,1.0,"{""find_files"": 0.0, ""list_files"": 0.0, ""port_listeners"": 0.0, ""tail_log"": 0.0, ""git_log"": 0.0, ""cannot_proceed"": 0.0, ""read_file"": 0.0, ""kill_process"": 1.0, ""process_list"": 0.0, ""search_content"": 0.0, ""done"": 0.0, ""disk_usage"": 0.0, ""git_status"": 0.0}",0.03,59,1629,281.1,jev-1.13.0
kill whatever's on port 3000,truncated,1,2,kill_process,done,0,0.42,"{""done"": 0.2, ""list_files"": 0.0, ""disk_usage"": 0.0, ""tail_log"": 0.0, ""port_listeners"": 0.26, ""find_files"": 0.0, ""cannot_proceed"": 0.05, ""search_content"": 0.0, ""process_list"": 0.01, ""git_status"": 0.0, ""kill_process"": 0.48, ""read_file"": 0.0, ""git_log"": 0.0}",0.36,75,1656,219.5,jev-1.13.0
kill whatever's on port 3000,truncated,1,3,kill_process,done,0,0.55,"{""cannot_proceed"": 0.02, ""git_status"": 0.0, ""git_log"": 0.0, ""process_list"": 0.01, ""kill_process"": 0.59, ""read_file"": 0.0, ""search_content"": 0.0, ""list_files"": 0.0, ""find_files"": 0.0, ""disk_usage"": 0.0, ""port_listeners"": 0.34, ""tail_log"": 0.0, ""done"": 0.04}",0.24,91,1683,241.5,jev-1.13.0
kill whatever's on port 3000,truncated,1,4,kill_process,done,0,0.5,"{""cannot_proceed"": 0.03, ""read_file"": 0.0, ""git_log"": 0.0, ""kill_process"": 0.54, ""list_files"": 0.0, ""disk_usage"": 0.0, ""tail_log"": 0.0, ""find_files"": 0.0, ""process_list"": 0.02, ""search_content"": 0.0, ""done"": 0.03, ""port_listeners"": 0.38, ""git_status"": 0.0}",0.23,107,1710,289.7,jev-1.13.0
kill whatever's on port 3000,truncated,1,5,kill_process,done,0,0.49,"{""git_status"": 0.0, ""process_list"": 0.01, ""read_file"": 0.0, ""port_listeners"": 0.4, ""tail_log"": 0.0, ""done"": 0.02, ""find_files"": 0.0, ""disk_usage"": 0.0, ""list_files"": 0.0, ""kill_process"": 0.53, ""cannot_proceed"": 0.03, ""git_log"": 0.0, ""search_content"": 0.0}",0.21,122,1737,234.7,jev-1.13.0
kill the process eating the most CPU,truncated,1,0,process_list,process_list,1,1.0,"{""done"": 0.0, ""disk_usage"": 0.0, ""kill_process"": 0.0, ""list_files"": 0.0, ""search_content"": 0.0, ""process_list"": 1.0, ""port_listeners"": 0.0, ""git_status"": 0.0, ""git_log"": 0.0, ""tail_log"": 0.0, ""cannot_proceed"": 0.0, ""read_file"": 0.0, ""find_files"": 0.0}",0.03,16,1538,248.3,jev-1.13.0
kill the process eating the most CPU,truncated,1,1,kill_process,kill_process,1,1.0,"{""port_listeners"": 0.0, ""list_files"": 0.0, ""disk_usage"": 0.0, ""tail_log"": 0.0, ""done"": 0.0, ""git_log"": 0.0, ""read_file"": 0.0, ""git_status"": 0.0, ""cannot_proceed"": 0.0, ""process_list"": 0.0, ""kill_process"": 1.0, ""search_content"": 0.0, ""find_files"": 0.0}",0.04,55,1615,239.3,jev-1.13.0
kill the process eating the most CPU,truncated,1,2,kill_process,done,0,0.52,"{""port_listeners"": 0.0, ""git_log"": 0.0, ""process_list"": 0.06, ""kill_process"": 0.5700000000000001, ""read_file"": 0.0, ""search_content"": 0.0, ""git_status"": 0.0, ""disk_usage"": 0.0, ""tail_log"": 0.0, ""cannot_proceed"": 0.06, ""done"": 0.31, ""find_files"": 0.0, ""list_files"": 0.0}",0.32,70,1642,263.5,jev-1.13.0
kill the process eating the most CPU,truncated,1,3,kill_process,done,0,0.72,"{""disk_usage"": 0.0, ""kill_process"": 0.74, ""cannot_proceed"": 0.03, ""search_content"": 0.0, ""git_status"": 0.0, ""find_files"": 0.0, ""port_listeners"": 0.0, ""done"": 0.06, ""process_list"": 0.17, ""tail_log"": 0.0, ""list_files"": 0.0, ""git_log"": 0.0, ""read_file"": 0.0}",0.23,86,1669,241.3,jev-1.13.0
kill the process eating the most CPU,truncated,1,4,kill_process,done,0,0.61,"{""find_files"": 0.0, ""git_status"": 0.0, ""process_list"": 0.27, ""git_log"": 0.0, ""read_file"": 0.0, ""kill_process"": 0.64, ""search_content"": 0.0, ""list_files"": 0.0, ""cannot_proceed"": 0.03, ""disk_usage"": 0.0, ""done"": 0.06, ""port_listeners"": 0.0, ""tail_log"": 0.0}",0.21,102,1696,255.0,jev-1.13.0
kill the process eating the most CPU,truncated,1,5,kill_process,done,0,0.45,"{""tail_log"": 0.0, ""port_listeners"": 0.0, ""process_list"": 0.42, ""read_file"": 0.0, ""git_log"": 0.0, ""search_content"": 0.0, ""find_files"": 0.0, ""git_status"": 0.0, ""kill_process"": 0.49, ""done"": 0.05, ""disk_usage"": 0.0, ""cannot_proceed"": 0.04, ""list_files"": 0.0}",0.19,118,1723,292.2,jev-1.13.0
tail the log that changed most recently,truncated,1,0,find_files,find_files,1,0.95,"{""cannot_proceed"": 0.0, ""done"": 0.0, ""disk_usage"": 0.0, ""process_list"": 0.0, ""list_files"": 0.03, ""port_listeners"": 0.0, ""git_status"": 0.0, ""tail_log"": 0.01, ""kill_process"": 0.0, ""search_content"": 0.0, ""find_files"": 0.96, ""git_log"": 0.0, ""read_file"": 0.0}",0.04,16,1538,275.2,jev-1.13.0
tail the log that changed most recently,truncated,1,1,tail_log,tail_log,1,1.0,"{""git_status"": 0.0, ""search_content"": 0.0, ""port_listeners"": 0.0, ""read_file"": 0.0, ""find_files"": 0.0, ""disk_usage"": 0.0, ""tail_log"": 1.0, ""kill_process"": 0.0, ""git_log"": 0.0, ""done"": 0.0, ""process_list"": 0.0, ""cannot_proceed"": 0.0, ""list_files"": 0.0}",0.08,59,1635,217.2,jev-1.13.0
tail the log that changed most recently,truncated,1,2,done,done,1,0.99,"{""done"": 0.99, ""disk_usage"": 0.0, ""read_file"": 0.0, ""list_files"": 0.0, ""search_content"": 0.0, ""process_list"": 0.0, ""port_listeners"": 0.0, ""kill_process"": 0.0, ""git_status"": 0.0, ""git_log"": 0.0, ""cannot_proceed"": 0.0, ""tail_log"": 0.01, ""find_files"": 0.0}",0.93,90,1690,273.8,jev-1.13.0
what's using the most disk space here,truncated,1,0,disk_usage,disk_usage,1,1.0,"{""read_file"": 0.0, ""git_log"": 0.0, ""git_status"": 0.0, ""find_files"": 0.0, ""search_content"": 0.0, ""tail_log"": 0.0, ""kill_process"": 0.0, ""disk_usage"": 1.0, ""process_list"": 0.0, ""done"": 0.0, ""cannot_proceed"": 0.0, ""list_files"": 0.0, ""port_listeners"": 0.0}",0.03,16,1539,380.3,jev-1.13.0
what's using the most disk space here,truncated,1,1,done,done,1,0.81,"{""git_status"": 0.0, ""port_listeners"": 0.0, ""cannot_proceed"": 0.0, ""git_log"": 0.0, ""kill_process"": 0.0, ""done"": 0.82, ""list_files"": 0.09, ""process_list"": 0.0, ""search_content"": 0.0, ""tail_log"": 0.0, ""find_files"": 0.02, ""read_file"": 0.0, ""disk_usage"": 0.07}",0.88,40,1587,225.9,jev-1.13.0
restart the database,truncated,1,0,cannot_proceed,cannot_proceed,1,0.95,"{""git_status"": 0.0, ""process_list"": 0.03, ""read_file"": 0.0, ""port_listeners"": 0.0, ""tail_log"": 0.0, ""git_log"": 0.0, ""find_files"": 0.0, ""disk_usage"": 0.0, ""kill_process"": 0.01, ""list_files"": 0.0, ""cannot_proceed"": 0.96, ""done"": 0.0, ""search_content"": 0.0}",0.06,12,1534,257.5,jev-1.13.0
which files have uncommitted changes,truncated,1,0,git_status,git_status,1,0.59,"{""cannot_proceed"": 0.0, ""read_file"": 0.0, ""git_status"": 0.63, ""port_listeners"": 0.0, ""done"": 0.37, ""process_list"": 0.0, ""tail_log"": 0.0, ""search_content"": 0.0, ""list_files"": 0.0, ""git_log"": 0.0, ""find_files"": 0.0, ""disk_usage"": 0.0, ""kill_process"": 0.0}",0.63,16,1538,217.4,jev-1.13.0
which files have uncommitted changes,truncated,1,1,done,done,1,0.99,"{""git_status"": 0.01, ""cannot_proceed"": 0.0, ""done"": 0.98, ""git_log"": 0.0, ""kill_process"": 0.0, ""port_listeners"": 0.0, ""list_files"": 0.0, ""process_list"": 0.0, ""search_content"": 0.0, ""tail_log"": 0.0, ""find_files"": 0.0, ""read_file"": 0.01, ""disk_usage"": 0.0}",0.94,44,1580,328.8,jev-1.13.0
show me the commit history for this repo,truncated,1,0,git_log,git_log,1,1.0,"{""git_status"": 0.0, ""list_files"": 0.0, ""port_listeners"": 0.0, ""read_file"": 0.0, ""find_files"": 0.0, ""disk_usage"": 0.0, ""tail_log"": 0.0, ""kill_process"": 0.0, ""git_log"": 1.0, ""done"": 0.0, ""process_list"": 0.0, ""cannot_proceed"": 0.0, ""search_content"": 0.0}",0.03,17,1539,230.8,jev-1.13.0
show me the commit history for this repo,truncated,1,1,done,done,1,0.99,"{""git_log"": 0.0, ""find_files"": 0.0, ""done"": 1.0, ""read_file"": 0.0, ""list_files"": 0.0, ""kill_process"": 0.0, ""process_list"": 0.0, ""git_status"": 0.0, ""cannot_proceed"": 0.0, ""disk_usage"": 0.0, ""search_content"": 0.0, ""tail_log"": 0.0, ""port_listeners"": 0.0}",0.95,64,1618,267.6,jev-1.13.0
what files are in the internal directory of the glow project,truncated,1,0,list_files,list_files,1,0.96,"{""git_log"": 0.0, ""tail_log"": 0.0, ""disk_usage"": 0.0, ""git_status"": 0.0, ""process_list"": 0.0, ""port_listeners"": 0.0, ""list_files"": 0.97, ""search_content"": 0.0, ""cannot_proceed"": 0.0, ""find_files"": 0.03, ""read_file"": 0.0, ""kill_process"": 0.0, ""done"": 0.0}",0.03,22,1542,387.0,jev-1.13.0
what files are in the internal directory of the glow project,truncated,1,1,done,done,1,0.88,"{""port_listeners"": 0.0, ""list_files"": 0.1, ""disk_usage"": 0.0, ""tail_log"": 0.0, ""git_log"": 0.0, ""done"": 0.9, ""read_file"": 0.0, ""git_status"": 0.0, ""cannot_proceed"": 0.0, ""process_list"": 0.0, ""kill_process"": 0.0, ""search_content"": 0.0, ""find_files"": 0.0}",0.76,41,1578,307.3,jev-1.13.0
show me the contents of the go module file,truncated,1,0,read_file,read_file,1,0.98,"{""port_listeners"": 0.0, ""list_files"": 0.01, ""find_files"": 0.01, ""process_list"": 0.0, ""tail_log"": 0.0, ""disk_usage"": 0.0, ""git_log"": 0.0, ""cannot_proceed"": 0.0, ""read_file"": 0.98, ""done"": 0.0, ""kill_process"": 0.0, ""search_content"": 0.0, ""git_status"": 0.0}",0.02,17,1540,273.2,jev-1.13.0
show me the contents of the go module file,truncated,1,1,read_file,done,0,0.67,"{""port_listeners"": 0.0, ""list_files"": 0.0, ""disk_usage"": 0.0, ""tail_log"": 0.0, ""done"": 0.3, ""git_log"": 0.0, ""cannot_proceed"": 0.0, ""git_status"": 0.0, ""process_list"": 0.0, ""search_content"": 0.0, ""kill_process"": 0.0, ""read_file"": 0.7, ""find_files"": 0.0}",0.12,43,1584,276.8,jev-1.13.0
show me the contents of the go module file,truncated,1,2,read_file,done,0,0.62,"{""disk_usage"": 0.0, ""kill_process"": 0.0, ""search_content"": 0.0, ""cannot_proceed"": 0.0, ""git_status"": 0.0, ""find_files"": 0.0, ""port_listeners"": 0.0, ""done"": 0.34, ""process_list"": 0.0, ""tail_log"": 0.0, ""list_files"": 0.0, ""git_log"": 0.0, ""read_file"": 0.66}",0.15,69,1629,255.4,jev-1.13.0
show me the contents of the go module file,truncated,1,3,read_file,done,0,0.59,"{""port_listeners"": 0.0, ""git_log"": 0.0, ""cannot_proceed"": 0.0, ""kill_process"": 0.0, ""read_file"": 0.63, ""search_content"": 0.0, ""git_status"": 0.0, ""find_files"": 0.0, ""tail_log"": 0.0, ""disk_usage"": 0.0, ""done"": 0.37, ""process_list"": 0.0, ""list_files"": 0.0}",0.15,95,1674,237.6,jev-1.13.0
show me the contents of the go module file,truncated,1,4,read_file,done,0,0.72,"{""cannot_proceed"": 0.0, ""read_file"": 0.75, ""done"": 0.25, ""port_listeners"": 0.0, ""kill_process"": 0.0, ""process_list"": 0.0, ""tail_log"": 0.0, ""search_content"": 0.0, ""list_files"": 0.0, ""git_log"": 0.0, ""find_files"": 0.0, ""disk_usage"": 0.0, ""git_status"": 0.0}",0.14,122,1719,233.1,jev-1.13.0
show me the contents of the go module file,truncated,1,5,read_file,done,0,0.66,"{""cannot_proceed"": 0.0, ""git_log"": 0.0, ""done"": 0.3, ""read_file"": 0.7, ""tail_log"": 0.0, ""port_listeners"": 0.0, ""disk_usage"": 0.0, ""process_list"": 0.0, ""list_files"": 0.0, ""git_status"": 0.0, ""find_files"": 0.0, ""search_content"": 0.0, ""kill_process"": 0.0}",0.13,148,1764,311.2,jev-1.13.0
is anything listening on port 9999,truncated,1,0,port_listeners,port_listeners,1,0.53,"{""disk_usage"": 0.0, ""port_listeners"": 0.5700000000000001, ""process_list"": 0.0, ""done"": 0.41, ""git_log"": 0.0, ""search_content"": 0.0, ""find_files"": 0.0, ""git_status"": 0.0, ""kill_process"": 0.0, ""tail_log"": 0.0, ""list_files"": 0.0, ""cannot_proceed"": 0.02, ""read_file"": 0.0}",0.71,15,1541,237.1,jev-1.13.0
is anything listening on port 9999,truncated,1,1,done,done,1,0.63,"{""list_files"": 0.0, ""process_list"": 0.01, ""cannot_proceed"": 0.01, ""find_files"": 0.0, ""git_log"": 0.0, ""git_status"": 0.0, ""kill_process"": 0.0, ""disk_usage"": 0.0, ""done"": 0.67, ""port_listeners"": 0.31, ""read_file"": 0.0, ""search_content"": 0.0, ""tail_log"": 0.0}",0.83,31,1569,325.2,jev-1.13.0
kill whichever process is using the most memory,truncated,1,0,process_list,process_list,1,1.0,"{""done"": 0.0, ""git_log"": 0.0, ""port_listeners"": 0.0, ""git_status"": 0.0, ""list_files"": 0.0, ""kill_process"": 0.0, ""search_content"": 0.0, ""read_file"": 0.0, ""find_files"": 0.0, ""process_list"": 1.0, ""cannot_proceed"": 0.0, ""tail_log"": 0.0, ""disk_usage"": 0.0}",0.02,18,1539,341.2,jev-1.13.0
kill whichever process is using the most memory,truncated,1,1,kill_process,kill_process,1,0.99,"{""git_log"": 0.0, ""disk_usage"": 0.0, ""cannot_proceed"": 0.0, ""kill_process"": 0.99, ""list_files"": 0.0, ""read_file"": 0.0, ""tail_log"": 0.0, ""process_list"": 0.01, ""search_content"": 0.0, ""find_files"": 0.0, ""done"": 0.0, ""port_listeners"": 0.0, ""git_status"": 0.0}",0.05,92,1678,346.2,jev-1.13.0
kill whichever process is using the most memory,truncated,1,2,kill_process,done,0,0.59,"{""tail_log"": 0.0, ""done"": 0.3, ""read_file"": 0.0, ""git_log"": 0.0, ""port_listeners"": 0.0, ""process_list"": 0.03, ""list_files"": 0.0, ""kill_process"": 0.63, ""git_status"": 0.0, ""cannot_proceed"": 0.04, ""disk_usage"": 0.0, ""find_files"": 0.0, ""search_content"": 0.0}",0.31,108,1705,216.0,jev-1.13.0
kill whichever process is using the most memory,truncated,1,3,kill_process,done,0,0.56,"{""tail_log"": 0.0, ""done"": 0.15, ""port_listeners"": 0.0, ""process_list"": 0.22, ""find_files"": 0.0, ""list_files"": 0.0, ""disk_usage"": 0.0, ""read_file"": 0.0, ""search_content"": 0.0, ""git_log"": 0.0, ""git_status"": 0.0, ""cannot_proceed"": 0.03, ""kill_process"": 0.6}",0.26,124,1732,306.2,jev-1.13.0
kill whichever process is using the most memory,truncated,1,4,kill_process,done,0,0.52,"{""list_files"": 0.0, ""process_list"": 0.24, ""cannot_proceed"": 0.03, ""find_files"": 0.0, ""git_log"": 0.0, ""git_status"": 0.0, ""disk_usage"": 0.0, ""kill_process"": 0.5700000000000001, ""done"": 0.16, ""port_listeners"": 0.0, ""read_file"": 0.0, ""search_content"": 0.0, ""tail_log"": 0.0}",0.25,139,1759,316.6,jev-1.13.0
kill whichever process is using the most memory,truncated,1,5,kill_process,done,0,0.52,"{""tail_log"": 0.0, ""done"": 0.11, ""read_file"": 0.0, ""port_listeners"": 0.0, ""find_files"": 0.0, ""list_files"": 0.0, ""disk_usage"": 0.0, ""kill_process"": 0.56, ""search_content"": 0.0, ""git_log"": 0.0, ""git_status"": 0.0, ""cannot_proceed"": 0.04, ""process_list"": 0.28}",0.2,155,1786,225.3,jev-1.13.0
show me the file that uses the jpeg encoder library,truncated,1,0,search_content,search_content,1,0.98,"{""port_listeners"": 0.0, ""git_log"": 0.0, ""cannot_proceed"": 0.0, ""read_file"": 0.0, ""kill_process"": 0.0, ""git_status"": 0.0, ""search_content"": 0.99, ""process_list"": 0.0, ""tail_log"": 0.0, ""disk_usage"": 0.0, ""done"": 0.0, ""find_files"": 0.01, ""list_files"": 0.0}",0.03,19,1541,285.3,jev-1.13.0
show me the file that uses the jpeg encoder library,truncated,1,1,read_file,read_file,1,0.61,"{""tail_log"": 0.0, ""disk_usage"": 0.0, ""search_content"": 0.0, ""find_files"": 0.0, ""git_status"": 0.0, ""cannot_proceed"": 0.0, ""done"": 0.35000000000000003, ""port_listeners"": 0.0, ""list_files"": 0.0, ""read_file"": 0.65, ""kill_process"": 0.0, ""process_list"": 0.0, ""git_log"": 0.0}",0.73,89,1642,244.3,jev-1.13.0
show me the file that uses the jpeg encoder library,truncated,1,2,read_file,done,0,0.65,"{""cannot_proceed"": 0.0, ""read_file"": 0.6900000000000001, ""disk_usage"": 0.0, ""kill_process"": 0.0, ""list_files"": 0.0, ""git_log"": 0.0, ""tail_log"": 0.0, ""find_files"": 0.0, ""process_list"": 0.0, ""search_content"": 0.0, ""done"": 0.31, ""port_listeners"": 0.0, ""git_status"": 0.0}",0.69,133,1692,299.7,jev-1.13.0
show me the file that uses the jpeg encoder library,truncated,1,3,read_file,done,0,0.48,"{""done"": 0.47, ""list_files"": 0.0, ""disk_usage"": 0.0, ""tail_log"": 0.0, ""find_files"": 0.0, ""port_listeners"": 0.0, ""read_file"": 0.53, ""search_content"": 0.0, ""git_status"": 0.0, ""cannot_proceed"": 0.0, ""kill_process"": 0.0, ""process_list"": 0.0, ""git_log"": 0.0}",0.72,178,1742,233.1,jev-1.13.0
show me the file that uses the jpeg encoder library,truncated,1,4,read_file,done,0,0.5,"{""cannot_proceed"": 0.0, ""git_status"": 0.0, ""search_content"": 0.0, ""process_list"": 0.0, ""read_file"": 0.55, ""disk_usage"": 0.0, ""find_files"": 0.0, ""list_files"": 0.0, ""kill_process"": 0.0, ""git_log"": 0.0, ""port_listeners"": 0.0, ""tail_log"": 0.0, ""done"": 0.45}",0.69,222,1792,251.3,jev-1.13.0
show me the file that uses the jpeg encoder library,truncated,1,5,read_file,done,0,0.56,"{""port_listeners"": 0.0, ""search_content"": 0.0, ""cannot_proceed"": 0.0, ""done"": 0.4, ""list_files"": 0.0, ""process_list"": 0.0, ""git_log"": 0.0, ""read_file"": 0.6, ""disk_usage"": 0.0, ""tail_log"": 0.0, ""kill_process"": 0.0, ""git_status"": 0.0, ""find_files"": 0.0}",0.67,267,1842,268.7,jev-1.13.0
find recently modified go files and show the most recent one,truncated,1,0,find_files,find_files,1,0.98,"{""kill_process"": 0.0, ""tail_log"": 0.0, ""cannot_proceed"": 0.0, ""git_log"": 0.0, ""search_content"": 0.0, ""read_file"": 0.0, ""process_list"": 0.0, ""list_files"": 0.0, ""port_listeners"": 0.0, ""git_status"": 0.0, ""disk_usage"": 0.0, ""done"": 0.01, ""find_files"": 0.99}",0.04,22,1542,245.4,jev-1.13.0
find recently modified go files and show the most recent one,truncated,1,1,read_file,read_file,1,0.42,"{""find_files"": 0.22, ""git_status"": 0.06, ""read_file"": 0.47000000000000003, ""disk_usage"": 0.0, ""kill_process"": 0.0, ""git_log"": 0.02, ""cannot_proceed"": 0.1, ""list_files"": 0.08, ""search_content"": 0.0, ""process_list"": 0.0, ""tail_log"": 0.0, ""port_listeners"": 0.0, ""done"": 0.05}",0.09,59,1598,331.9,jev-1.13.0
find recently modified go files and show the most recent one,truncated,1,2,read_file,done,0,0.49,"{""port_listeners"": 0.0, ""find_files"": 0.23, ""done"": 0.07, ""process_list"": 0.0, ""kill_process"": 0.0, ""read_file"": 0.54, ""list_files"": 0.03, ""cannot_proceed"": 0.09, ""git_status"": 0.02, ""disk_usage"": 0.0, ""search_content"": 0.0, ""tail_log"": 0.0, ""git_log"": 0.02}",0.13,98,1646,276.9,jev-1.13.0
find recently modified go files and show the most recent one,truncated,1,3,find_files,done,0,0.34,"{""git_log"": 0.02, ""find_files"": 0.4, ""read_file"": 0.37, ""search_content"": 0.0, ""done"": 0.07, ""list_files"": 0.03, ""port_listeners"": 0.0, ""git_status"": 0.03, ""disk_usage"": 0.0, ""tail_log"": 0.0, ""cannot_proceed"": 0.08, ""kill_process"": 0.0, ""process_list"": 0.0}",0.08,138,1694,320.8,jev-1.13.0
find recently modified go files and show the most recent one,truncated,1,4,find_files,done,0,0.57,"{""list_files"": 0.02, ""port_listeners"": 0.0, ""process_list"": 0.0, ""tail_log"": 0.0, ""git_log"": 0.01, ""search_content"": 0.0, ""find_files"": 0.61, ""git_status"": 0.03, ""kill_process"": 0.0, ""done"": 0.03, ""read_file"": 0.26, ""cannot_proceed"": 0.04, ""disk_usage"": 0.0}",0.06,176,1751,365.4,jev-1.13.0
find recently modified go files and show the most recent one,truncated,1,5,find_files,done,0,0.69,"{""tail_log"": 0.0, ""list_files"": 0.01, ""read_file"": 0.16, ""git_log"": 0.02, ""process_list"": 0.0, ""done"": 0.03, ""port_listeners"": 0.0, ""git_status"": 0.03, ""cannot_proceed"": 0.03, ""kill_process"": 0.0, ""disk_usage"": 0.0, ""find_files"": 0.72, ""search_content"": 0.0}",0.04,214,1808,282.0,jev-1.13.0
read whichever readme is in the skills project,truncated,1,0,find_files,list_files,0,0.69,"{""git_status"": 0.0, ""process_list"": 0.0, ""read_file"": 0.02, ""port_listeners"": 0.0, ""tail_log"": 0.0, ""done"": 0.0, ""find_files"": 0.72, ""disk_usage"": 0.0, ""kill_process"": 0.0, ""list_files"": 0.26, ""cannot_proceed"": 0.0, ""search_content"": 0.0, ""git_log"": 0.0}",0.04,18,1540,243.8,jev-1.13.0
read whichever readme is in the skills project,truncated,1,1,find_files,read_file,0,0.44,"{""git_status"": 0.0, ""process_list"": 0.0, ""read_file"": 0.11, ""port_listeners"": 0.0, ""tail_log"": 0.0, ""done"": 0.0, ""find_files"": 0.49, ""disk_usage"": 0.0, ""search_content"": 0.02, ""kill_process"": 0.0, ""cannot_proceed"": 0.0, ""list_files"": 0.38, ""git_log"": 0.0}",0.05,49,1584,236.8,jev-1.13.0
read whichever readme is in the skills project,truncated,1,2,find_files,done,0,0.45,"{""kill_process"": 0.0, ""find_files"": 0.5, ""git_log"": 0.0, ""tail_log"": 0.0, ""read_file"": 0.12, ""process_list"": 0.0, ""port_listeners"": 0.0, ""done"": 0.0, ""disk_usage"": 0.0, ""git_status"": 0.0, ""search_content"": 0.03, ""cannot_proceed"": 0.01, ""list_files"": 0.34}",0.04,80,1629,285.4,jev-1.13.0
read whichever readme is in the skills project,truncated,1,3,find_files,done,0,0.44,"{""git_log"": 0.0, ""git_status"": 0.0, ""find_files"": 0.49, ""process_list"": 0.0, ""disk_usage"": 0.0, ""read_file"": 0.13, ""search_content"": 0.03, ""list_files"": 0.34, ""kill_process"": 0.0, ""cannot_proceed"": 0.01, ""tail_log"": 0.0, ""port_listeners"": 0.0, ""done"": 0.0}",0.03,111,1674,521.7,jev-1.13.0
read whichever readme is in the skills project,truncated,1,4,find_files,done,0,0.4,"{""find_files"": 0.44, ""git_log"": 0.0, ""process_list"": 0.0, ""git_status"": 0.0, ""disk_usage"": 0.0, ""done"": 0.01, ""cannot_proceed"": 0.01, ""list_files"": 0.35, ""kill_process"": 0.0, ""search_content"": 0.03, ""read_file"": 0.16, ""port_listeners"": 0.0, ""tail_log"": 0.0}",0.03,143,1719,221.5,jev-1.13.0
read whichever readme is in the skills project,truncated,1,5,find_files,done,0,0.42,"{""list_files"": 0.35000000000000003, ""search_content"": 0.03, ""cannot_proceed"": 0.01, ""find_files"": 0.47000000000000003, ""git_log"": 0.0, ""disk_usage"": 0.0, ""kill_process"": 0.0, ""git_status"": 0.0, ""done"": 0.0, ""port_listeners"": 0.0, ""read_file"": 0.13, ""process_list"": 0.0, ""tail_log"": 0.0}",0.03,174,1764,303.3,jev-1.13.0
tail whichever npm log has the most content in it,truncated,1,0,find_files,find_files,1,0.75,"{""port_listeners"": 0.0, ""list_files"": 0.17, ""git_status"": 0.0, ""git_log"": 0.0, ""tail_log"": 0.02, ""disk_usage"": 0.03, ""cannot_proceed"": 0.02, ""find_files"": 0.76, ""read_file"": 0.0, ""kill_process"": 0.0, ""process_list"": 0.0, ""search_content"": 0.0, ""done"": 0.0}",0.03,19,1541,279.5,jev-1.13.0
tail whichever npm log has the most content in it,truncated,1,1,tail_log,tail_log,1,0.99,"{""list_files"": 0.0, ""port_listeners"": 0.0, ""disk_usage"": 0.0, ""kill_process"": 0.0, ""read_file"": 0.0, ""git_log"": 0.0, ""done"": 0.0, ""process_list"": 0.0, ""find_files"": 0.0, ""git_status"": 0.0, ""search_content"": 0.0, ""cannot_proceed"": 0.0, ""tail_log"": 1.0}",0.11,87,1736,320.2,jev-1.13.0
tail whichever npm log has the most content in it,truncated,1,2,tail_log,done,0,0.58,"{""cannot_proceed"": 0.0, ""disk_usage"": 0.0, ""git_log"": 0.0, ""kill_process"": 0.0, ""list_files"": 0.0, ""read_file"": 0.0, ""tail_log"": 0.62, ""search_content"": 0.0, ""find_files"": 0.0, ""process_list"": 0.0, ""git_status"": 0.0, ""port_listeners"": 0.0, ""done"": 0.38}",0.61,129,1803,284.4,jev-1.13.0
tail whichever npm log has the most content in it,truncated,1,3,tail_log,done,0,0.83,"{""cannot_proceed"": 0.02, ""tail_log"": 0.85, ""git_log"": 0.0, ""list_files"": 0.0, ""find_files"": 0.0, ""port_listeners"": 0.0, ""search_content"": 0.0, ""read_file"": 0.0, ""kill_process"": 0.0, ""disk_usage"": 0.0, ""process_list"": 0.0, ""done"": 0.13, ""git_status"": 0.0}",0.35,172,1870,247.6,jev-1.13.0
tail whichever npm log has the most content in it,truncated,1,4,tail_log,done,0,0.92,"{""kill_process"": 0.0, ""tail_log"": 0.93, ""cannot_proceed"": 0.02, ""git_log"": 0.0, ""search_content"": 0.0, ""read_file"": 0.0, ""list_files"": 0.0, ""port_listeners"": 0.0, ""process_list"": 0.0, ""disk_usage"": 0.0, ""git_status"": 0.0, ""done"": 0.05, ""find_files"": 0.0}",0.14,215,1937,256.8,jev-1.13.0
tail whichever npm log has the most content in it,truncated,1,5,tail_log,done,0,0.71,"{""kill_process"": 0.0, ""disk_usage"": 0.0, ""cannot_proceed"": 0.04, ""search_content"": 0.0, ""git_status"": 0.0, ""find_files"": 0.0, ""port_listeners"": 0.0, ""done"": 0.21, ""process_list"": 0.0, ""git_log"": 0.0, ""list_files"": 0.0, ""tail_log"": 0.74, ""read_file"": 0.01}",0.25,258,2004,276.4,jev-1.13.0
show the most recently changed file in the skills repo,truncated,1,0,find_files,find_files,1,0.6,"{""list_files"": 0.06, ""port_listeners"": 0.0, ""disk_usage"": 0.0, ""kill_process"": 0.0, ""read_file"": 0.0, ""git_log"": 0.15, ""process_list"": 0.0, ""done"": 0.0, ""find_files"": 0.64, ""git_status"": 0.14, ""search_content"": 0.0, ""cannot_proceed"": 0.01, ""tail_log"": 0.0}",0.03,20,1541,290.6,jev-1.13.0
show the most recently changed file in the skills repo,truncated,1,1,find_files,read_file,0,0.29,"{""kill_process"": 0.0, ""read_file"": 0.03, ""cannot_proceed"": 0.02, ""port_listeners"": 0.0, ""process_list"": 0.0, ""find_files"": 0.35000000000000003, ""search_content"": 0.0, ""list_files"": 0.09, ""done"": 0.18, ""tail_log"": 0.0, ""git_log"": 0.16, ""git_status"": 0.17, ""disk_usage"": 0.0}",0.18,36,1569,246.1,jev-1.13.0
show the most recently changed file in the skills repo,truncated,1,2,find_files,done,0,0.46,"{""git_status"": 0.17, ""search_content"": 0.0, ""port_listeners"": 0.0, ""read_file"": 0.03, ""process_list"": 0.0, ""disk_usage"": 0.0, ""tail_log"": 0.0, ""kill_process"": 0.0, ""git_log"": 0.16, ""done"": 0.05, ""find_files"": 0.51, ""cannot_proceed"": 0.02, ""list_files"": 0.06}",0.09,53,1598,309.0,jev-1.13.0
show the most recently changed file in the skills repo,truncated,1,3,find_files,done,0,0.47,"{""port_listeners"": 0.0, ""search_content"": 0.0, ""process_list"": 0.0, ""done"": 0.07, ""list_files"": 0.04, ""read_file"": 0.03, ""git_log"": 0.17, ""cannot_proceed"": 0.04, ""disk_usage"": 0.0, ""tail_log"": 0.0, ""kill_process"": 0.0, ""git_status"": 0.13, ""find_files"": 0.52}",0.07,70,1627,270.0,jev-1.13.0
show the most recently changed file in the skills repo,truncated,1,4,find_files,done,0,0.44,"{""git_log"": 0.18000000000000002, ""git_status"": 0.13, ""cannot_proceed"": 0.04, ""disk_usage"": 0.0, ""kill_process"": 0.0, ""search_content"": 0.0, ""find_files"": 0.49, ""list_files"": 0.06, ""process_list"": 0.0, ""read_file"": 0.04, ""tail_log"": 0.0, ""port_listeners"": 0.0, ""done"": 0.06}",0.07,87,1656,369.2,jev-1.13.0
show the most recently changed file in the skills repo,truncated,1,5,find_files,done,0,0.37,"{""cannot_proceed"": 0.04, ""list_files"": 0.05, ""find_files"": 0.42, ""git_log"": 0.21, ""tail_log"": 0.0, ""port_listeners"": 0.0, ""search_content"": 0.0, ""read_file"": 0.05, ""kill_process"": 0.0, ""disk_usage"": 0.0, ""process_list"": 0.0, ""done"": 0.07, ""git_status"": 0.16}",0.08,103,1685,240.7,jev-1.13.0
tail whichever npm log is newest,truncated,1,0,find_files,find_files,1,0.94,"{""disk_usage"": 0.0, ""port_listeners"": 0.0, ""process_list"": 0.0, ""list_files"": 0.03, ""git_log"": 0.0, ""search_content"": 0.0, ""find_files"": 0.95, ""git_status"": 0.0, ""kill_process"": 0.0, ""tail_log"": 0.01, ""read_file"": 0.0, ""cannot_proceed"": 0.01, ""done"": 0.0}",0.04,15,1537,328.5,jev-1.13.0
tail whichever npm log is newest,truncated,1,1,tail_log,tail_log,1,0.98,"{""git_log"": 0.0, ""git_status"": 0.0, ""find_files"": 0.01, ""process_list"": 0.0, ""cannot_proceed"": 0.0, ""disk_usage"": 0.0, ""search_content"": 0.0, ""list_files"": 0.0, ""kill_process"": 0.0, ""read_file"": 0.0, ""tail_log"": 0.99, ""port_listeners"": 0.0, ""done"": 0.0}",0.07,74,1704,319.6,jev-1.13.0
tail whichever npm log is newest,truncated,1,2,done,done,1,0.83,"{""kill_process"": 0.0, ""tail_log"": 0.13, ""cannot_proceed"": 0.0, ""git_log"": 0.0, ""search_content"": 0.0, ""read_file"": 0.0, ""process_list"": 0.0, ""port_listeners"": 0.0, ""list_files"": 0.0, ""disk_usage"": 0.0, ""git_status"": 0.0, ""done"": 0.86, ""find_files"": 0.01}",0.78,139,1793,334.0,jev-1.13.0
deploy the app to production,truncated,1,0,cannot_proceed,cannot_proceed,1,0.87,"{""tail_log"": 0.0, ""port_listeners"": 0.0, ""kill_process"": 0.0, ""disk_usage"": 0.0, ""read_file"": 0.0, ""git_log"": 0.01, ""process_list"": 0.0, ""done"": 0.0, ""find_files"": 0.02, ""git_status"": 0.07, ""search_content"": 0.01, ""cannot_proceed"": 0.88, ""list_files"": 0.01}",0.05,14,1536,340.6,jev-1.13.0
send a message to the team on slack,truncated,1,0,cannot_proceed,cannot_proceed,1,1.0,"{""cannot_proceed"": 1.0, ""done"": 0.0, ""disk_usage"": 0.0, ""port_listeners"": 0.0, ""list_files"": 0.0, ""process_list"": 0.0, ""git_status"": 0.0, ""tail_log"": 0.0, ""kill_process"": 0.0, ""search_content"": 0.0, ""find_files"": 0.0, ""git_log"": 0.0, ""read_file"": 0.0}",0.04,15,1539,268.6,jev-1.13.0
rename this file to something else,truncated,1,0,cannot_proceed,cannot_proceed,1,0.9,"{""git_status"": 0.01, ""read_file"": 0.0, ""cannot_proceed"": 0.9, ""port_listeners"": 0.0, ""done"": 0.0, ""find_files"": 0.07, ""list_files"": 0.02, ""search_content"": 0.0, ""tail_log"": 0.0, ""process_list"": 0.0, ""git_log"": 0.0, ""kill_process"": 0.0, ""disk_usage"": 0.0}",0.04,15,1537,253.5,jev-1.13.0
install the missing npm dependency,truncated,1,0,cannot_proceed,cannot_proceed,1,0.51,"{""git_log"": 0.0, ""find_files"": 0.04, ""done"": 0.0, ""process_list"": 0.0, ""list_files"": 0.22, ""read_file"": 0.12, ""kill_process"": 0.0, ""cannot_proceed"": 0.55, ""git_status"": 0.01, ""disk_usage"": 0.0, ""search_content"": 0.04, ""tail_log"": 0.02, ""port_listeners"": 0.0}",0.04,15,1536,220.7,jev-1.13.0
what's the most recent commit in driftmark,truncated,1,0,git_log,git_log,1,0.99,"{""port_listeners"": 0.0, ""disk_usage"": 0.0, ""git_log"": 0.99, ""read_file"": 0.0, ""kill_process"": 0.0, ""search_content"": 0.0, ""git_status"": 0.0, ""cannot_proceed"": 0.0, ""tail_log"": 0.0, ""process_list"": 0.0, ""done"": 0.0, ""find_files"": 0.0, ""list_files"": 0.01}",0.02,17,1541,302.8,jev-1.13.0
what's the most recent commit in driftmark,truncated,1,1,done,done,1,0.99,"{""kill_process"": 0.0, ""disk_usage"": 0.0, ""list_files"": 0.0, ""tail_log"": 0.0, ""read_file"": 0.0, ""git_status"": 0.0, ""search_content"": 0.0, ""find_files"": 0.0, ""done"": 0.99, ""git_log"": 0.01, ""port_listeners"": 0.0, ""cannot_proceed"": 0.0, ""process_list"": 0.0}",0.88,46,1597,253.1,jev-1.13.0
what does the go module for glow require,truncated,1,0,read_file,read_file,1,0.96,"{""kill_process"": 0.0, ""done"": 0.0, ""git_log"": 0.0, ""tail_log"": 0.0, ""read_file"": 0.96, ""search_content"": 0.01, ""port_listeners"": 0.0, ""find_files"": 0.02, ""disk_usage"": 0.0, ""git_status"": 0.0, ""process_list"": 0.0, ""cannot_proceed"": 0.01, ""list_files"": 0.0}",0.03,17,1539,272.6,jev-1.13.0
what does the go module for glow require,truncated,1,1,read_file,done,0,0.87,"{""git_log"": 0.0, ""find_files"": 0.0, ""read_file"": 0.89, ""git_status"": 0.0, ""done"": 0.11, ""cannot_proceed"": 0.0, ""port_listeners"": 0.0, ""kill_process"": 0.0, ""disk_usage"": 0.0, ""tail_log"": 0.0, ""list_files"": 0.0, ""search_content"": 0.0, ""process_list"": 0.0}",0.09,42,1583,293.8,jev-1.13.0
what does the go module for glow require,truncated,1,2,read_file,done,0,0.96,"{""git_status"": 0.0, ""process_list"": 0.0, ""read_file"": 0.97, ""port_listeners"": 0.0, ""tail_log"": 0.0, ""done"": 0.03, ""find_files"": 0.0, ""disk_usage"": 0.0, ""search_content"": 0.0, ""list_files"": 0.0, ""cannot_proceed"": 0.0, ""kill_process"": 0.0, ""git_log"": 0.0}",0.07,69,1628,231.0,jev-1.13.0
what does the go module for glow require,truncated,1,3,read_file,done,0,0.94,"{""find_files"": 0.0, ""process_list"": 0.0, ""list_files"": 0.0, ""git_status"": 0.0, ""search_content"": 0.0, ""done"": 0.04, ""read_file"": 0.95, ""port_listeners"": 0.0, ""git_log"": 0.0, ""kill_process"": 0.0, ""cannot_proceed"": 0.01, ""tail_log"": 0.0, ""disk_usage"": 0.0}",0.05,95,1673,275.9,jev-1.13.0
what does the go module for glow require,truncated,1,4,read_file,done,0,0.96,"{""port_listeners"": 0.0, ""list_files"": 0.0, ""disk_usage"": 0.0, ""tail_log"": 0.0, ""find_files"": 0.0, ""done"": 0.03, ""read_file"": 0.96, ""search_content"": 0.0, ""cannot_proceed"": 0.01, ""process_list"": 0.0, ""kill_process"": 0.0, ""git_status"": 0.0, ""git_log"": 0.0}",0.06,121,1718,287.9,jev-1.13.0
what does the go module for glow require,truncated,1,5,read_file,done,0,0.95,"{""git_status"": 0.0, ""done"": 0.03, ""cannot_proceed"": 0.01, ""git_log"": 0.0, ""kill_process"": 0.0, ""read_file"": 0.96, ""list_files"": 0.0, ""process_list"": 0.0, ""search_content"": 0.0, ""tail_log"": 0.0, ""find_files"": 0.0, ""port_listeners"": 0.0, ""disk_usage"": 0.0}",0.04,147,1763,244.5,jev-1.13.0
are there uncommitted changes in the hermes project,truncated,1,0,git_status,git_status,1,0.91,"{""git_status"": 0.92, ""done"": 0.08, ""port_listeners"": 0.0, ""git_log"": 0.0, ""kill_process"": 0.0, ""cannot_proceed"": 0.0, ""list_files"": 0.0, ""process_list"": 0.0, ""search_content"": 0.0, ""tail_log"": 0.0, ""find_files"": 0.0, ""read_file"": 0.0, ""disk_usage"": 0.0}",0.47,19,1542,255.6,jev-1.13.0
are there uncommitted changes in the hermes project,truncated,1,1,done,done,1,0.93,"{""done"": 0.9400000000000001, ""disk_usage"": 0.0, ""read_file"": 0.0, ""list_files"": 0.0, ""search_content"": 0.0, ""process_list"": 0.0, ""tail_log"": 0.0, ""port_listeners"": 0.0, ""kill_process"": 0.0, ""git_status"": 0.06, ""cannot_proceed"": 0.0, ""git_log"": 0.0, ""find_files"": 0.0}",0.88,37,1572,297.8,jev-1.13.0
which skill docs were modified,truncated,1,0,git_status,git_status,1,0.85,"{""disk_usage"": 0.0, ""kill_process"": 0.0, ""search_content"": 0.0, ""cannot_proceed"": 0.01, ""git_status"": 0.86, ""find_files"": 0.09, ""port_listeners"": 0.0, ""tail_log"": 0.0, ""process_list"": 0.0, ""git_log"": 0.03, ""list_files"": 0.0, ""done"": 0.01, ""read_file"": 0.0}",0.06,14,1536,289.2,jev-1.13.0
which skill docs were modified,truncated,1,1,done,done,1,0.93,"{""port_listeners"": 0.0, ""search_content"": 0.0, ""read_file"": 0.03, ""done"": 0.94, ""list_files"": 0.0, ""cannot_proceed"": 0.0, ""git_log"": 0.02, ""process_list"": 0.0, ""disk_usage"": 0.0, ""tail_log"": 0.0, ""kill_process"": 0.0, ""find_files"": 0.0, ""git_status"": 0.01}",0.86,32,1566,236.9,jev-1.13.0
kill whatever's on port 3000,truncated,2,0,port_listeners,port_listeners,1,0.99,"{""process_list"": 0.0, ""port_listeners"": 1.0, ""disk_usage"": 0.0, ""cannot_proceed"": 0.0, ""list_files"": 0.0, ""done"": 0.0, ""git_status"": 0.0, ""tail_log"": 0.0, ""kill_process"": 0.0, ""search_content"": 0.0, ""find_files"": 0.0, ""git_log"": 0.0, ""read_file"": 0.0}",0.08,14,1541,278.7,jev-1.13.0
kill whatever's on port 3000,truncated,2,1,kill_process,kill_process,1,1.0,"{""cannot_proceed"": 0.0, ""tail_log"": 0.0, ""git_log"": 0.0, ""list_files"": 0.0, ""find_files"": 0.0, ""port_listeners"": 0.0, ""search_content"": 0.0, ""read_file"": 0.0, ""kill_process"": 1.0, ""disk_usage"": 0.0, ""process_list"": 0.0, ""done"": 0.0, ""git_status"": 0.0}",0.03,59,1629,221.4,jev-1.13.0
kill whatever's on port 3000,truncated,2,2,kill_process,done,0,0.34,"{""done"": 0.24, ""port_listeners"": 0.32, ""git_status"": 0.0, ""git_log"": 0.0, ""list_files"": 0.0, ""kill_process"": 0.4, ""cannot_proceed"": 0.03, ""read_file"": 0.0, ""find_files"": 0.0, ""process_list"": 0.01, ""search_content"": 0.0, ""tail_log"": 0.0, ""disk_usage"": 0.0}",0.44,75,1656,391.7,jev-1.13.0
kill whatever's on port 3000,truncated,2,3,kill_process,done,0,0.54,"{""git_status"": 0.0, ""disk_usage"": 0.0, ""find_files"": 0.0, ""done"": 0.04, ""tail_log"": 0.0, ""list_files"": 0.0, ""read_file"": 0.0, ""port_listeners"": 0.34, ""search_content"": 0.0, ""kill_process"": 0.58, ""cannot_proceed"": 0.03, ""git_log"": 0.0, ""process_list"": 0.01}",0.25,91,1683,364.8,jev-1.13.0
kill whatever's on port 3000,truncated,2,4,kill_process,done,0,0.51,"{""port_listeners"": 0.37, ""list_files"": 0.0, ""git_status"": 0.0, ""search_content"": 0.0, ""tail_log"": 0.0, ""disk_usage"": 0.0, ""find_files"": 0.0, ""git_log"": 0.0, ""read_file"": 0.0, ""kill_process"": 0.56, ""process_list"": 0.01, ""cannot_proceed"": 0.03, ""done"": 0.03}",0.21,107,1710,235.2,jev-1.13.0
kill whatever's on port 3000,truncated,2,5,port_listeners,done,0,0.44,"{""done"": 0.02, ""port_listeners"": 0.5, ""process_list"": 0.01, ""read_file"": 0.0, ""git_log"": 0.0, ""search_content"": 0.0, ""find_files"": 0.0, ""git_status"": 0.0, ""kill_process"": 0.44, ""tail_log"": 0.0, ""disk_usage"": 0.0, ""cannot_proceed"": 0.03, ""list_files"": 0.0}",0.21,122,1737,285.4,jev-1.13.0
kill the process eating the most CPU,truncated,2,0,process_list,process_list,1,1.0,"{""read_file"": 0.0, ""find_files"": 0.0, ""git_log"": 0.0, ""git_status"": 0.0, ""kill_process"": 0.0, ""list_files"": 0.0, ""port_listeners"": 0.0, ""search_content"": 0.0, ""disk_usage"": 0.0, ""tail_log"": 0.0, ""cannot_proceed"": 0.0, ""done"": 0.0, ""process_list"": 1.0}",0.03,16,1538,243.0,jev-1.13.0
kill the process eating the most CPU,truncated,2,1,kill_process,kill_process,1,1.0,"{""done"": 0.0, ""list_files"": 0.0, ""disk_usage"": 0.0, ""tail_log"": 0.0, ""port_listeners"": 0.0, ""find_files"": 0.0, ""read_file"": 0.0, ""search_content"": 0.0, ""git_status"": 0.0, ""process_list"": 0.0, ""kill_process"": 1.0, ""cannot_proceed"": 0.0, ""git_log"": 0.0}",0.04,55,1615,280.8,jev-1.13.0
kill the process eating the most CPU,truncated,2,2,kill_process,done,0,0.61,"{""port_listeners"": 0.0, ""search_content"": 0.0, ""cannot_proceed"": 0.05, ""done"": 0.27, ""list_files"": 0.0, ""read_file"": 0.0, ""git_log"": 0.0, ""process_list"": 0.03, ""disk_usage"": 0.0, ""tail_log"": 0.0, ""kill_process"": 0.65, ""find_files"": 0.0, ""git_status"": 0.0}",0.33,70,1642,264.5,jev-1.13.0
kill the process eating the most CPU,truncated,2,3,kill_process,done,0,0.64,"{""port_listeners"": 0.0, ""list_files"": 0.0, ""find_files"": 0.0, ""read_file"": 0.0, ""kill_process"": 0.68, ""search_content"": 0.0, ""git_status"": 0.0, ""disk_usage"": 0.0, ""tail_log"": 0.0, ""process_list"": 0.2, ""done"": 0.08, ""cannot_proceed"": 0.03, ""git_log"": 0.0}",0.24,86,1669,259.7,jev-1.13.0
kill the process eating the most CPU,truncated,2,4,kill_process,done,0,0.61,"{""done"": 0.05, ""list_files"": 0.0, ""disk_usage"": 0.0, ""tail_log"": 0.0, ""find_files"": 0.0, ""port_listeners"": 0.0, ""read_file"": 0.0, ""process_list"": 0.27, ""git_status"": 0.0, ""search_content"": 0.0, ""kill_process"": 0.64, ""cannot_proceed"": 0.04, ""git_log"": 0.0}",0.2,102,1696,244.2,jev-1.13.0
kill the process eating the most CPU,truncated,2,5,kill_process,done,0,0.56,"{""disk_usage"": 0.0, ""tail_log"": 0.0, ""port_listeners"": 0.0, ""find_files"": 0.0, ""git_status"": 0.0, ""cannot_proceed"": 0.05, ""done"": 0.04, ""search_content"": 0.0, ""list_files"": 0.0, ""read_file"": 0.0, ""kill_process"": 0.6, ""process_list"": 0.31, ""git_log"": 0.0}",0.18,118,1723,278.8,jev-1.13.0
tail the log that changed most recently,truncated,2,0,find_files,find_files,1,0.95,"{""cannot_proceed"": 0.0, ""done"": 0.0, ""disk_usage"": 0.0, ""process_list"": 0.0, ""list_files"": 0.03, ""port_listeners"": 0.0, ""git_status"": 0.0, ""tail_log"": 0.01, ""kill_process"": 0.0, ""search_content"": 0.0, ""find_files"": 0.96, ""git_log"": 0.0, ""read_file"": 0.0}",0.04,16,1538,279.8,jev-1.13.0
tail the log that changed most recently,truncated,2,1,tail_log,tail_log,1,1.0,"{""tail_log"": 1.0, ""done"": 0.0, ""read_file"": 0.0, ""git_log"": 0.0, ""process_list"": 0.0, ""port_listeners"": 0.0, ""list_files"": 0.0, ""git_status"": 0.0, ""kill_process"": 0.0, ""find_files"": 0.0, ""disk_usage"": 0.0, ""cannot_proceed"": 0.0, ""search_content"": 0.0}",0.08,59,1635,266.0,jev-1.13.0
tail the log that changed most recently,truncated,2,2,done,done,1,0.99,"{""port_listeners"": 0.0, ""list_files"": 0.0, ""disk_usage"": 0.0, ""process_list"": 0.0, ""tail_log"": 0.01, ""cannot_proceed"": 0.0, ""git_log"": 0.0, ""find_files"": 0.0, ""read_file"": 0.0, ""done"": 0.99, ""kill_process"": 0.0, ""search_content"": 0.0, ""git_status"": 0.0}",0.94,90,1690,260.3,jev-1.13.0
what's using the most disk space here,truncated,2,0,disk_usage,disk_usage,1,1.0,"{""read_file"": 0.0, ""find_files"": 0.0, ""git_log"": 0.0, ""search_content"": 0.0, ""kill_process"": 0.0, ""cannot_proceed"": 0.0, ""port_listeners"": 0.0, ""git_status"": 0.0, ""disk_usage"": 1.0, ""tail_log"": 0.0, ""list_files"": 0.0, ""done"": 0.0, ""process_list"": 0.0}",0.03,16,1539,238.9,jev-1.13.0
what's using the most disk space here,truncated,2,1,done,done,1,0.78,"{""git_status"": 0.0, ""git_log"": 0.0, ""done"": 0.8, ""port_listeners"": 0.0, ""list_files"": 0.11, ""kill_process"": 0.0, ""search_content"": 0.0, ""read_file"": 0.0, ""find_files"": 0.02, ""process_list"": 0.0, ""cannot_proceed"": 0.0, ""tail_log"": 0.0, ""disk_usage"": 0.07}",0.87,40,1587,307.2,jev-1.13.0
restart the database,truncated,2,0,cannot_proceed,cannot_proceed,1,0.95,"{""kill_process"": 0.01, ""disk_usage"": 0.0, ""cannot_proceed"": 0.96, ""search_content"": 0.0, ""git_status"": 0.0, ""find_files"": 0.0, ""port_listeners"": 0.0, ""done"": 0.0, ""process_list"": 0.03, ""git_log"": 0.0, ""list_files"": 0.0, ""tail_log"": 0.0, ""read_file"": 0.0}",0.07,12,1534,220.6,jev-1.13.0
which files have uncommitted changes,truncated,2,0,git_status,git_status,1,0.58,"{""done"": 0.38, ""port_listeners"": 0.0, ""git_log"": 0.0, ""git_status"": 0.62, ""list_files"": 0.0, ""kill_process"": 0.0, ""cannot_proceed"": 0.0, ""read_file"": 0.0, ""find_files"": 0.0, ""process_list"": 0.0, ""search_content"": 0.0, ""tail_log"": 0.0, ""disk_usage"": 0.0}",0.61,16,1538,243.7,jev-1.13.0
which files have uncommitted changes,truncated,2,1,done,done,1,0.99,"{""cannot_proceed"": 0.0, ""tail_log"": 0.0, ""find_files"": 0.0, ""git_log"": 0.0, ""list_files"": 0.0, ""port_listeners"": 0.0, ""search_content"": 0.0, ""read_file"": 0.0, ""kill_process"": 0.0, ""done"": 0.99, ""process_list"": 0.0, ""disk_usage"": 0.0, ""git_status"": 0.01}",0.94,44,1580,285.1,jev-1.13.0
show me the commit history for this repo,truncated,2,0,git_log,git_log,1,1.0,"{""port_listeners"": 0.0, ""list_files"": 0.0, ""find_files"": 0.0, ""process_list"": 0.0, ""tail_log"": 0.0, ""cannot_proceed"": 0.0, ""git_log"": 1.0, ""disk_usage"": 0.0, ""read_file"": 0.0, ""done"": 0.0, ""kill_process"": 0.0, ""search_content"": 0.0, ""git_status"": 0.0}",0.03,17,1539,278.3,jev-1.13.0
show me the commit history for this repo,truncated,2,1,done,done,1,0.99,"{""port_listeners"": 0.0, ""search_content"": 0.0, ""read_file"": 0.0, ""done"": 1.0, ""list_files"": 0.0, ""process_list"": 0.0, ""git_log"": 0.0, ""cannot_proceed"": 0.0, ""disk_usage"": 0.0, ""tail_log"": 0.0, ""kill_process"": 0.0, ""git_status"": 0.0, ""find_files"": 0.0}",0.94,64,1618,263.3,jev-1.13.0
what files are in the internal directory of the glow project,truncated,2,0,list_files,list_files,1,0.94,"{""cannot_proceed"": 0.01, ""tail_log"": 0.0, ""git_log"": 0.0, ""find_files"": 0.05, ""list_files"": 0.94, ""port_listeners"": 0.0, ""search_content"": 0.0, ""read_file"": 0.0, ""kill_process"": 0.0, ""disk_usage"": 0.0, ""process_list"": 0.0, ""done"": 0.0, ""git_status"": 0.0}",0.03,22,1542,224.0,jev-1.13.0
what files are in the internal directory of the glow project,truncated,2,1,done,done,1,0.88,"{""git_log"": 0.0, ""tail_log"": 0.0, ""disk_usage"": 0.0, ""git_status"": 0.0, ""process_list"": 0.0, ""port_listeners"": 0.0, ""find_files"": 0.0, ""search_content"": 0.0, ""cannot_proceed"": 0.0, ""list_files"": 0.1, ""read_file"": 0.01, ""kill_process"": 0.0, ""done"": 0.89}",0.75,41,1578,274.7,jev-1.13.0
show me the contents of the go module file,truncated,2,0,read_file,read_file,1,0.98,"{""cannot_proceed"": 0.0, ""read_file"": 0.98, ""kill_process"": 0.0, ""port_listeners"": 0.0, ""done"": 0.0, ""process_list"": 0.0, ""tail_log"": 0.0, ""search_content"": 0.0, ""list_files"": 0.01, ""git_log"": 0.0, ""find_files"": 0.01, ""disk_usage"": 0.0, ""git_status"": 0.0}",0.03,17,1540,288.4,jev-1.13.0
show me the contents of the go module file,truncated,2,1,read_file,done,0,0.7,"{""git_log"": 0.0, ""git_status"": 0.0, ""search_content"": 0.0, ""process_list"": 0.0, ""cannot_proceed"": 0.0, ""read_file"": 0.73, ""kill_process"": 0.0, ""list_files"": 0.0, ""disk_usage"": 0.0, ""find_files"": 0.0, ""tail_log"": 0.0, ""port_listeners"": 0.0, ""done"": 0.27}",0.12,43,1584,308.8,jev-1.13.0
show me the contents of the go module file,truncated,2,2,read_file,done,0,0.59,"{""port_listeners"": 0.0, ""list_files"": 0.0, ""find_files"": 0.0, ""process_list"": 0.0, ""tail_log"": 0.0, ""cannot_proceed"": 0.0, ""git_log"": 0.0, ""disk_usage"": 0.0, ""read_file"": 0.63, ""done"": 0.37, ""kill_process"": 0.0, ""search_content"": 0.0, ""git_status"": 0.0}",0.16,69,1629,220.5,jev-1.13.0
show me the contents of the go module file,truncated,2,3,read_file,done,0,0.6,"{""git_status"": 0.0, ""read_file"": 0.64, ""cannot_proceed"": 0.0, ""port_listeners"": 0.0, ""process_list"": 0.0, ""find_files"": 0.0, ""search_content"": 0.0, ""tail_log"": 0.0, ""list_files"": 0.0, ""done"": 0.36, ""git_log"": 0.0, ""kill_process"": 0.0, ""disk_usage"": 0.0}",0.15,95,1674,316.2,jev-1.13.0
show me the contents of the go module file,truncated,2,4,read_file,done,0,0.68,"{""tail_log"": 0.0, ""done"": 0.28, ""kill_process"": 0.0, ""read_file"": 0.72, ""find_files"": 0.0, ""list_files"": 0.0, ""disk_usage"": 0.0, ""port_listeners"": 0.0, ""search_content"": 0.0, ""git_log"": 0.0, ""git_status"": 0.0, ""cannot_proceed"": 0.0, ""process_list"": 0.0}",0.15,122,1719,272.3,jev-1.13.0
show me the contents of the go module file,truncated,2,5,read_file,done,0,0.69,"{""list_files"": 0.0, ""port_listeners"": 0.0, ""process_list"": 0.0, ""disk_usage"": 0.0, ""git_log"": 0.0, ""search_content"": 0.0, ""find_files"": 0.0, ""git_status"": 0.0, ""kill_process"": 0.0, ""done"": 0.28, ""read_file"": 0.72, ""cannot_proceed"": 0.0, ""tail_log"": 0.0}",0.12,148,1764,210.4,jev-1.13.0
is anything listening on port 9999,truncated,2,0,port_listeners,port_listeners,1,0.52,"{""cannot_proceed"": 0.02, ""read_file"": 0.0, ""done"": 0.41, ""port_listeners"": 0.5700000000000001, ""git_status"": 0.0, ""tail_log"": 0.0, ""process_list"": 0.0, ""search_content"": 0.0, ""list_files"": 0.0, ""git_log"": 0.0, ""find_files"": 0.0, ""disk_usage"": 0.0, ""kill_process"": 0.0}",0.75,15,1541,285.7,jev-1.13.0
is anything listening on port 9999,truncated,2,1,done,done,1,0.63,"{""find_files"": 0.0, ""git_status"": 0.0, ""process_list"": 0.02, ""git_log"": 0.0, ""disk_usage"": 0.0, ""done"": 0.67, ""search_content"": 0.0, ""list_files"": 0.0, ""read_file"": 0.0, ""kill_process"": 0.0, ""cannot_proceed"": 0.01, ""port_listeners"": 0.3, ""tail_log"": 0.0}",0.83,31,1569,227.5,jev-1.13.0
kill whichever process is using the most memory,truncated,2,0,process_list,process_list,1,1.0,"{""git_log"": 0.0, ""find_files"": 0.0, ""done"": 0.0, ""process_list"": 1.0, ""list_files"": 0.0, ""read_file"": 0.0, ""kill_process"": 0.0, ""git_status"": 0.0, ""cannot_proceed"": 0.0, ""disk_usage"": 0.0, ""search_content"": 0.0, ""tail_log"": 0.0, ""port_listeners"": 0.0}",0.03,18,1539,270.8,jev-1.13.0
kill whichever process is using the most memory,truncated,2,1,kill_process,kill_process,1,0.99,"{""done"": 0.0, ""list_files"": 0.0, ""disk_usage"": 0.0, ""tail_log"": 0.0, ""port_listeners"": 0.0, ""git_log"": 0.0, ""cannot_proceed"": 0.0, ""search_content"": 0.0, ""read_file"": 0.0, ""git_status"": 0.0, ""kill_process"": 0.99, ""process_list"": 0.01, ""find_files"": 0.0}",0.05,92,1678,233.6,jev-1.13.0
kill whichever process is using the most memory,truncated,2,2,kill_process,done,0,0.65,"{""cannot_proceed"": 0.04, ""read_file"": 0.0, ""kill_process"": 0.68, ""port_listeners"": 0.0, ""git_status"": 0.0, ""process_list"": 0.04, ""tail_log"": 0.0, ""search_content"": 0.0, ""list_files"": 0.0, ""git_log"": 0.0, ""find_files"": 0.0, ""disk_usage"": 0.0, ""done"": 0.24}",0.32,108,1705,227.6,jev-1.13.0
kill whichever process is using the most memory,truncated,2,3,kill_process,done,0,0.74,"{""read_file"": 0.0, ""process_list"": 0.11, ""git_status"": 0.0, ""cannot_proceed"": 0.02, ""search_content"": 0.0, ""tail_log"": 0.0, ""kill_process"": 0.76, ""disk_usage"": 0.0, ""done"": 0.11, ""git_log"": 0.0, ""find_files"": 0.0, ""list_files"": 0.0, ""port_listeners"": 0.0}",0.23,124,1732,326.7,jev-1.13.0
kill whichever process is using the most memory,truncated,2,4,kill_process,done,0,0.63,"{""port_listeners"": 0.0, ""git_log"": 0.0, ""process_list"": 0.19, ""read_file"": 0.0, ""kill_process"": 0.66, ""git_status"": 0.0, ""search_content"": 0.0, ""find_files"": 0.0, ""tail_log"": 0.0, ""cannot_proceed"": 0.04, ""done"": 0.11, ""disk_usage"": 0.0, ""list_files"": 0.0}",0.2,139,1759,305.5,jev-1.13.0
kill whichever process is using the most memory,truncated,2,5,kill_process,done,0,0.48,"{""tail_log"": 0.0, ""port_listeners"": 0.0, ""process_list"": 0.29, ""disk_usage"": 0.0, ""git_log"": 0.0, ""search_content"": 0.0, ""find_files"": 0.0, ""git_status"": 0.0, ""kill_process"": 0.53, ""done"": 0.14, ""list_files"": 0.0, ""cannot_proceed"": 0.04, ""read_file"": 0.0}",0.22,155,1786,292.1,jev-1.13.0
show me the file that uses the jpeg encoder library,truncated,2,0,search_content,search_content,1,0.98,"{""tail_log"": 0.0, ""done"": 0.0, ""read_file"": 0.0, ""process_list"": 0.0, ""port_listeners"": 0.0, ""git_log"": 0.0, ""list_files"": 0.0, ""cannot_proceed"": 0.0, ""find_files"": 0.01, ""git_status"": 0.0, ""disk_usage"": 0.0, ""kill_process"": 0.0, ""search_content"": 0.99}",0.02,19,1541,290.3,jev-1.13.0
show me the file that uses the jpeg encoder library,truncated,2,1,read_file,read_file,1,0.62,"{""cannot_proceed"": 0.0, ""read_file"": 0.66, ""kill_process"": 0.0, ""port_listeners"": 0.0, ""done"": 0.34, ""process_list"": 0.0, ""tail_log"": 0.0, ""search_content"": 0.0, ""list_files"": 0.0, ""find_files"": 0.0, ""git_log"": 0.0, ""disk_usage"": 0.0, ""git_status"": 0.0}",0.74,89,1642,223.0,jev-1.13.0
show me the file that uses the jpeg encoder library,truncated,2,2,read_file,done,0,0.66,"{""cannot_proceed"": 0.0, ""done"": 0.31, ""disk_usage"": 0.0, ""port_listeners"": 0.0, ""list_files"": 0.0, ""process_list"": 0.0, ""git_status"": 0.0, ""tail_log"": 0.0, ""kill_process"": 0.0, ""search_content"": 0.0, ""find_files"": 0.0, ""git_log"": 0.0, ""read_file"": 0.6900000000000001}",0.7,133,1692,292.7,jev-1.13.0
show me the file that uses the jpeg encoder library,truncated,2,3,read_file,done,0,0.58,"{""read_file"": 0.62, ""find_files"": 0.0, ""git_log"": 0.0, ""git_status"": 0.0, ""kill_process"": 0.0, ""cannot_proceed"": 0.0, ""port_listeners"": 0.0, ""list_files"": 0.0, ""disk_usage"": 0.0, ""tail_log"": 0.0, ""done"": 0.38, ""search_content"": 0.0, ""process_list"": 0.0}",0.69,178,1742,239.3,jev-1.13.0
show me the file that uses the jpeg encoder library,truncated,2,4,read_file,done,0,0.55,"{""disk_usage"": 0.0, ""tail_log"": 0.0, ""search_content"": 0.0, ""find_files"": 0.0, ""git_status"": 0.0, ""cannot_proceed"": 0.0, ""done"": 0.4, ""port_listeners"": 0.0, ""list_files"": 0.0, ""read_file"": 0.6, ""kill_process"": 0.0, ""process_list"": 0.0, ""git_log"": 0.0}",0.64,222,1792,286.0,jev-1.13.0
show me the file that uses the jpeg encoder library,truncated,2,5,read_file,done,0,0.55,"{""done"": 0.41, ""list_files"": 0.0, ""disk_usage"": 0.0, ""tail_log"": 0.0, ""find_files"": 0.0, ""port_listeners"": 0.0, ""read_file"": 0.59, ""git_status"": 0.0, ""process_list"": 0.0, ""search_content"": 0.0, ""kill_process"": 0.0, ""cannot_proceed"": 0.0, ""git_log"": 0.0}",0.66,267,1842,231.3,jev-1.13.0
find recently modified go files and show the most recent one,truncated,2,0,find_files,find_files,1,0.98,"{""kill_process"": 0.0, ""disk_usage"": 0.0, ""tail_log"": 0.0, ""list_files"": 0.0, ""done"": 0.01, ""git_status"": 0.0, ""search_content"": 0.0, ""find_files"": 0.99, ""read_file"": 0.0, ""cannot_proceed"": 0.0, ""port_listeners"": 0.0, ""git_log"": 0.0, ""process_list"": 0.0}",0.05,22,1542,308.4,jev-1.13.0
find recently modified go files and show the most recent one,truncated,2,1,read_file,read_file,1,0.37,"{""cannot_proceed"": 0.09, ""port_listeners"": 0.0, ""git_status"": 0.05, ""list_files"": 0.08, ""search_content"": 0.0, ""done"": 0.05, ""read_file"": 0.43, ""git_log"": 0.02, ""process_list"": 0.0, ""kill_process"": 0.0, ""find_files"": 0.28, ""tail_log"": 0.0, ""disk_usage"": 0.0}",0.09,59,1598,412.8,jev-1.13.0
find recently modified go files and show the most recent one,truncated,2,2,read_file,done,0,0.47,"{""tail_log"": 0.0, ""list_files"": 0.03, ""read_file"": 0.51, ""git_log"": 0.03, ""port_listeners"": 0.0, ""done"": 0.06, ""process_list"": 0.0, ""cannot_proceed"": 0.07, ""kill_process"": 0.0, ""find_files"": 0.27, ""disk_usage"": 0.0, ""git_status"": 0.03, ""search_content"": 0.0}",0.13,98,1646,221.8,jev-1.13.0
find recently modified go files and show the most recent one,truncated,2,3,read_file,done,0,0.41,"{""cannot_proceed"": 0.08, ""read_file"": 0.46, ""kill_process"": 0.0, ""port_listeners"": 0.0, ""git_status"": 0.03, ""process_list"": 0.0, ""tail_log"": 0.0, ""search_content"": 0.0, ""list_files"": 0.03, ""find_files"": 0.32, ""git_log"": 0.02, ""disk_usage"": 0.0, ""done"": 0.06}",0.09,138,1694,243.0,jev-1.13.0
find recently modified go files and show the most recent one,truncated,2,4,read_file,done,0,0.36,"{""disk_usage"": 0.0, ""kill_process"": 0.0, ""cannot_proceed"": 0.1, ""search_content"": 0.0, ""git_status"": 0.03, ""find_files"": 0.36, ""port_listeners"": 0.0, ""tail_log"": 0.0, ""process_list"": 0.0, ""done"": 0.05, ""list_files"": 0.02, ""git_log"": 0.02, ""read_file"": 0.42}",0.07,177,1742,270.0,jev-1.13.0
find recently modified go files and show the most recent one,truncated,2,5,find_files,done,0,0.49,"{""cannot_proceed"": 0.17, ""read_file"": 0.12, ""done"": 0.08, ""port_listeners"": 0.0, ""git_status"": 0.03, ""process_list"": 0.0, ""tail_log"": 0.0, ""search_content"": 0.0, ""list_files"": 0.04, ""find_files"": 0.54, ""git_log"": 0.02, ""disk_usage"": 0.0, ""kill_process"": 0.0}",0.05,216,1790,252.7,jev-1.13.0
read whichever readme is in the skills project,truncated,2,0,find_files,list_files,0,0.63,"{""find_files"": 0.67, ""git_log"": 0.0, ""port_listeners"": 0.0, ""tail_log"": 0.0, ""disk_usage"": 0.0, ""cannot_proceed"": 0.0, ""read_file"": 0.03, ""kill_process"": 0.0, ""process_list"": 0.0, ""search_content"": 0.0, ""done"": 0.0, ""list_files"": 0.3, ""git_status"": 0.0}",0.04,18,1540,295.2,jev-1.13.0
read whichever readme is in the skills project,truncated,2,1,find_files,read_file,0,0.42,"{""port_listeners"": 0.0, ""search_content"": 0.02, ""read_file"": 0.14, ""done"": 0.0, ""list_files"": 0.36, ""process_list"": 0.0, ""git_log"": 0.0, ""cannot_proceed"": 0.0, ""kill_process"": 0.0, ""tail_log"": 0.0, ""disk_usage"": 0.0, ""find_files"": 0.48, ""git_status"": 0.0}",0.05,49,1584,240.4,jev-1.13.0
read whichever readme is in the skills project,truncated,2,2,find_files,done,0,0.51,"{""git_status"": 0.0, ""read_file"": 0.11, ""cannot_proceed"": 0.01, ""port_listeners"": 0.0, ""process_list"": 0.0, ""find_files"": 0.54, ""search_content"": 0.03, ""tail_log"": 0.0, ""list_files"": 0.3, ""done"": 0.01, ""git_log"": 0.0, ""kill_process"": 0.0, ""disk_usage"": 0.0}",0.04,80,1629,268.4,jev-1.13.0
read whichever readme is in the skills project,truncated,2,3,find_files,done,0,0.37,"{""find_files"": 0.43, ""git_log"": 0.0, ""list_files"": 0.35, ""git_status"": 0.0, ""search_content"": 0.03, ""done"": 0.01, ""process_list"": 0.0, ""port_listeners"": 0.0, ""read_file"": 0.17, ""kill_process"": 0.0, ""cannot_proceed"": 0.01, ""tail_log"": 0.0, ""disk_usage"": 0.0}",0.04,111,1674,228.4,jev-1.13.0
read whichever readme is in the skills project,truncated,2,4,find_files,done,0,0.43,"{""find_files"": 0.48, ""git_log"": 0.0, ""process_list"": 0.0, ""git_status"": 0.0, ""disk_usage"": 0.0, ""done"": 0.01, ""search_content"": 0.04, ""list_files"": 0.34, ""read_file"": 0.12, ""kill_process"": 0.0, ""cannot_proceed"": 0.01, ""port_listeners"": 0.0, ""tail_log"": 0.0}",0.03,143,1719,328.4,jev-1.13.0
read whichever readme is in the skills project,truncated,2,5,find_files,done,0,0.37,"{""kill_process"": 0.0, ""search_content"": 0.03, ""git_log"": 0.0, ""tail_log"": 0.0, ""read_file"": 0.15, ""process_list"": 0.0, ""port_listeners"": 0.0, ""find_files"": 0.42, ""disk_usage"": 0.0, ""git_status"": 0.0, ""done"": 0.01, ""cannot_proceed"": 0.01, ""list_files"": 0.38}",0.03,174,1764,265.3,jev-1.13.0
tail whichever npm log has the most content in it,truncated,2,0,find_files,find_files,1,0.71,"{""port_listeners"": 0.0, ""tail_log"": 0.02, ""process_list"": 0.0, ""search_content"": 0.01, ""find_files"": 0.73, ""kill_process"": 0.0, ""list_files"": 0.18, ""read_file"": 0.0, ""disk_usage"": 0.04, ""git_status"": 0.0, ""cannot_proceed"": 0.02, ""git_log"": 0.0, ""done"": 0.0}",0.03,19,1541,275.3,jev-1.13.0
tail whichever npm log has the most content in it,truncated,2,1,tail_log,tail_log,1,1.0,"{""cannot_proceed"": 0.0, ""tail_log"": 1.0, ""find_files"": 0.0, ""git_log"": 0.0, ""list_files"": 0.0, ""port_listeners"": 0.0, ""search_content"": 0.0, ""read_file"": 0.0, ""kill_process"": 0.0, ""done"": 0.0, ""process_list"": 0.0, ""disk_usage"": 0.0, ""git_status"": 0.0}",0.1,87,1736,219.3,jev-1.13.0
tail whichever npm log has the most content in it,truncated,2,2,tail_log,done,0,0.64,"{""cannot_proceed"": 0.01, ""tail_log"": 0.67, ""git_log"": 0.0, ""list_files"": 0.0, ""find_files"": 0.0, ""port_listeners"": 0.0, ""search_content"": 0.0, ""read_file"": 0.0, ""kill_process"": 0.0, ""done"": 0.32, ""process_list"": 0.0, ""disk_usage"": 0.0, ""git_status"": 0.0}",0.55,129,1803,277.1,jev-1.13.0
tail whichever npm log has the most content in it,truncated,2,3,tail_log,done,0,0.75,"{""port_listeners"": 0.0, ""list_files"": 0.0, ""git_status"": 0.0, ""git_log"": 0.0, ""kill_process"": 0.0, ""disk_usage"": 0.0, ""find_files"": 0.0, ""cannot_proceed"": 0.01, ""read_file"": 0.0, ""tail_log"": 0.78, ""process_list"": 0.0, ""search_content"": 0.0, ""done"": 0.21}",0.36,172,1870,291.0,jev-1.13.0
tail whichever npm log has the most content in it,truncated,2,4,tail_log,done,0,0.77,"{""tail_log"": 0.79, ""port_listeners"": 0.0, ""disk_usage"": 0.0, ""kill_process"": 0.0, ""read_file"": 0.01, ""git_log"": 0.0, ""process_list"": 0.0, ""done"": 0.17, ""find_files"": 0.0, ""git_status"": 0.0, ""search_content"": 0.0, ""cannot_proceed"": 0.03, ""list_files"": 0.0}",0.23,215,1937,248.1,jev-1.13.0
tail whichever npm log has the most content in it,truncated,2,5,tail_log,done,0,0.76,"{""cannot_proceed"": 0.04, ""port_listeners"": 0.0, ""disk_usage"": 0.0, ""done"": 0.16, ""list_files"": 0.0, ""process_list"": 0.0, ""git_status"": 0.0, ""tail_log"": 0.79, ""kill_process"": 0.0, ""search_content"": 0.0, ""find_files"": 0.0, ""git_log"": 0.0, ""read_file"": 0.01}",0.2,258,2004,260.2,jev-1.13.0
show the most recently changed file in the skills repo,truncated,2,0,find_files,find_files,1,0.56,"{""list_files"": 0.05, ""search_content"": 0.0, ""cannot_proceed"": 0.01, ""find_files"": 0.59, ""git_status"": 0.15, ""kill_process"": 0.0, ""disk_usage"": 0.0, ""git_log"": 0.2, ""port_listeners"": 0.0, ""done"": 0.0, ""read_file"": 0.0, ""process_list"": 0.0, ""tail_log"": 0.0}",0.03,20,1541,254.2,jev-1.13.0
show the most recently changed file in the skills repo,truncated,2,1,done,read_file,0,0.21,"{""done"": 0.27, ""git_log"": 0.14, ""port_listeners"": 0.0, ""tail_log"": 0.0, ""search_content"": 0.0, ""process_list"": 0.0, ""read_file"": 0.05, ""kill_process"": 0.0, ""disk_usage"": 0.0, ""git_status"": 0.17, ""cannot_proceed"": 0.02, ""list_files"": 0.09, ""find_files"": 0.26}",0.2,36,1569,268.4,jev-1.13.0
tail whichever npm log is newest,truncated,2,0,find_files,find_files,1,0.95,"{""kill_process"": 0.0, ""tail_log"": 0.01, ""cannot_proceed"": 0.01, ""git_log"": 0.0, ""search_content"": 0.0, ""read_file"": 0.0, ""list_files"": 0.03, ""port_listeners"": 0.0, ""process_list"": 0.0, ""disk_usage"": 0.0, ""git_status"": 0.0, ""done"": 0.0, ""find_files"": 0.95}",0.04,15,1537,327.4,jev-1.13.0
tail whichever npm log is newest,truncated,2,1,tail_log,tail_log,1,0.97,"{""kill_process"": 0.0, ""tail_log"": 0.98, ""cannot_proceed"": 0.0, ""git_log"": 0.0, ""search_content"": 0.0, ""read_file"": 0.0, ""port_listeners"": 0.0, ""list_files"": 0.0, ""process_list"": 0.0, ""disk_usage"": 0.0, ""git_status"": 0.0, ""done"": 0.0, ""find_files"": 0.02}",0.07,74,1704,311.0,jev-1.13.0
tail whichever npm log is newest,truncated,2,2,done,done,1,0.85,"{""tail_log"": 0.11, ""port_listeners"": 0.0, ""process_list"": 0.0, ""list_files"": 0.0, ""git_log"": 0.0, ""search_content"": 0.0, ""find_files"": 0.02, ""git_status"": 0.0, ""kill_process"": 0.0, ""done"": 0.87, ""read_file"": 0.0, ""cannot_proceed"": 0.0, ""disk_usage"": 0.0}",0.76,139,1793,209.7,jev-1.13.0
deploy the app to production,truncated,2,0,cannot_proceed,cannot_proceed,1,0.86,"{""read_file"": 0.0, ""find_files"": 0.01, ""git_log"": 0.01, ""search_content"": 0.0, ""done"": 0.0, ""cannot_proceed"": 0.88, ""port_listeners"": 0.0, ""git_status"": 0.08, ""disk_usage"": 0.0, ""tail_log"": 0.0, ""kill_process"": 0.0, ""list_files"": 0.02, ""process_list"": 0.0}",0.05,14,1536,229.5,jev-1.13.0
send a message to the team on slack,truncated,2,0,cannot_proceed,cannot_proceed,1,1.0,"{""git_status"": 0.0, ""search_content"": 0.0, ""port_listeners"": 0.0, ""read_file"": 0.0, ""find_files"": 0.0, ""disk_usage"": 0.0, ""tail_log"": 0.0, ""kill_process"": 0.0, ""git_log"": 0.0, ""done"": 0.0, ""process_list"": 0.0, ""cannot_proceed"": 1.0, ""list_files"": 0.0}",0.04,15,1539,262.6,jev-1.13.0
rename this file to something else,truncated,2,0,cannot_proceed,cannot_proceed,1,0.89,"{""port_listeners"": 0.0, ""list_files"": 0.01, ""find_files"": 0.07, ""process_list"": 0.0, ""tail_log"": 0.0, ""disk_usage"": 0.0, ""git_log"": 0.0, ""cannot_proceed"": 0.91, ""read_file"": 0.0, ""done"": 0.0, ""kill_process"": 0.0, ""search_content"": 0.0, ""git_status"": 0.01}",0.04,15,1537,218.0,jev-1.13.0
install the missing npm dependency,truncated,2,0,cannot_proceed,cannot_proceed,1,0.53,"{""port_listeners"": 0.0, ""list_files"": 0.19, ""disk_usage"": 0.0, ""tail_log"": 0.02, ""done"": 0.0, ""git_log"": 0.0, ""read_file"": 0.12, ""process_list"": 0.0, ""search_content"": 0.04, ""cannot_proceed"": 0.57, ""kill_process"": 0.0, ""git_status"": 0.01, ""find_files"": 0.05}",0.04,15,1536,229.9,jev-1.13.0
what's the most recent commit in driftmark,truncated,2,0,git_log,git_log,1,0.98,"{""tail_log"": 0.0, ""git_log"": 0.98, ""read_file"": 0.0, ""done"": 0.0, ""cannot_proceed"": 0.0, ""port_listeners"": 0.0, ""list_files"": 0.01, ""process_list"": 0.0, ""kill_process"": 0.0, ""git_status"": 0.0, ""find_files"": 0.01, ""disk_usage"": 0.0, ""search_content"": 0.0}",0.02,17,1541,336.3,jev-1.13.0
what's the most recent commit in driftmark,truncated,2,1,done,done,1,0.99,"{""tail_log"": 0.0, ""done"": 0.99, ""port_listeners"": 0.0, ""read_file"": 0.0, ""find_files"": 0.0, ""list_files"": 0.0, ""disk_usage"": 0.0, ""kill_process"": 0.0, ""search_content"": 0.0, ""git_log"": 0.01, ""git_status"": 0.0, ""cannot_proceed"": 0.0, ""process_list"": 0.0}",0.88,46,1597,276.8,jev-1.13.0
what does the go module for glow require,truncated,2,0,read_file,read_file,1,0.97,"{""port_listeners"": 0.0, ""find_files"": 0.01, ""done"": 0.0, ""process_list"": 0.0, ""kill_process"": 0.0, ""list_files"": 0.0, ""read_file"": 0.98, ""git_status"": 0.0, ""cannot_proceed"": 0.0, ""disk_usage"": 0.0, ""search_content"": 0.01, ""tail_log"": 0.0, ""git_log"": 0.0}",0.03,17,1539,249.2,jev-1.13.0
what does the go module for glow require,truncated,2,1,read_file,done,0,0.88,"{""git_log"": 0.0, ""tail_log"": 0.0, ""disk_usage"": 0.0, ""git_status"": 0.0, ""process_list"": 0.0, ""port_listeners"": 0.0, ""find_files"": 0.0, ""search_content"": 0.0, ""cannot_proceed"": 0.0, ""kill_process"": 0.0, ""read_file"": 0.89, ""list_files"": 0.0, ""done"": 0.11}",0.07,42,1583,236.7,jev-1.13.0
what does the go module for glow require,truncated,2,2,read_file,done,0,0.95,"{""find_files"": 0.0, ""git_log"": 0.0, ""process_list"": 0.0, ""git_status"": 0.0, ""read_file"": 0.96, ""done"": 0.03, ""cannot_proceed"": 0.01, ""list_files"": 0.0, ""search_content"": 0.0, ""disk_usage"": 0.0, ""kill_process"": 0.0, ""port_listeners"": 0.0, ""tail_log"": 0.0}",0.07,69,1628,286.4,jev-1.13.0
what does the go module for glow require,truncated,2,3,read_file,done,0,0.95,"{""cannot_proceed"": 0.01, ""read_file"": 0.96, ""git_status"": 0.0, ""port_listeners"": 0.0, ""done"": 0.03, ""process_list"": 0.0, ""tail_log"": 0.0, ""search_content"": 0.0, ""list_files"": 0.0, ""find_files"": 0.0, ""git_log"": 0.0, ""disk_usage"": 0.0, ""kill_process"": 0.0}",0.06,95,1673,281.9,jev-1.13.0
what does the go module for glow require,truncated,2,4,read_file,done,0,0.95,"{""tail_log"": 0.0, ""list_files"": 0.0, ""read_file"": 0.96, ""git_log"": 0.0, ""process_list"": 0.0, ""done"": 0.03, ""port_listeners"": 0.0, ""git_status"": 0.0, ""find_files"": 0.0, ""cannot_proceed"": 0.01, ""disk_usage"": 0.0, ""kill_process"": 0.0, ""search_content"": 0.0}",0.05,121,1718,335.0,jev-1.13.0
what does the go module for glow require,truncated,2,5,read_file,done,0,0.95,"{""git_status"": 0.0, ""port_listeners"": 0.0, ""cannot_proceed"": 0.01, ""git_log"": 0.0, ""kill_process"": 0.0, ""disk_usage"": 0.0, ""list_files"": 0.0, ""process_list"": 0.0, ""search_content"": 0.0, ""tail_log"": 0.0, ""find_files"": 0.0, ""read_file"": 0.97, ""done"": 0.02}",0.05,147,1763,413.8,jev-1.13.0
are there uncommitted changes in the hermes project,truncated,2,0,git_status,git_status,1,0.88,"{""port_listeners"": 0.0, ""git_log"": 0.0, ""disk_usage"": 0.0, ""kill_process"": 0.0, ""read_file"": 0.0, ""git_status"": 0.9, ""search_content"": 0.0, ""cannot_proceed"": 0.0, ""tail_log"": 0.0, ""process_list"": 0.0, ""done"": 0.1, ""find_files"": 0.0, ""list_files"": 0.0}",0.46,19,1542,249.5,jev-1.13.0
are there uncommitted changes in the hermes project,truncated,2,1,done,done,1,0.88,"{""list_files"": 0.01, ""process_list"": 0.0, ""cannot_proceed"": 0.0, ""disk_usage"": 0.0, ""git_log"": 0.0, ""find_files"": 0.0, ""kill_process"": 0.0, ""git_status"": 0.09, ""port_listeners"": 0.0, ""done"": 0.89, ""read_file"": 0.01, ""search_content"": 0.0, ""tail_log"": 0.0}",0.88,37,1572,240.4,jev-1.13.0
which skill docs were modified,truncated,2,0,git_status,git_status,1,0.86,"{""tail_log"": 0.0, ""done"": 0.01, ""read_file"": 0.0, ""port_listeners"": 0.0, ""find_files"": 0.08, ""list_files"": 0.0, ""disk_usage"": 0.0, ""process_list"": 0.0, ""search_content"": 0.0, ""git_log"": 0.03, ""git_status"": 0.87, ""cannot_proceed"": 0.01, ""kill_process"": 0.0}",0.07,14,1536,240.3,jev-1.13.0
which skill docs were modified,truncated,2,1,done,done,1,0.91,"{""port_listeners"": 0.0, ""search_content"": 0.0, ""read_file"": 0.05, ""done"": 0.92, ""list_files"": 0.0, ""cannot_proceed"": 0.0, ""git_log"": 0.02, ""process_list"": 0.0, ""kill_process"": 0.0, ""tail_log"": 0.0, ""disk_usage"": 0.0, ""find_files"": 0.0, ""git_status"": 0.01}",0.85,32,1566,254.8,jev-1.13.0
